:020000040000FA
:10000000FF004C6174746963652053656D69636FAB
:100010006E647563746F7220436F72706F72617477
:10002000696F6E2042697473747265616D00566504
:100030007273696F6E3A20202020202020202044F7
:1000400069616D6F6E64202836342D6269742920D1
:10005000332E31322E312E343534004269747374AC
:100060007265616D205374617475733A2046696ED0
:10007000616C2056657273696F6E20342E390044AE
:10008000657369676E206E616D653A204353495F01
:1000900043616D6572615F696D706C312E6E636472
:1000A000004172636869746563747572653A2073A0
:1000B0006E3577303000506172743A204C49462DCD
:1000C0004D44363030302D36434B46424741383070
:1000D00000446174653A2053756E2041707220307F
:1000E000372032313A30373A33352032303234002B
:1000F000526F77733A203536323400436F6C733A5F
:100100002032303600426974733A20313135383547
:10011000343400526561646261636B3A20202020B0
:10012000204F66660053656375726974793A2020C2
:100130002020204F66660042697473747265616D99
:10014000204352433A2030784443393300FFFFFFC5
:10015000BDB3FFFFFFFF3B000000E2000000012CE9
:100160000043220000004000003C46000000829155
:1001700015F8000000000000000000000000000072
:100180000000000000000000000000008F1FFF00C2
:10019000000000000000000000000000000000005F
:1001A000000000000000000000C0D7FF00000000B9
:1001B000000000000000000000000000000000003F
:1001C000000000000000C0D7FF0000000000000099
:1001D000000000000000000000000000000000001F
:1001E000000000C0D7FF0000000000000000000079
:1001F00000000000000000000000000000000000FF
:10020000C0D7FF0000000000000000000000000058
:1002100000000000000000000000000000C0D7FF48
:1002200000000000000000000000000000000000CE
:1002300000000000000000000000C0D7FF00000028
:1002400000000000000000000000000000000000AE
:1002500000000000000000C0D7FF00000000000008
:10026000000000000000000000000000000000008E
:1002700000000000C0D7FF000000000000000000E8
:10028000000000000000000000000000000000006E
:1002900000C0D7FF000000000000000000000000C8
:1002A0000000000000000000000000000000C0D7B7
:1002B000FF0000000000000000000000000000003F
:1002C0000000000000000000000000C0D7FF000098
:1002D000000000000000000000000000000000001E
:1002E0000000000000000000C0D7FF000000000078
:1002F00000000000000000000000000000000000FE
:100300000000000000C0D7FF000000000000000057
:1003100000000000000000000000000000000000DD
:100320000000C0D7FF000000000000000000000037
:10033000000000000000000000000000000000C0FD
:10034000D7FF0000000000000000000000000000D7
:10035000000000000000000000000000C0D7FF0007
:10036000000000000000000000000000000000008D
:10037000000000000000000000C0D7FF00000000E7
:10038000000000000000000000000000000000006D
:10039000000000000000C0D7FF00000000000000C7
:1003A000000000000000000000000000000000004D
:1003B000000000C0D7FF00000000000000000000A7
:1003C000000000000000000000000000000000002D
:1003D000C0D7FF0000000000000000000000000087
:1003E00000000000000000000000000000C0D7FF77
:1003F00000000000000000000000000000000000FD
:1004000000000000000000000000C0D7FF00000056
:1004100000000000000000000000000000000000DC
:1004200000000000000000C0D7FF00000000000036
:1004300000000000000000000000000000000000BC
:1004400000000000C0D7FF00000000000000000016
:10045000000000000000000000000000000000009C
:1004600000C0D7FF000000000000000000000000F6
:100470000000000000000000000000000000C0D7E5
:10048000FF0000000000000000000000000000006D
:100490000000000000000000000000C0D7FF0000C6
:1004A000000000000000000000000000000000004C
:1004B0000000000000000000C0D7FF0000000000A6
:1004C000000000000000000000000000000000002C
:1004D0000000000000C0D7FF000000000000000086
:1004E000000000000000000000000000000000000C
:1004F0000000C0D7FF000000000000000000000066
:10050000000000000000000000000000000000C02B
:10051000D7FF000000000000000000000000000005
:10052000000000000000000000000000C0D7FF0035
:1005300000000000000000000000000000000000BB
:10054000000000000000000000C0D7FF0000000015
:10055000000000000000000000000000000000009B
:10056000000000000000C0D7FF00000000000000F5
:10057000000000000000000000000000000000007B
:10058000000000C0D7FF00000000000000000000D5
:10059000000000000000000000000000000000005B
:1005A000C0D7FF00000000000000000000000000B5
:1005B00000000000000000000000000000C0D7FFA5
:1005C000000000000000000000000000000000002B
:1005D00000000000000000000000C0D7FF00000085
:1005E000000000000000000000000000000000000B
:1005F00000000000000000C0D7FF00000000000065
:1006000000000000000000000000000000000000EA
:1006100000000000C0D7FF00000000000000000044
:1006200000000000000000000000000000000000CA
:1006300000C0D7FF00000000000000000000000024
:100640000000000000000000000000000000C0D713
:10065000FF0000000000000000000000000000009B
:100660000000000000000000000000C0D7FF0000F4
:10067000000000000000000000000000000000007A
:100680000000000000000000C0D7FF0000000000D4
:10069000000000000000000000000000000000005A
:1006A0000000000000C0D7FF0000000000000000B4
:1006B000000000000000000000000000000000003A
:1006C0000000C0D7FF000000000000000000000094
:1006D000000000000000000000000000000000C05A
:1006E000D7FF000000000000000000000000000034
:1006F000000000000000000000000000C0D7FF0064
:1007000000000000000000000000000000000000E9
:10071000000000000000000000C0D7FF0000000043
:1007200000000000000000000000000000000000C9
:10073000000000000000C0D7FF0000000000000023
:1007400000000000000000000000000000000000A9
:10075000000000C0D7FF0000000000000000000003
:100760000000000000000000000000000000000089
:10077000C0D7FF00000000000000000000000000E3
:1007800000000000000000000000000000C0D7FFD3
:100790000000000000000000000000000000000059
:1007A00000000000000000000000C0D7FF000000B3
:1007B0000000000000000000000000000000000039
:1007C00000000000000000C0D7FF00000000000093
:1007D0000000000000000000000000000000000019
:1007E00000000000C0D7FF00000000000000000073
:1007F00000000000000000000000000000000000F9
:1008000000C0D7FF00000000000000000000000052
:100810000000000000000000000000000000C0D741
:10082000FF000000000000000000000000000000C9
:100830000000000000000000000000C0D7FF000022
:1008400000000000000000000000000000000000A8
:100850000000000000000000C0D7FF000000000002
:100860000000000000000000000000000000000088
:100870000000000000C0D7FF0000000000000000E2
:100880000000000000000000000000000000000068
:100890000000C0D7FF0000000000000000000000C2
:1008A000000000000000000000000000000000C088
:1008B000D7FF000000000000000000000000000062
:1008C000000000000000000000000000C0D7FF0092
:1008D0000000000000000000000000000000000018
:1008E000000000000000000000C0D7FF0000000072
:1008F00000000000000000000000000000000000F8
:10090000000000000000C0D7FF0000000000000051
:1009100000000000000000000000000000000000D7
:10092000000000C0D7FF0000000000000000000031
:1009300000000000000000000000000000000000B7
:10094000C0D7FF0000000000000000000000000011
:1009500000000000000000000000000000C0D7FF01
:100960000000000000000000000000000000000087
:1009700000000000000000000000C0D7FF000000E1
:100980000000000000000000000000000000000067
:1009900000000000000000C0D7FF000000000000C1
:1009A0000000000000000000000000000000000047
:1009B00000000000C0D7FF000000000000000000A1
:1009C0000000000000000000000000000000000027
:1009D00000C0D7FF00000000000000000000000081
:1009E0000000000000000000000000000000C0D770
:1009F000FF000000000000000000000000000000F8
:100A00000000000000000000000000C0D7FF000050
:100A100000000000000000000000000000000000D6
:100A20000000000000000000C0D7FF000000000030
:100A300000000000000000000000000000000000B6
:100A40000000000000C0D7FF000000000000000010
:100A50000000000000000000000000000000000096
:100A60000000C0D7FF0000000000000000000000F0
:100A7000000000000000000000000000000000C0B6
:100A8000D7FF000000000000000000000000000090
:100A9000000000000000000000000000C0D7FF00C0
:100AA0000000000000000000000000000000000046
:100AB000000000000000000000C0D7FF00000000A0
:100AC0000000000000000000000000000000000026
:100AD000000000000000C0D7FF0000000000000080
:100AE0000000000000000000000000000000000006
:100AF000000000C0D7FF0000000000000000000060
:100B000000000000000000000000000000000000E5
:100B1000C0D7FF000000000000000000000000003F
:100B200000000000000000000000000000C0D7FF2F
:100B300000000000000000000000000000000000B5
:100B400000000000000000000000C0D7FF0000000F
:100B50000000000000000000000000000000000095
:100B600000000000000000C0D7FF000000000000EF
:100B70000000000000000000000000000000000075
:100B800000000000C0D7FF000000000000000000CF
:100B90000000000000000000000000000000000055
:100BA00000C0D7FF000000000000000000000000AF
:100BB0000000000000000000000000000000C0D79E
:100BC000FF00000000000000000000000000000026
:100BD0000000000000000000000000C0D7FF00007F
:100BE0000000000000000000000000000000000005
:100BF0000000000000000000C0D7FF00000000005F
:100C000000000000000000000000000000000000E4
:100C10000000000000C0D7FF00000000000000003E
:100C200000000000000000000000000000000000C4
:100C30000000C0D7FF00000000000000000000001E
:100C4000000000000000000000000000000000C0E4
:100C5000D7FF0000000000000000000000000000BE
:100C6000000000000000000000000000C0D7FF00EE
:100C70000000000000000000000000000000000074
:100C8000000000000000000000C0D7FF00000000CE
:100C90000000000000000000000000000000000054
:100CA000000000000000C0D7FF00000000000000AE
:100CB0000000000000000000000000000000000034
:100CC000000000C0D7FF000000000000000000008E
:100CD0000000000000000000000000000000000014
:100CE000C0D7FF000000000000000000000000006E
:100CF00000000000000000000000000000C0D7FF5E
:100D000000000000000000000000000000000000E3
:100D100000000000000000000000C0D7FF0000003D
:100D200000000000000000000000000000000000C3
:100D300000000000000000C0D7FF0000000000001D
:100D400000000000000000000000000000000000A3
:100D500000000000C0D7FF000000000000000000FD
:100D60000000000000000000000000000000000083
:100D700000C0D7FF000000000000000000000000DD
:100D80000000000000000000000000000000C0D7CC
:100D9000FF00000000000000000000000000000054
:100DA00004800000000000000000009F77FF0000AA
:100DB0000000000000000000000000000000000033
:100DC0000000000000000000C0D7FF00000000008D
:100DD0000000000000000000000000000000000013
:100DE0000000000000C0D7FF00000000000000006D
:100DF0000000000000000002800000000000000071
:100E00000000E0F7FF00000000000000000000000C
:100E1000000000000000000000000000000000C012
:100E2000D7FF0000000000000000000000000000EC
:100E3000000000000000000000000000C0D7FF001C
:100E400000000000000000000000000000000000A2
:100E5000000000000000000000C0D7FF00000000FC
:100E60000000000000000000000000000000000082
:100E7000000000000000C0D7FF00000000000000DC
:100E80000000000000000000000000000000000062
:100E9000000000C0D7FF00000000000000000000BC
:100EA0000000000000000000000000000000000042
:100EB000C0D7FF000000000000000000000000009C
:100EC00000000000000000000000000000C0D7FF8C
:100ED0000000000000000000000000000000000012
:100EE00000000000000000000000C0D7FF0000006C
:100EF00000000000000000000000000000000000F2
:100F000000000000000000C0D7FF0000000000004B
:100F100000000000000000000000000000000000D1
:100F200000000000C0D7FF0000000000000000002B
:100F300000000000000000000000000000000000B1
:100F400000C0D7FF0000000000000000000000000B
:100F50000000000000000000000000000000C0D7FA
:100F6000FF00000000000000000000000000000082
:100F70000000000000000000000000C0D7FF0000DB
:100F80000000000000000000000000000000000061
:100F90000000000000000000C0D7FF0000000000BB
:100FA0000000000000000000000000000000000041
:100FB0000000000000C0D7FF00000000000000009B
:100FC0000000000000000000000000000000000021
:100FD0000000C0D7FF00000000000000000000007B
:100FE000000000000000000000000000000000C041
:100FF000D7FF00000000000000000000000000001B
:10100000000000000000000000000000C0D7FF004A
:1010100000000000000000000008000000000000C8
:1010200000000000000000000070E4FF000000006D
:1010300000000100010000000000000000000000AE
:10104000000000000000ACBBFF000000000000003A
:101050000000000000000000000000000000000090
:10106000000000C0D7FF000000000000000000806A
:101070000000000000000000000000000000000070
:101080004ADEFF00000000000000800000100000A9
:10109000000000000000000000000000009C8BFF2A
:1010A0000000000000000000000000000000000040
:1010B00000000000000000000000C0D7FF0000009A
:1010C0000000000000000000000000000000000020
:1010D00000000000000000C0D7FF0000000000007A
:1010E0000000000000000000000000000000000000
:1010F00000000000C0D7FF0000000000000000005A
:1011000000000000000000000000000000000000DF
:1011100000C0D7FF00000000000000000000000039
:101120000000000000000000000000000000C0D728
:10113000FF000000000000000000000000000000B0
:101140000000000000000000000000C0D7FF000009
:10115000000000000000000000000000000000008F
:101160000000000000000000C0D7FF0000000000E9
:10117000000000000000000000000000000000006F
:101180000000000000C0D7FF0000000000000000C9
:10119000000000000000000000000000000000004F
:1011A0000000C0D7FF0000000000000000000000A9
:1011B000000000000000000000000000000000C06F
:1011C000D7FF000000000000000000000000000049
:1011D000000000000000000000000000C0D7FF0079
:1011E00000000000000000000000000000000000FF
:1011F000000000000000000000C0D7FF0000000059
:1012000000000000000000000000000000000000DE
:10121000000000000000C0D7FF0000000000000038
:1012200000000000000000000000000000000000BE
:10123000000000C0D7FF0000000000000000000018
:10124000000000000000000000000000000000009E
:10125000C0D7FF00000000000000000000000000F8
:1012600000000000000000000000000000C0D7FFE8
:10127000000000000000000000000000000000006E
:1012800000000000000000000000C0D7FF000000C8
:10129000000000000000000000000000000000004E
:1012A00000000000000000C0D7FF000000000000A8
:1012B000000000000000000000000000000000002E
:1012C00000000000C0D7FF00000000000000000088
:1012D000000000000000000000000000000000000E
:1012E00000C0D7FF00000000000000000000000068
:1012F0000000000000000000000000000000C0D757
:10130000FF000000000000000000000000000000DE
:101310000000000000000000000000C0D7FF000037
:1013200000000000000000000000000000000000BD
:101330000000000000000000C0D7FF000000000017
:10134000000000000000000000000000000000009D
:101350000000000000C0D7FF0000000000000000F7
:10136000000000000000000000000000000000007D
:101370000000C0D7FF0000000000000000000000D7
:10138000000000000000000000000000000000C09D
:10139000D7FF000000000000000000000000000077
:1013A000000000000000000000000000C0D7FF00A7
:1013B000000000000000000000000000000000002D
:1013C000000000000000000000C0D7FF0000000087
:1013D000000000000000000000000000000000000D
:1013E000000000000000C0D7FF0000000000000067
:1013F00000000000000000000000000000000000ED
:10140000000000C0D7FF0000000000000000000046
:1014100000000000000000000000000000000000CC
:10142000C0D7FF00000000000000000000800000A6
:101430000000000000000000000000000043DEFF8C
:10144000000000000000000000000000000000009C
:1014500000000000000000000000C0D7FF000000F6
:101460000000000008000000000000000000000074
:1014700000000000000000E314FF00000000000076
:1014800000000000800000000000000000000000DC
:101490000000000043DEFF0000000000000000002C
:1014A000000000000000000000000000000000003C
:1014B00000C0D7FF00000000000000000000000096
:1014C0000000000000000000000000000000C0D785
:1014D000FF00000000000000080000000000000005
:1014E0000000000000000000000000E314FF000006
:1014F00000000000000000000000000000000000EC
:101500000000000000000000C0D7FF000000000045
:1015100000000000000000000000000000000000CB
:101520000000000000C0D7FF000000000000000025
:1015300000000000000000000000000000000000AB
:101540000000C0D7FF000000000000000000000005
:10155000000000000000000000000000000000C0CB
:10156000D7FF0000000000000000000000000000A5
:10157000000000000000000000000000C0D7FF00D5
:10158000000000000000000000000000000000005B
:10159000000000000000000000C0D7FF00000000B5
:1015A000000000000000000000000000000000003B
:1015B000000000000000C0D7FF0000000000000095
:1015C000000000000000000000000000000000001B
:1015D000000000C0D7FF0000000000000000000075
:1015E00000000000000000000000000000000000FB
:1015F000C0D7FF0000000000000000000000000055
:1016000000000000000000000000000000C0D7FF44
:1016100000000000000000000000000000000000CA
:1016200000000000000000000000C0D7FF00000024
:1016300000000000000000000000000000000000AA
:1016400000000000000000C0D7FF00000000000004
:10165000000000000000000000000000000000008A
:1016600000000000C0D7FF000000000000000000E4
:10167000000000000000000000000000000000006A
:1016800000C0D7FF000000000000000000000000C4
:101690000000000000000000000000000000C0D7B3
:1016A000FF0000000000000000000000000000003B
:1016B0000000000000000000000000C0D7FF000094
:1016C000000000000000000000000000000000001A
:1016D0000000000000000000C0D7FF000000000074
:1016E00000000000000000000000000000000000FA
:1016F0000000000000C0D7FF000000000000000054
:1017000000000000000000000000000000000000D9
:101710000000C0D7FF000000000000000000000033
:10172000000000000000000000000000000000C0F9
:10173000D7FF0000000000000000000000000000D3
:10174000000000000000000000000000C0D7FF0003
:101750000000000000000000000000000000000089
:10176000000000000000000000C0D7FF00000000E3
:101770000000000000000000000000000000000069
:10178000000000000000C0D7FF00000000000000C3
:101790000000000000000000000000000000000049
:1017A000000000C0D7FF00000000000000000000A3
:1017B0000000000000000000000000000000000029
:1017C000C0D7FF0000000000000000000000000083
:1017D00000000000000000000000000000C0D7FF73
:1017E00000000000000000000000000000000000F9
:1017F00000000000000000000000C0D7FF00000053
:1018000000000000000000000000000000000000D8
:1018100000000000000000C0D7FF00000000000032
:1018200000000000000000000000000000000000B8
:1018300000000000C0D7FF00000000000000000012
:101840000000000000000000000000000000000098
:1018500000C0D7FF000000000000000000000000F2
:101860000000000000000000000000000000C0D7E1
:10187000FF00000000000000000000000000000069
:101880000000000000000000000000C0D7FF0000C2
:101890000000000000000000000000000000000048
:1018A0000000000000000000C0D7FF0000000000A2
:1018B0000000000000000000000000000000000028
:1018C0000000000000C0D7FF000000000000000082
:1018D0000000000000000000000000000000000008
:1018E0000000C0D7FF000000000000000000000062
:1018F000000000000000000000000000000000C028
:10190000D7FF000000000000000000000000000001
:10191000000000000000000000000000C0D7FF0031
:1019200000000000000000000000000000000000B7
:10193000000000000000000000C0D7FF0000000011
:101940000000000000000000000000000000000097
:10195000000000000000C0D7FF00000000000000F1
:101960000000000000000000000000000000000077
:10197000000000C0D7FF00000000000000000000D1
:101980000000000000000000000000000000000057
:10199000C0D7FF0000000000001000001000000091
:1019A00000000000000000000000000000A606FF8C
:1019B0000000000000000000000000000000000027
:1019C00000000000000000000000C0D7FF00000081
:1019D00000000000000000000000000000100000F7
:1019E000000000000000004180FF00000000000037
:1019F00000040000000000000000000000000000E3
:101A0000000000001134FF00000000000000000092
:101A100000000000000000000000000000000000C6
:101A200000C0D7FF00000000000000000000000020
:101A30000000000008000000000000000000407EE0
:101A4000FF00000000000000020000000000000095
:101A500000000000000000000000006824FF0000FB
:101A60000000000000000000000000000000000076
:101A70000000000000000000C0D7FF0000000000D0
:101A80000000000000000000000000000000000056
:101A90000000000000C0D7FF0000000000000000B0
:101AA0000000000000000000000000000000000036
:101AB0000000C0D7FF000000000000000000000090
:101AC000000000000000000000000000000000C056
:101AD000D7FF000000000000000000000000000030
:101AE000000000000000000000000000C0D7FF0060
:101AF00000000000000000000000000000000000E6
:101B0000000000000000000000C0D7FF000000003F
:101B100000000000000000000000000000000000C5
:101B2000000000000000C0D7FF000000000000001F
:101B300000020200000000000000000000000000A1
:101B4000000000E4D7FF0000000000000082000257
:101B50000000000000000000000000000000000085
:101B60005830FF00000000000001000000000000ED
:101B70000000000000000000000000000038ACFF82
:101B80000000000000000002020000000000000051
:101B900000000000000000000000C00FFF00000077
:101BA0000000000000000000000000000000000035
:101BB00000000000000000C0D7FF0000000000008F
:101BC0000000000000000000000000000000000015
:101BD00000000000C0D7FF0000000000000000006F
:101BE00000000000000000000000000000000000F5
:101BF00000C0D7FF0000000000000000000000004F
:101C00000000000000000000000000000000C0D73D
:101C1000FF000000000000000010020000000000B3
:101C200000000000000000000000000DBAFF0000EE
:101C300000000000040000000000000000000000A0
:101C400000000000000000002131FF000000000043
:101C50000000000003000000000000000000000081
:101C60000000000000CAEBFF0000000000000001BF
:101C7000080000000000000000000000000000005C
:101C80000000740FFF00000000000002010000804F
:101C9000000000000000000000000000000000A79D
:101CA00056FF00000000000000018000000000005E
:101CB000000000000000000000000000DE93FF00B4
:101CC0000000000000000180000000000000000093
:101CD000000000000000000000DE93FF0000000094
:101CE0000000000180000000000000000000000073
:101CF000000000000000DE93FF0000000000000074
:101D00000180000000000000000000000000000052
:101D1000000000DE93FF00000000000000018000D2
:101D200000000000000000000000000000000000B3
:101D3000DE93FF00000000000000018000000000B2
:101D400000000000000000000000000000DE93FF23
:101D50000000000000000001800000000000000002
:101D600000000000000000000000DE93FF00000003
:101D700000000000018000000000000000000000E2
:101D800000000000000000DE93FF000000000000E3
:101D900000018000000000000000000000000000C2
:101DA00000000000DE93FF00000000000000018042
:101DB0000000000000000000000000000000000023
:101DC00000DE93FF00000000000000018000000022
:101DD0000000000000000000000000000000DE9392
:101DE000FF000000000000000100024000000000B1
:101DF00000000000000000000000005901FF00008A
:101E0000000000000001840000000000000000004D
:101E100000000000000000000EC0FF0000000000F5
:101E200000000100000000000000000000000000B1
:101E3000000000000054ACFF0000000000000201A0
:101E40008002080000000000000000000000000008
:101E500000009278FF0000000000000021A40000B4
:101E6000000000000000000000000000000000036F
:101E700040FF000000000000000000000000000023
:101E8000000000000000000000000000C0D7FF00BC
:101E900000000000000000000460000000000000DE
:101EA00000000000000000000099C1FF00000000D9
:101EB00000000200000050000000000000000000D0
:101EC000000000000000D1C1FF0000000000000081
:101ED000404004000000000000000000000000007E
:101EE0000000004384FF000000000000000000002C
:101EF00000000000000000000000000000000000E2
:101F0000C0D7FF0000000000000000000002000039
:101F1000000000000000000000000000004CD8FF9E
:101F20000000000000001000001000000000000091
:101F300000000000000000000000A606FF000000F6
:101F4000000000000000000200000000000000008F
:101F5000000000000000004CD8FF0000000000005E
:101F6000000000000400000000000000000000006D
:101F70000000000058CCFF0000000000000000003E
:101F80000000000000000000000000000000000051
:101F900000C0D7FF000000000000000000000000AB
:101FA0000000000000000000000000000000C0D79A
:101FB000FF00000000000000020000000000000020
:101FC00000000000000000000000006824FF000086
:101FD00000000000000000180000000000000000E9
:101FE00000000000000000009137FF00000000002A
:101FF00000000400000200000000000000000000DB
:1020000000000000009D3BFF0000000000000000F9
:10201000000A0000000000000000000000000000B6
:102020000000FC5FFF0000000000000000020080D4
:10203000000000000000000000000000000000EBB5
:10204000F5FF000000000000000000040000000098
:102050000000000000000000000000005884FF00A5
:102060000000000000000000080000000000000068
:102070000000000000000000007074FF000000007D
:102080000000000182188000000000000000000035
:10209000000000000000A451FF000000000000004C
:1020A0000180180000000000000000000000000097
:1020B0000000008F73FF000000000000000100100E
:1020C0000000000000000000000000000000000010
:1020D000B5EFFF00000000000000028008020000D1
:1020E00000000000000000000000000000DEB7FF5C
:1020F0000000000000000003801802000000000043
:1021000000000000000000000000AB8FFF00000096
:1021100000000000000008000000000000000000B7
:10212000000000000000007074FF000000000000CC
:102130000001801800000000000000000000000006
:10214000000000008F73FF0000000000000001D5B8
:102150001800000000000000000000000000000067
:10216000000F6CFF0000000000000001801800005C
:1021700000000000000000000000000000008F735D
:10218000FF0000000000000001D518000000000062
:1021900000000000000000000000000F6CFF0000C5
:1021A000000000000001AA980000000000000000EC
:1021B00000000000000000000F7EFF000000000093
:1021C0000000038018020000000000000000000072
:1021D0000000000000AB8FFF0000000000000001C5
:1021E000D518000000000000000000000000000002
:1021F00000000F6CFF0000000000000001801804C8
:1022000000000000000000000000000000000017B7
:1022100068FF000000000000000400100000000043
:10222000000000000000000000000000F077FF0048
:102230000000000000000000180000000000000086
:102240000000000000000000009137FF00000000C7
:10225000000000008080000000000000000000007E
:10226000000000000000C0E1FF00000000000000CE
:1022700000D40D500000000000000000000000002D
:1022800000000091E2FF0000000000000001801843
:10229000000000000000000000000000000000003E
:1022A0008F73FF0000000000000000AB1AA80000C0
:1022B000000000000000000000000000007AC9FFDC
:1022C0000000000000001001451D5000000000004B
:1022D000000000000000000000003C26FF0000009D
:1022E00000000010000018000000000000000000C6
:1022F0000000000000000016A5FF00000000000024
:102300001801CC1C4000000000000000000000008C
:10231000000000002710FF000000000000180180EE
:10232000980800000000000000000000000000000D
:10233000007112FF00000000000018019019000059
:1023400000000000000000000000000000008C7988
:10235000FF0000000000001801801A0000000000CB
:102360000000000000000000000000C703FF0000A4
:1023700000000000180180180000000000000000AC
:1023800000000000000000004B28FF0000000000DB
:10239000001801801880000000000000000000000C
:1023A0000000000000C821FF00000000000018012C
:1023B0008018800000000000000000000000000005
:1023C0000000C821FF000000000000180180180074
:1023D0000000000000000000000000000000004BB2
:1023E00028FF0000000000001000001A000000009C
:1023F0000000000000000000000000009A8EFF00B6
:10240000000000000009018018000000000000002A
:1024100000000000000000000034C1FF00000000C8
:102420000000100180180000000000000000000003
:1024300000000000000008E1FF00000000000008AC
:10244000800000000000000000000000000000000C
:102450000000003F21FF000000000000180190185C
:10246000000000000000000000000000000000006C
:102470000A6EFF00000000000018018099080000AB
:1024800000000000000000000000000000F705FF51
:102490000000000000000D50440C4000000000004F
:1024A00000000000000000000000BF20FF0000004E
:1024B000000000000000000000000000000000001C
:1024C00000000000000000C0D7FF00000000000076
:1024D00005504415500000000000000000000000FE
:1024E00000000000CB7DFF0000000000000AA832C1
:1024F0008AA80000000000000000000000000000AA
:10250000004D84FF00000000000000000880000073
:1025100000000000000000000000000000006A7DD4
:10252000FF0000000000000D40441C4000000000BF
:10253000000000000000000000000019E5FF00009E
:10254000000000000000080008000000000000007B
:1025500000000000000000005047FF0000000000E5
:102560000000100101000000000000000000000059
:1025700000000000009551FF000000000000000076
:10258000000000000000000020000000000000002B
:102590000000427CFF00000000000010000010005E
:1025A0000000010010400000000000000000008852
:1025B000D0FF00000000000008000018000000002C
:1025C000001800000000000000000000ACFBFF004D
:1025D00000000000000000000000000000000020DB
:1025E000000000000000000000427CFF000000002E
:1025F00000000800000800000000001800000000B3
:102600000000000000004DB8FF00000000000000C6
:102610000200100040000000300000000000000038
:1026200000000034EDFF0000000000000002000088
:10263000004000000020000000000000000000003A
:1026400081A8FF0000000000000800000800000052
:1026500000001820000000000000000000CF13FF61
:1026600000000000000018018018000000000000B9
:10267000000000000000000000004B28FF000000E8
:102680000000001801801800000000000000000099
:10269000000000000000004B28FF000000000000C8
:1026A000180000000000000000188000000000007A
:1026B00000000000F02AFF00000000000010018070
:1026C00018000000000018000000000000000000DA
:1026D0000076E4FF00000000000008018018000000
:1026E0000000001800000000000000000000B2BF61
:1026F000FF0000000000000008001880000000003B
:102700001808000000000000000000CF51FF00008A
:1027100000000000180580180000000000190000EB
:102720000000000000000000718DFF0000000000AC
:102730000018018018200000002818000000000088
:10274000000000000079E2FF00000000000018898E
:102750008018200000002818000000000000000081
:102760000000E61EFF0000000000001903801800B2
:1027700000000000180000000000000000000065DC
:10278000A5FF000000000000180180188000000074
:102790000078080000000000000000004E9CFF00D0
:1027A0000000000000180980180000000000180058
:1027B00000000000000000000016EEFF0000000016
:1027C00000001801801904000000001880000000BB
:1027D000000000000000A182FF00000000000018BF
:1027E000018018C000000000180000000000000078
:1027F00000000037A2FF00000000000000000018E9
:102800002000000000180000000000000000000090
:10281000AFF1FF0000000000000001901A2010003E
:1028200000001880000000000000000000E61BFF10
:102830000000000000000058001800000000101800
:10284000800000000000000000001832FF000000BF
:102850000000000103801B3400000000180000008D
:10286000000000000000009379FF0000000000005D
:1028700000818818000800000800800000000000A7
:10288000000000001283FF0000000000000028008C
:102890001888000000000000000000000000000098
:1028A000000EC2FF000000000000000380180000BE
:1028B0000000000000000000000000000004A79BD2
:1028C000FF000000000000000000180000000000F1
:1028D00000000000000000000000009137FF000031
:1028E0000000000018018018000000000000000037
:1028F00000000000000000004B28FF000000000066
:102900000018018018000000000000020000000014
:1029100000000000000B03FF000000000000180191
:10292000801800000000000200000000000000000D
:102930000000E1ABFF00000000000018018018005B
:102940000000000000000000000000000000004B3C
:1029500028FF00000000000018018018000000009F
:102960000000020000000000000000000B03FF0058
:1029700000000000001801801800000000000000A6
:102980000000000000000000004B28FF00000000D5
:102990000000180180180000000000000000000086
:1029A0000000000000004B28FF000000000000189D
:1029B000038018000000000002000000000000007A
:1029C0000000004958FF000000000000000400184B
:1029D00000000000000000000000000000000000F7
:1029E00040D4FF0000000000000C01A019300000DE
:1029F000002000000000000000000000000694FF1E
:102A000000000000000010259418020000000100E2
:102A1000100000000000000000008A3DFF000000E0
:102A20000000001800000008000000010080000005
:102A3000000000000000007E62FF000000000000B7
:102A40001A01801A40000000200008000000000069
:102A500000000000392CFF0000000000001C21C60F
:102A6000181000000000000400000000000000003A
:102A700000B892FF0000000000000842200980001A
:102A8000000000000000000000000000000082C103
:102A9000FF00000000000000021000240000004AB7
:102AA0000210000000000000000000468EFF000041
:102AB0000000000004002211120000001402840033
:102AC0000000000000000000A6DEFF000000000083
:102AD000000840000C400000004000100000000012
:102AE0000000000000AAC1FF0000000000000084F8
:102AF00000000200000000000000000000000000D4
:102B000000002104FF000000000000080401191269
:102B1000000000004000000000000000000000ADC8
:102B20006CFF0000000000001450549440000001AD
:102B3000001000000000000000000000B22AFF00AA
:102B40000000000000000000000200000000000083
:102B50000000000000000000004CD8FF0000000052
:102B60000000032832022C000000000000000000DA
:102B70000000000000006BB1FF0000000000000535
:102B8000505505500000000000000000000000004B
:102B9000000000FF6FFF00000000000000020000C6
:102BA0008000000000200000000000000000000085
:102BB0004321FF00000000000005404404400000E5
:102BC00000002000000000000000000000A3C0FF83
:102BD0000000000000000800001800000001800054
:102BE0000000000000000000000092BEFF00000096
:102BF000000000001011008A0000000040000000EA
:102C0000000000000000003D28FF00000000000060
:102C10000800000800000000800000000000000024
:102C2000000000008C7EFF00000400000000000295
:102C30001000000080000000000000000000000004
:102C40000050E8FF00000000000000000000A800A5
:102C50000000000000000000000000000000B32E93
:102C6000FF0000040000000800040800000080804D
:102C70000000000000000000000000857AFF000056
:102C80000000000018018018A800008180100000DA
:102C900000000000000000006C16FF0000000000B3
:102CA00000180180180000000180180000000000DA
:102CB0000000000000756DFF00000000000018001B
:102CC000000000000001800800000000000000007B
:102CD00000006ECFFF00000000000000038018021B
:102CE0000000801838020000000000000000007999
:102CF00028FF0000000000001803801802000001F7
:102D0000802002000000000000000000C7B3FF00A8
:102D1000000000000000001098000000008010007B
:102D2000000000000000000000B1BDFF0000000036
:102D30000000180180191000000180180000000038
:102D40000000000000001319FF0000000000001D3B
:102D500051C41C4000000180180000000000000069
:102D6000000000F9F0FF000000000000180180984A
:102D700000000001801800000000000000000000BA
:102D8000FF64FF0000000000001C51C51CD00000C3
:102D900001801800000000000000000000F6F6FFAF
:102DA0000400000000001AA9AA1AA8000001801857
:102DB000000000000000000000003445FF0000009B
:102DC0000000001905881804000001805802000066
:102DD00000000000000000747BFF04000000000001
:102DE0001D45C41C400000018018000000000000C8
:102DF00000000000BB68FF00000000000018018018
:102E0000180000000180180400000000000000000D
:102E100000F53BFF000000000000001009188A00C8
:102E20000001803000000000000000000000617A16
:102E3000FF00000000000000110018080000010061
:102E40001000000000000000000000597CFF00009E
:102E500000000000000080990000000080080000D1
:102E6000000000000000000082D6FF00000000000B
:102E7000000549D41C40000000550D500000000022
:102E800000000000009131FF000000000000000180
:102E900008180000000180188600000000000000F3
:102EA0000004D16FFF00000000000002A0331AA848
:102EB000000001AA9AA800000000000000000062C3
:102EC0007BFF0000000000000D51C51550000001FF
:102ED000D504500000000000000000004A3BFF0045
:102EE00000000000000800801000000001800000C9
:102EF000000000000000000000A822FF0000000009
:102F000000001D41C41C40000001C41C5000000012
:102F1000000000000000716FFF00000000000018BA
:102F2000098898000000018018820000000000005D
:102F3000000000368CFF000000000000180180191E
:102F40000800000190980000000000000000000050
:102F5000E48DFF0000000000001801801A0000004E
:102F600001801800000000000000000000F946FF8A
:102F70000000000000001801801800000001801807
:102F8000020000000000000000003546FF000000C5
:102F900000000018018018A800000180180000003F
:102FA000000000000000000694FF00000000000088
:102FB00018018018A800000180180000000000001F
:102FC000000000000694FF0000000000501801807F
:102FD0001800000001A01800000000000000000020
:102FE00000AFCBFF00000000000000000012000056
:102FF0000001800000000000000000000000EDFF64
:10300000FF0000000000280811801800000001B037
:10301000080000000000000000000003DFFF0000C7
:103020000000000010010010000000000018000067
:1030300000000000000000004C78FF0000000000CD
:10304000001808800800000001881000000000003F
:1030500000000000008A6AFF000000000000180164
:103060009018080000018099000000000000000096
:1030700000003164FF00000000000018018099008A
:10308000000001900800000000000000000000AAFD
:103090008EFF0000000000000550440C40000000BE
:1030A000C404D00000000000000000000690FF00F3
:1030B0000000000000000000008000000000000090
:1030C00000000000000000000043DEFF00000000E0
:1030D00000000450449550000001550450000000C9
:1030E0000000000000004E10FF0000000000000281
:1030F000A82A8A28000000AA82B000000000000070
:10310000000000DC71FF000000000000010008006A
:1031100000000000000000000000000000000000AF
:10312000180FFF0000000000000550550C50000073
:1031300001C40440000000000000000000C7D5FFEB
:10314000000000000000000000010000000000007E
:10315000880000000000000000004CCAFF000000D2
:1031600000000000000000000000001080000000CF
:10317000000000000000006713FF000000000000D6
:1031800000040000420000000000000000000000F9
:10319000000000001CBDFF00010000000010010045
:1031A000000000000100000000000000000000001E
:1031B00000D9EAFF000180000000080000000000C4
:1031C00000018000000000000000000000008CA052
:1031D000FF000000000000000004000000000000EC
:1031E00000000000000000000000001084FF00004C
:1031F0008000000008020000400000008000000085
:103200000000000000000000AF01FF00010400000A
:10321000000160002000000001002000000000000C
:1032200000000000005030FF00000000000001001E
:10323000002000000000002000000000000000004E
:103240000000D223FF0001840000000800020000FB
:1032500000000080000000000000000000000042AC
:10326000DEFF00000000000000000000040000017C
:103270008018000000000000000000006689FF00C8
:1032800000000000000000000000000001801800A5
:10329000000000000000000000FE92FF000100009E
:1032A00000001801801800000001800000000000EC
:1032B000000000000000FE3FFF00010000000018B9
:1032C00001001800000001001800000000000000CC
:1032D000000000B5C6FF00010000000010018010D2
:1032E0000000000080180000000000000000000046
:1032F0008CD3FF0001000000001001003800000026
:1033000001888280000000000000000000F6AAFF93
:103310000001000000001801801800000001801862
:1033200000000000000000000000803AFF000100E3
:103330000000001801005A820020118218000000CD
:1033400000000000000000D4E3FF000100000000C6
:1033500010018011040040098238000000000000C4
:1033600000000000F9E6FF0001000000001001006D
:103370001800000001801A98000000000000000002
:10338000006812FF000100000000180180720000B8
:10339000000188B80000000000000000000070FB81
:1033A000FF000100000000180184110000000180EE
:1033B0001900000000000000000000F39EFF000163
:1033C0000000000010018010000000019A58000069
:1033D000000000000000000027B5FF000100000011
:1033E00000100180100000000180180000000000A3
:1033F00000000000007350FF0001000000001801F1
:103400008218800000018000000000000000000021
:103410000000D51DFF000100000000180180180009
:10342000000001A01A00000000000000000000A53C
:103430004AFF00010000000010018011000000019F
:103440008221C00000000000000000003901FF00E0
:1034500001000000001001841880000001B1382034
:10346000000000000000000000F278FF0001800072
:10347000000010010018000000018018800000000A
:10348000000000000004F9DDFF00018000000010D2
:1034900001041800000001889C00000000000000EA
:1034A00000000055F5FF00018000000018018010A9
:1034B000000000018020000000000000000000006B
:1034C0005C39FF000180000000180180100000003E
:1034D00001800000000000000000000000F435FF43
:1034E0000001800000001801001000100001801889
:1034F00000000000000000000000106FFF000180CD
:1035000000000018010010000000018038000000D9
:1035100000000000000000A803FF00018000000080
:103520001801801004000001801800000000000055
:1035300000000000122BFF00018000000018018035
:1035400010040000018018000000000000000000CE
:1035500000122BFF0001800000001801001800007D
:103560000001801800000000000000000000B0AC66
:10357000FF00018000000018010018000000018019
:103580001800000000000000000000B0ACFF0001C7
:103590008000000018018010000000018018000069
:1035A00000000000000000008A30FF0001800000E1
:1035B00000180180100008000180380000000000A1
:1035C00000000000002A0CFF000180000000100134
:1035D000001000000001804000000000000000001A
:1035E0000000EDDEFF000180000000184101110025
:1035F0000000008238000000000000000000005BB6
:1036000061FF000194400000100180520404000199
:10361000015D40000000000000000000517BFF0041
:103620000180000000180182168004000189040056
:10363000000000000000000000D9F5FF00000000BD
:1036400000001A00002000200001A4180000000063
:103650000000000000002677FF00000000000018B6
:10366000E801000000000180580000000000000098
:10367000000000F02EFF000080000000000080002D
:10368000000000008040400000000000000000003A
:103690001ACCFF00001640000000020001200000CC
:1036A0000002010000000000000000000010BBFF4D
:1036B00000000220000002D0000502000001080006
:1036C000000000000000000000003B93FF000180AC
:1036D0000000000000841840400000C4000000000A
:1036E00000000000000000E57EFF00000040000038
:1036F0000004000000000000004000000000000086
:103700000000000058B7FF000180000000000080AA
:10371000580000400189400800000000000000003F
:1037200000C2C6FF00010000000010010000000000
:10373000000144054000000000000000000002E716
:10374000FF000000000000010020802000000000B9
:10375000000000000000000000000070EAFF000010
:103760000000000000000000000040002A8220004D
:1037700000000000000000008473FF000000000053
:103780000000000000100000005445400000000050
:103790000000000000AC5FFF00000000000000001F
:1037A00000200000000000411000000000000000A8
:1037B0000000465DFF0000000000000000012280C4
:1037C000000000458448000000000000000000B731
:1037D000C7FF000000000000000080030980000116
:1037E00080001000000000000000000034F5FF0021
:1037F0000000000000010040404000000008408040
:103800000000000000000000006070FF00000000E9
:103810000000000084022980800080000000000079
:103820000000000000005C25FF0000000000000018
:1038300000000080080001000000000000000000FF
:10384000000000B46DFF00000000000000000C004C
:103850000000000000000000000000000000000068
:103860003027FF000000000000000080050000007D
:103870000088800000000000000000000048AFFF4A
:103880000000000000001801881850110001801885
:1038900000000000000000000000254DFF000000B7
:1038A0004000001801801800440101801800000049
:1038B000000000000000002869FF00000000000078
:1038C0001000801401A200818000000000000000B0
:1038D000000000009362FF00000000000018038059
:1038E00024038020000638000000000000000000D3
:1038F0000096CAFF000000000000080200380380A4
:10390000200188B800000000000000000000242E04
:10391000FF0000004000000001000801800001805D
:103920000008000000000000000000B87DFF00005B
:103930000000000018018018018000018918800033
:103940000000000000000000394AFF0000000000F5
:10395000001D51801801800001C41CC0000000003F
:1039600000000000007483FF000000000000180148
:10397000801901800001811908000000000000008A
:103980000000A3EBFF0000004000001D5180180163
:10399000800001D51C500000000000000000002144
:1039A0006CFF0000000000001AA99018210000011F
:1039B000AA1A200000000000000000003636FF00B8
:1039C000000000000018038058010000018038004A
:1039D0000000000000000000007691FF00000000E1
:1039E00000001D51801801800001C51C400000002E
:1039F000000000000000BE5EFF0000004000001854
:103A000001901941800001801900000000000000B1
:103A10000000003A62FF00000000000000050038CE
:103A200001000001884010000000000000000000BC
:103A300082DCFF0000000000000001001001000017
:103A4000018098000000000000000000002D90FFA1
:103A50000000004000000800000801800001900004
:103A600008000000000000000000E834FF00000033
:103A70000000000D50550551800001C41D4000009C
:103A8000000000000000005CEBFF000000000000F0
:103A900018019018000000010010800000000000D4
:103AA000000000002B48FF0000000000000B28AAC7
:103AB00082A80000012A92200000000000000000FF
:103AC000007DDBFF0000002000001551451D501057
:103AD0000001D50C4000000000000000000043077A
:103AE000FF00000000000000000000000000018056
:103AF0000908000000000000000000BF7EFF000079
:103B0000000000001C41C51C50600001C41C48009E
:103B100000000000000000009DDEFF00000000002B
:103B200000180990180000000180188000000000B3
:103B300000000000009D4BFF000000000000188105
:103B4000801900100001909808000000000000009B
:103B500000007848FF000002A000001801801882D1
:103B6000200001801800000000000000000000E9B3
:103B7000B6FF0000000000001801801C00000001DA
:103B8000801800000000000000000000ED3EFF0073
:103B900000000000001801881A28000001801800A9
:103BA0000000000000000000002915FF00000000D8
:103BB000000018018818A40000018018000000000F
:103BC0000000000000000E1FFF0000004000001871
:103BD00001801800000501801800000000000000AE
:103BE000000000E9F6FF000002800000000000185D
:103BF000082000010000000000000000000000009C
:103C00000195FF04500000000018010000000002B0
:103C10008181180000000000000000000078AEFF65
:103C200002200000000018008000000000000010CA
:103C300000000000000000000000DA6DFF00080036
:103C400000000000018018000000018088000000D2
:103C500000000000000000EFA6FF000000000000D0
:103C600018898018100000018099000000000000F1
:103C700000000000BF8EFF0000000000001801805F
:103C8000190000000190180800000000000000006A
:103C900000F428FF0000000000000440D5044000AC
:103CA0000000C404400000000000000000005D545B
:103CB000FF000000000000000000000000400010B5
:103CC0000000000000000000000000876FFF0000FF
:103CD000000000000450540450000001550540004D
:103CE0000000000000000000F61FFF0000000000C0
:103CF0000002A8B282A8000000A282A80000000072
:103D000000000000008600FF00000000000001002D
:103D10000101000020000000080000000000000079
:103D200000000A26FF0000000000000440C5044017
:103D3000000000D50550000000000000000000CF8A
:103D400083FF000000000000008000000000000071
:103D50000000000000000000000000007CE8FF0000
:103D6000000000000000101001080000000000002A
:103D7000000000000000000000F033FF0000000021
:103D8000002000000000020000000000040000000D
:103D90000000000000006EAFFF0000000000000007
:103DA0000100000000000100100000000000000001
:103DB000000000FF29FF000000000000000080005C
:103DC000000000018018000000000000000000005A
:103DD00074ADFF00000000000000000000040000BF
:103DE0000000000000000000000000000058CCFFB0
:103DF00000000000000000008000020000018018A8
:103E000002000000000000000000B889FF00000070
:103E10000000000000000000000001001000000091
:103E2000000000000000006B52FF00000000004096
:103E30000000000000000000000000000000000082
:103E4000000000000490FF0000000000000000805F
:103E500000000000018018000000000000000000C9
:103E60000074ADFF0000000000001801801804007D
:103E70000000000000000000000000000000D3333C
:103E8000FF00000000000018018018000000000082
:103E900000000000000000000000004B28FF0000B0
:103EA00000000000002180180000000180180000C0
:103EB00000000000000000003E3AFF00000000008B
:103EC00000180080000000000180180800000000B9
:103ED0000000000000305FFF00000000000018013B
:103EE0000000000000018018000000000000000039
:103EF0000000AEB2FF00000000000000400018000B
:103F000000000180981A000000000000000000502E
:103F100085FF00000000000018018018000000016B
:103F20008018020000000000000000003546FF007D
:103F30000000000000180180180200000180180035
:103F4000000000000000000000F962FF0000000017
:103F50000000180180180400000180180000000013
:103F6000000000000000ED76FF00000006000018D1
:103F7000018018000000018018000000000000000F
:103F80000000000039FF0000000000001801801848
:103F90000000000180980800000000000000000000
:103FA000D5FBFF0000000000001801801800000190
:103FB000018218880000000000000000007E99FFC8
:103FC0000000000000001801801900000101805865
:103FD00000000000000000000000A265FF000000DB
:103FE0000000001801801900000001801804000082
:103FF00000000000000000732CFF00000000000023
:104000000000000000000001801802000000000015
:10401000000000043EA2FF000000000000000100BC
:104020001000000001801A80000000000000000065
:1040300000AB8AFF000000000000180080080400A8
:104040000001923888000000000000000004BD5408
:10405000FF00000000000018018038000000018807
:104060001A900000000000000000001566FF00002C
:104070000000000018018018000000000018000077
:104080000000000000000000352DFF0000000000CF
:104090000008008018000000000018080000000060
:1040A00000000000042676FF000000000000100160
:1040B00000200400000000180000000000000000C4
:1040C000000077A3FF0000000000000000000000D7
:1040D0000000000018000000000000000000043E86
:1040E000C9FF000000000002180180180000000055
:1040F000001800000000000000000004C715FF00C9
:1041000000000000001801801800000000001802E4
:104110000000000000000000007506FF0000000025
:1041200000001801801800000000201800000000A6
:10413000000000000000BADEFF04000000000018CC
:1041400001801800000000001800000000000000BE
:10415000000000E1D0FF00000000000418018018FA
:104160000000000000180200000000000000000035
:104170009140FF02000000000018018018000000BC
:10418000000018000000000000000000009F51FF28
:104190000000000000001801801800000000001856
:1041A00000000000000000000000352DFF000000AE
:1041B0000000001801801800000000201800000016
:1041C00000000000000000BADEFF00000000000058
:1041D00000000018000000000018000000000000AF
:1041E00000000000EF32FF00000000000018012571
:1041F0000410000000001900000000000000000092
:1042000000C549FF0000000000001D408040A000E4
:1042100000002C184A000000000000000000F9DA3D
:10422000FF0000000000000021801E700000004818
:104230001840000000000000000000D26BFF0000EA
:10424000000000001C0182390000000012039000F1
:104250000000000000000000F542FF000000000028
:10426000001BC1E538000000000400000000000051
:1042700000000000006129FF0000000000000000B5
:10428000800000000000001808000000000000008E
:104290000000B444FF000000000000000000000027
:1042A00000000000C004000000000000000000B09A
:1042B000A3FF0000000000000440240440000000B0
:1042C00000900A000000000000000000409DFF0078
:1042D000000000000001008000000000000A1A80B9
:1042E000000000000000000000EFB5FF000000002B
:1042F0000000000001400800000000200200000053
:1043000000000000000089D2FF0000000000000053
:1043100010804100000000001802000000000000B2
:104320000000003051FF0000000000000549540467
:10433000400000010010000000000000000000002C
:1043400056B7FF0000000000000080080080000059
:1043500000000000000000000000000000DF42FF3D
:1043600000000000000003202A8328000000000055
:10437000040000000000000000003DC4FF00000039
:104380000000000450450450000000000000000040
:1043900000000000000000C045FF00000000000019
:1043A00000000020000000000000000000000000ED
:1043B000000000008254FF0000000000000440459F
:1043C00004400000000000000000000000000000A9
:1043D0000067A0FF000000000000008888010800BE
:1043E0000000001800000000000000000000BD9662
:1043F000FF000000000000000000000000000000BE
:104400000000000000000000000000C0D7FF000016
:104410000000000000008003082880000018000051
:104420000000000000000000A691FF00000000084E
:10443000000000000000000000001000000000006C
:1044400000000000001C61FF0000000000000000F0
:1044500008816000000000018000000000000000F2
:10446000000032CFFF0000000010000000800410A8
:10447000100000001800000000000000000000CD47
:10448000D8FF0000000000001801889800410001DA
:10449000800000000000000000000000E144FF0078
:1044A00000000000001801801800000001800000DA
:1044B0000000000000000000000B68FF000000008A
:1044C000000000018018000000010018000000003A
:1044D0000000000000000EF5FF00000000100018B2
:1044E00000802000000000C0380200000000000032
:1044F000000000EB57FF0000000010001801002032
:1045000000000001A03802000000000000000000D0
:104510001A80FF0000000000000008001880000062
:10452000000018000000000000000000004FF8FF2D
:1045300000000000000018018098100000018018A1
:10454000000000000000000000001F07FF00000046
:104550000000001D41D41C40000001801800000034
:1045600000000000000000FF30FF0000000000001D
:104570001881801800000001801800000000000071
:1045800000000000C952FF0000000000001C51D5CF
:104590001D40000001801800000000000000000025
:1045A0000052CDFF0000000000001A29B29AA800B6
:1045B0000001801800000000000000000000B76B40
:1045C000FF00000000000019018058100000018069
:1045D00058040000000000000000043823FF000021
:1045E000000000001D41C51C40000001805804006F
:1045F00000000000000000007A2AFF000000000018
:1046000000180180188800000180180000000000D8
:104610000000000004C64CFF000000000000001075
:104620001020000000010018000000000000000041
:1046300000048509FF000000000000190901108036
:104640000000010018000000000000000000003C15
:1046500094FF000000000000000080080800000037
:10466000805800000000000000000004DBB8FF00DC
:1046700000000000001CC1D41CC0000000D51802BE
:104680000000000000000000005E4EFF00008000FF
:104690000000100108110000000188000200000065
:1046A000000000000000ADF4FF0000000000000268
:1046B000282A82280000012A80040000000000004F
:1046C000000004B33CFF0001800000001D51C51C28
:1046D00050000000C438000000000000000000008E
:1046E0008BEBFF00010000000008008008000000C4
:1046F00000001804000000000000000004329DFFCC
:104700000001800000001C41D51C40000001D4982D
:10471000000000000000000000006578FF0001803C
:104720000000001809801800000001811804000032
:1047300000000000000000D978FF000180000000A8
:10474000190180189000000180180000000000008E
:1047500000000000A182FF0001800000001801A0FD
:104760001808000001805A0200000000000000004C
:10477000003299FF0001800000001801801B4000FA
:10478000000180381A00000000000000000058F00E
:10479000FF00018000000018018298A00000018045
:1047A0001800000000000000000000DB7BFF00019B
:1047B000800000001801829C08000001801A04009B
:1047C00000000000000000001A04FF00018000004B
:1047D00000180180180000001180980000000000FF
:1047E0000000000000E2BEFF0000800000000000AA
:1047F0002010000000000008000000000000000081
:10480000000033B2FF0001600000001801800800C2
:10481000000001809004000000000000000000384B
:10482000EEFF000080000000100000000000000902
:10483000800800000000000000000000EBA6FF0060
:1048400001000000000801801800000000001000B6
:104850000000000000000000006DEBFF0001800080
:1048600000001889801810000001889802000000DC
:10487000000000000000A6E7FF0001800000001813
:1048800001801900000001801800000000000000F5
:10489000000000BC84FF00005500000004405504E7
:1048A000400000004405500000000000000000002F
:1048B000791CFF0000000000000000000000000064
:1048C0000000000200000000000000000080FCFF6B
:1048D000000055000000044054045000000055053D
:1048E00050000000000000000000CAEDFF00002B97
:1048F00000000002A82A82A80000002B02A00000ED
:1049000000000000000000E690FF00000000000032
:104910000110010100000000000002000000000082
:10492000000000002D01FF0000550000000550555B
:104930000550000000440548000000000000000091
:1049400000A16BFF0000000000000000000000005C
:104950000000000000000000000000000000C0D7C0
:10496000FF00000000000000000000000000001137
:10497000000800000000000000000087FBFF0000AE
:104980000000000000000000000000000000000027
:104990000000000000000000C0D7FF000000100071
:1049A0000000000000000000000000000000000007
:1049B000000000000026B2FF000000180000000008
:1049C00000000000000000000000000000000000E7
:1049D00000009582FF0000000000000000000000C1
:1049E000000000000000000000000000000000C007
:1049F000D7FF0000000800000000000000000000D9
:104A000000000000000000000000000073E7FF004D
:104A10000000100000000000000000000000000086
:104A200000000000000000000026B2FF00000000AF
:104A30000600000000000000000000000000000070
:104A4000000000000000A6A3FF0000000800000016
:104A50000000000000000000000000000000000056
:104A600000000073E7FF000180000000000000006C
:104A7000000000018018000000000000000000009D
:104A8000B16CFF0001800000000000000000000089
:104A900001801800000000000000000000B16CFF61
:104AA00000000018000000000000000000000018D6
:104AB000100000000000000000006AD0FF000100AC
:104AC0000000000000000000000001800000000065
:104AD0000000000000000075C0FF0000801800000A
:104AE0000000000000000001800010000000000035
:104AF00000000000EE3CFF00018000880000000084
:104B0000000000000000180000000000000000008D
:104B10000072AFFF000180180000000000000000DC
:104B20000001801800000000000000000000E439CF
:104B3000FF0001801A20000000000000000001803A
:104B400018000000000000000000006A3AFF0001A9
:104B5000801AA0000000000000000001801804007E
:104B60000000000000000000E15FFF00018058002D
:104B70007800000000000000018018000000000024
:104B80000000000000C25AFF000180580800000029
:104B90000000000000018018040000000000000078
:104BA00000007541FF0001800000000000000000CF
:104BB000000001801800000000000000000000B1AB
:104BC0006CFF0001803800000000000000000001C0
:104BD00080980000000000000000000088C9FF006D
:104BE000018018080000000000000000018018008B
:104BF0000000000000000000006C89FF0001801828
:104C00000A00000000000000000001000000000099
:104C1000000000000004B085FF0001001D2000001E
:104C200000000000000000801000000000000000F4
:104C30000000006621FF0000801802100000000044
:104C40000000000100080000000000000000000457
:104C5000C98EFF00000018300000000000000000B6
:104C600001801800000000000000000000986DFFA7
:104C70000000001A800800000000000000018018F9
:104C80000000000000000000000444AAFF00000033
:104C900018080000000000000000010010000000E3
:104CA0000000000000000436ACFF00018058000046
:104CB000000000000000000080080000000000006C
:104CC000000000045639FF000180180000000000B9
:104CD00000000000000000000000000000000000D4
:104CE000045A67FF00018018000000000000000067
:104CF0000001801800000000000000000000E439FE
:104D0000FF0001801800000000000000000001808A
:104D10001800000000000000000000E439FF00015E
:104D2000800000000000000000000001801800006A
:104D30000000000000000000B16CFF0001801802BC
:104D400000000000000000000180180000000000CA
:104D50000000000000C615FF0001805800000000A0
:104D600000000000000180180000000000000000AA
:104D700000007DA7FF000180180000000000000077
:104D8000000001801800000000000000000000E4A6
:104D900039FF000180580000000000000000000101
:104DA0008018000000000000000000007DA7FF0048
:104DB00001801800000000000000000001801800C1
:104DC000000000000000000000E439FF0001800046
:104DD00000000000000000000000001800000000BB
:104DE000000000000000F12CFF000002180200008B
:104DF00000000000000001A00040000000000000D2
:104E0000000000B1A5FF0001C00304000000000085
:104E100000000001940008000000000000000000F5
:104E2000AA62FF000000180000000000000000005F
:104E3000002A1840000000000000000000E224FFEB
:104E40000001800402000000000000000001801A40
:104E5000900000000000000000006BAFFF0001E6C2
:104E60000002000000000000000001D41800000053
:104E7000000000000000000C65FF00000008880032
:104E80000000000000000000000000000000000022
:104E900000000000F064FF0000000320000000009C
:104EA0000000000000000000000000000000000002
:104EB0000058B2FF0000201248000000000000006F
:104EC000000050050000000000000000000051A696
:104ED000FF00000408800000000000000000000245
:104EE000000000000000000000000061FEFF000064
:104EF0000004040000000000000000001080880092
:104F0000000000000000000070D9FF00000098942D
:104F10000000000000000000000000000000000091
:104F20000000000000F8B5FF000054104000000031
:104F30000000000000004484400000000000000069
:104F400000006E8FFF00000800000000000000005D
:104F500000000008000800000000000000000070D1
:104F600028FF00002A82000000000000000000006E
:104F70002A02A0000000000000000000C0B0FF00F6
:104F8000004504400000000000000000004505400E
:104F90000000000000000000002550FF000000019C
:104FA00032000000000000000000000008000000C7
:104FB000000000000000479EFF000045008A00003E
:104FC0000000000000000044044000000000000059
:104FD000000000CDC1FF000000189000000000009C
:104FE00000000000100000000000000000000000B1
:104FF000882FFF00001004240000000000000000C3
:1050000000008088000000000000000000B2BAFF2D
:105010000000000A20000000000000000000000066
:1050200040008000000000000000FB84FF00000042
:105030001000200000000000000000000010000030
:105040000000000000000005C4FF00000004C018BC
:105050000000000000000000000040000000000010
:10506000000000000B2FFF0000000880000000007F
:105070000000000000000000000000000000000030
:105080000078D4FF000180008020000000000000B4
:1050900000018018080100000000000000001EB49C
:1050A000FF040180000000000000000000000180FB
:1050B00018000000000000000000006591FF0000E3
:1050C0000018000000000000000000008018000030
:1050D00000000000000000005444FF000000000237
:1050E00000000000000000000100000000000000BF
:1050F00000000000001D78FF0201801882000000FF
:10510000000000000001000000000000000000009E
:105110000000A69CFF000181044000000000000088
:1051200000000080180000000000000000000034B3
:105130009BFF0001801890000000000000000001AB
:105140000118880000000000000000008BD8FF005C
:1051500001D41888000000000000000001D41C48A1
:10516000000000000000000000CD71FF0001801968
:105170005000000000000000000180181000000036
:1051800000000000000027F6FF0001D51C400000D1
:1051900000000000000001441D400000000000006D
:1051A0000000001954FF0001AB1A000000000000CD
:1051B00000000001AB1B2000000000000000000008
:1051C000EE8EFF00018000040000000000000000DF
:1051D0000191180000000000000000000032B1FF43
:1051E0000001D51800000000000000000001C41CF0
:1051F00040000000000000000000AFD7FF00018069
:1052000018B4000000000000000001801908000030
:10521000000000000000008D12FF0001801C000053
:1052200000000000000000008900000000000000F5
:10523000000000047FBDFF00001018C00000000047
:10524000000000000108110800000000000000003C
:105250000081EDFF0001801A100000000000000036
:105260000000008800000000000000000004EDF2D3
:10527000FF0000451800000000000000000001CC05
:105280001C400000000000000000008481FF0000BE
:105290008818008000000000000000010090080055
:1052A00000000000000000009F1AFF0001AA980003
:1052B0000000000000000000012282A800000000A1
:1052C0000000000004AA26FF00004518C18000006D
:1052D000000000000000CC1D4000000000000000A5
:1052E0000004B96FFF0001001CD1000000000000A5
:1052F00000000080080000000000000000000462C0
:105300004DFF0001C51A09800000000000000001E7
:10531000C01C40000000000000000000749CFF0062
:1053200001801A3180000000000000000188181080
:10533000000000000000000000E06AFF0001900093
:10534000818000000000000000018499000000003E
:105350000000000000007014FF0001881A2980007E
:1053600000000000000001801D0800000000000097
:105370000000008857FF0001801801800000000035
:105380000000000180180000000000000000000084
:10539000FDA4FF00018018818000000000000000D3
:1053A00001801800000000000000000000F697FFD8
:1053B0000001881881800000000000000001801AB0
:1053C00088000000000000000000E5B7FF00118029
:1053D0001A01800000000000000001801800000099
:1053E00000000000000000843AFF000100022800D5
:1053F000000000000000000000100000000000009D
:10540000000000006735FF0049C79B0180000000D5
:105410000000000001800800000000000000000003
:105420000071C9FF00400000008000000000000083
:105430000001000000000000000000000000E292F7
:10544000FF0000C018810000000000000000008084
:105450001800000000000000000000699EFF00012D
:105460008800C1800000000000000001809800005A
:105470000000000000000000F5CFFF0001800211D5
:10548000800000000000000001881890000000006B
:1054900000000000009D53FF0000450A0855000071
:1054A0000000000000004404400000000000000074
:1054B00000003322FF00000004B000800000000064
:1054C0000000000000000000000000000000001DBF
:1054D0005DFF00005510C0550000000000000000F6
:1054E0004D04C0000000000000000000A2D6FF0034
:1054F000002A88003200000000000000002A82A874
:10550000000000000000000000BECAFF0000000014
:105510000000000000000000000000000800000083
:10552000000000000000407EFF000055180044000D
:1055300000000000000000550550000000000000C1
:105540000000002DFCFF0000000210080000000019
:10555000000000000000000000000000000000004B
:1055600035F7FF00000000C00080000000000000D0
:1055700000000000000000000000000000B2F4FF86
:10558000000000000000000000000000000000001B
:1055900000000000000000000000C0D7FF00000075
:1055A00000040000000000000000000000000000F7
:1055B00000000000000000848FFF000000000400D5
:1055C00000000000000000000000000000000000DB
:1055D00000000000848FFF000000000000000000B9
:1055E00000000000000000000000000000000000BB
:1055F00000C0D7FF00000000000000000000000015
:105600000000000000000000000000000000C0D703
:10561000FF0000000000000000000000000000008B
:105620000000000000000000000000C0D7FF0000E4
:10563000000000000000000000000000000000006A
:105640000000000000000000C0D7FF0000000000C4
:10565000000000000000000000000000000000004A
:105660000000000000C0D7FF000000000180000023
:10567000000000000000000000000000000000002A
:105680000000D94AFF000000000180000000000077
:10569000000000000000000000000000000000D931
:1056A0004AFF0000000800000000000000000000A9
:1056B00000000000000000000000000073E7FF0091
:1056C0000000080180000000000000000000000051
:1056D0000000000000000000006A7AFF00000008DF
:1056E0000180000000000000000000000000000039
:1056F0000000000000006A7AFF0000000A000000BD
:105700000000000000000000000000000000000099
:105710000000005F2BFF0000000801800000000077
:105720000000000000000000000000000000000079
:105730006A7AFF00000008018000000000000000FD
:10574000000000000000000000000000006A7AFF76
:1057500000000002018000000000000000000000C6
:1057600000000000000000000000F586FF000000BF
:1057700000018000000000000000000000000000A8
:1057800000000000000000D94AFF00000000018076
:105790000000000000000000000000000000000009
:1057A00000000000D94AFF00000008498000000006
:1057B00000000000000000000000000000000000E9
:1057C000002751FF000000000180000000000000E1
:1057D0000000000000000000000000000000D94AA6
:1057E000FF00000008018000000000000000000031
:1057F00000000000000000000000006A7AFF0000C6
:105800000000280000000000000000000000000070
:105810000000000000000000EAA8FF0000000820CF
:1058200080000000000000000000000000000000F8
:105830000000000000D9A3FF0000000401000000E8
:105840000000000000000000000000000000000058
:1058500000008859FF0000001019800000000000BF
:10586000000000000000000000000000000004A68E
:10587000E1FF0000000001800000000000000000C7
:10588000000000000000000000000000D94AFF00F6
:1058900000000C20000000000000000000000000DC
:1058A00000000000000000000088B0FF1000001899
:1058B0000180000000000000000000000000000067
:1058C000000000000000DFE1FF0000001000000009
:1058D00000000000000000000000000000000000C8
:1058E00000000026B2FF0110001801800000000037
:1058F00000000000000000000000000000000000A8
:105900008C73FF0000001801800000000000000000
:10591000000000000000000000000000008C1FFFDD
:1059200000000018058000000000000000000000DA
:1059300000000000000000000000C847FF00000059
:1059400018058000000000000000000000000000BA
:1059500000000000000000C847FF0110001801808F
:105960000000000000000000000000000000000037
:10597000000000008C73FF00000018018000000090
:105980000000000000000000000000000000000017
:10599000008C1FFF000000180180000000000000C4
:1059A00000000000000000000000000000008C1F4C
:1059B000FF0000001801800000000000000000004F
:1059C00000000000000000000000008C1FFF00002D
:1059D00000000000000000000000000000000000C7
:1059E0000000000000000000C0D7FF0000001A0106
:1059F0009000000000000000000000000000000017
:105A0000000000000031C1FF0000000821A20000DA
:105A10000000000000000000000000000000000086
:105A2000000018B7FF000000100000000000000098
:105A30000000000000000000000000000000002640
:105A4000B2FF0000001841C000000000000000008C
:105A50000000000000000000000000008DC3FF00F7
:105A6000000016A9800000000000000000000000F7
:105A70000000000000000000006B37FF0000000085
:105A80000000000000000000000000000000000016
:105A9000000000000000C0D7FF000000000036003A
:105AA00000000000000000000000000000000000F6
:105AB0000000006581FF00000000202200000000BF
:105AC00000000000000000000000000000000000D6
:105AD000B21AFF00000005100000000000000000E6
:105AE000000000000000000000000000001E4CFF4D
:105AF0000000000140000000000000000000000065
:105B000000000000000000000000132AFF00000059
:105B100002080880000000000000000000000000F3
:105B20000000000000000090A9FF000000000044F9
:105B30000000000000000000000000000000000065
:105B400000000000E0D6FF00000000300000000070
:105B50000000000000000000000000000000000045
:105B600000F37DFF000000032822800000000000F9
:105B70000000000000000000000000000000BC8BDE
:105B8000FF000000000044000000000000000000D2
:105B90000000000000000000000000E0D6FF000050
:105BA00000000010000000000000000000000000E5
:105BB000000000000000000051C5FF00000002804E
:105BC0004C80000000000000000000000000000009
:105BD0000000000000332BFF000000022001000045
:105BE00000000000000000000000000000000000B5
:105BF0000000B7C7FF000000009010000000000088
:105C0000000000000000000000000000000000CBC9
:105C100093FF0000000000200000000000000000D2
:105C200000000000000000000000000062F6FF001D
:105C3000000002200A8000000000000000000000B8
:105C4000000000000000000000C8F5FF0000000098
:105C50000000000000000000000000000000000044
:105C6000000000000000C0D7FF0000000000150089
:105C70000000000000000000000000000000000024
:105C80000000004C90FF0000000441A00000000054
:105C90000000000000000000000000000000000004
:105CA000E768FF000000180180000000000000000D
:105CB000000000000000000000000000008C1FFF3A
:105CC00000000000000000000000000000000000D4
:105CD00000000000000000000000C0D7FF0000002E
:105CE000180180000000000000000000000000001B
:105CF000000000000000008C1FFF00000018018061
:105D00000000000000000000000000000000000093
:105D1000000000008C1FFF000000080010000000C1
:105D20000000000000000000000000000000000073
:105D300000E2F5FF00000018018080000000000074
:105D4000000000000000000000000000000030948F
:105D5000FF0000001551C40000000000000000001A
:105D60000000000000000000000000042EFF000002
:105D7000001801800000000000000000000000008A
:105D800000000000000000008C1FFF0000001D51FB
:105D9000C50000000000000000000000000000003E
:105DA00000000000004E0DFF0000001B31B280001B
:105DB00000000000000000000000000000000000E3
:105DC00000007884FF00000018019000000000002F
:105DD0000000000000000000000000000000001DA6
:105DE0000DFF0000001001C40000000000000000D2
:105DF0000000000000000000000000001F2EFF0057
:105E000000001811900000000000000000000000D9
:105E10000000000000000000008C68FF0000000B84
:105E200040008000000000000000000000000000B2
:105E3000000000000000305DFF0000001808910025
:105E40000000000000000000000000000000000052
:105E50000000007DB8FF0000001AC1000000000033
:105E60000000000000000000000000000000000032
:105E700066F0FF0000000001CC0000000000000000
:105E800000000000000000000000000000B1C2FFA0
:105E90000000000A010800000000000000000000EF
:105EA0000000000000000000000006B4FF00000039
:105EB0001AD1228000000000000000000000000055
:105EC000000000000000009B1CFF00000010B0C498
:105ED0008000000000000000000000000000000042
:105EE000000000008A2AFF0000000000800000007F
:105EF00000000000000000000000000000000000A2
:105F000000C85CFF0000001801C400000000000091
:105F10000000000000000000000000000000AC1EB7
:105F2000FF0000001CA180800000000000000000B5
:105F30000000000000000000000000C0F0FF0000B2
:105F400000180988000000000000000000000000A8
:105F500000000000000000004C26FF0000001801B7
:105F600080000011000000000000000000000000A0
:105F70000000000000594EFF00000018018F800053
:105F80001100000000000000000000000000000000
:105F90000000C23AFF00000018018001000000006C
:105FA000000000000000000000000000000000747D
:105FB00064FF0000001801900000000000000000D5
:105FC0000000000000000000000000001D0DFF00A8
:105FD00000001C51800000000000000000000000D4
:105FE0000000000000000000008179FF00000000B8
:105FF0000000008000000000000000000000000021
:106000000000000000007CE8FF0000001801800094
:106010000000000000000000000000000000000080
:106020000000008C1FFF000000122900000000008B
:106030000000000000000000000000000000000060
:106040003117FF0000000800800000000000000081
:10605000000000000000000000000000007B6CFF5A
:106060000000001B1189000000000000000000007B
:1060700000000000000000000000964AFF00000041
:106080000841800000000000000000000000000047
:1060900000000000000000AFE1FF0000000000442D
:1060A00000000000000000000000000000000000F0
:1060B00000000000E0D6FF0000000000000000002B
:1060C00000000000000000000000000000000000D0
:1060D00000C0D7FF00000000304D000000000000AD
:1060E000000000000000000000000000000062E668
:1060F000FF00000002A82A8000000000000000004D
:106100000000000000000000000000E957FF000050
:1061100000028000000000000000000000000000FD
:106120000000000000000000E728FF00000005500C
:10613000550000000000000000000000000000000A
:10614000000000000093D7FF0000000000000000E6
:10615000000000000000000000000000000000003F
:106160000000C0D7FF000000000000000000000099
:10617000000000000000000000000000000000C05F
:10618000D7FF0000000008004000080000000000E9
:10619000000000000000000000000000F683FF0087
:1061A00000000800000000000000000000000000E7
:1061B00000000000000000000073E7FF000000186E
:1061C000018000000000000000000000000000004E
:1061D0000000000000008C1FFF0000000000000015
:1061E00000000000000000000000000000000000AF
:1061F000000000C0D7FF0000001801802000000050
:10620000000000000000000000000000000000008E
:10621000033EFF0000000009000000000000000035
:10622000000000000000000000000000005971FFA5
:10623000000000080000000008000000000000004E
:10624000000000000000000000005344FF000000B8
:10625000000100000000000000000000000000003D
:1062600000000000000000D1C1FF0000000000009D
:10627000000000000000000000000000000000001E
:1062800000000000C0D7FF00000000000000000078
:1062900000000000000000000000000000000000FE
:1062A00000C0D7FF000000010182000000000000D4
:1062B00000000000100000000000000000003C583A
:1062C000FF00000008038000000000000000000044
:1062D00000000000000000000000004856FF000021
:1062E00000110184A0000000000000000000000078
:1062F0000000000000000000FEA5FF0000001801E3
:106300008040202282000000000000000000000009
:106310000000000000B1D1FF0000000003808000F9
:106320000000000000000000080000000000000065
:106330000000C744FF0000001801800000000000BA
:106340000000000000000000000000000000008CC1
:106350001FFF0000000801800020428200000000B2
:10636000000000000000000000000000CE62FF00FE
:106370000000180180000000000000000000000084
:106380000000000000000000008C1FFF0000000063
:10639000018000000000000000000000000000007C
:1063A000000000000000D94AFF0000000001AA0020
:1063B00000000000000000000000000000000000DD
:1063C00000000041C1FF000000100180000000003B
:1063D00000000000000000000000000000000000BD
:1063E0003F2FFF000000110180E0000000000000CE
:1063F0000000000000000000000000000084A4FF76
:10640000000000010180800000000000000000008A
:106410000000000000000000000073A7FF00000063
:1064200010018002000800000000000000000000D1
:10643000000000000000006F7FFF0000000001AAC4
:10644000000000000000000000000000000000004C
:106450000000000041C1FF000000100180000000AA
:10646000000000000000000000000000000000002C
:10647000003F2FFF0000000001800000100000001E
:106480000000000000000000000000000000980C68
:10649000FF0000000001800200000000000000007A
:1064A0000000000000000000000000A9B9FF00008B
:1064B000000001800000000000000000000000005B
:1064C0000000000000000000D94AFF0000000001A9
:1064D000800000000000000000000000000000003C
:1064E0000000000000D94AFF000000000180000801
:1064F000000000000000000000000000000000009C
:106500000000FA89FF000000040180000000000084
:106510000002000000000000000000000000000277
:10652000D3FF000000000180001000000000000008
:106530000000000000000000000000009ECCFF00F2
:1065400000000001800000000000000000000000CA
:10655000000000000000000000D94AFF0000000415
:10656000818000000000000000000000000000002A
:106570000000000000008BE1FF000000000180002F
:10658000000000000000000000000000000000000B
:10659000000000D94AFF0000000101800000000057
:1065A00000000000000000000000000000000000EB
:1065B000CF2CFF000000000180000000000000025E
:1065C000000000000000000000000000005B4BFF26
:1065D000000000000180000000000000000000003A
:1065E00000000000000000000000D94AFF00000089
:1065F0000481800000000000000000000000000096
:10660000000000000000008BE1FF0000000049A036
:1066100080000000000000000000000000000000FA
:10662000000000008ACBFF00000001018000000094
:10663000000000000000000000000000000000005A
:1066400000CF2CFF0000000400004000000000000C
:10665000000000000000000000000000000007082B
:10666000FF00000000C00200000000000000000069
:1066700000000000000000000000007C5CFF000043
:1066800000001101200000000000000000000000D8
:1066900000000000000000003696FF00000000042B
:1066A00068A00000000000000000000000000000E2
:1066B000000000000099CAFF000000000131400006
:1066C00000000000000000000000000000000000CA
:1066D000000085A6FF00000001018200000000000C
:1066E000000000000000000000000000000000BDED
:1066F0000FFF000000000400000000000000000088
:10670000000000000000000000000000848FFF0077
:1067100000000155800000000000000000000000A3
:10672000000000000000000000DF8AFF00000010F1
:1067300080000000000000000000000000000000D9
:10674000000000000200A182FF00000013000040D2
:106750000000000000000000000000000000000039
:10676000000000825FFF0000000014002000000015
:106770000000000000000000000000000000040015
:1067800002C8FF00000000500020000000000000D0
:10679000000000000000000000000000001B08FFD7
:1067A00000000000200000000000000000000000C9
:1067B000000000000000000000006218FF00000060
:1067C0000000004000000000000000000000000089
:1067D000000000000000005E90FF00000018118023
:1067E00000000000000000000000000000000000A9
:1067F000000000001D7AFF00000002A00000000061
:106800000000000000000000000000000000000088
:106810000045E7FF000000080180000000000000C4
:1068200000000000000000000000000000006A7A84
:10683000FF00000000010000000000000000000058
:106840000000000000000000000000D1C1FF0000B7
:106850000000000800000000000000000000000030
:106860000000000000000000885EFF00000008013A
:106870000000000000000000000000000000000018
:10688000000000000062F1FF0000000000080000AE
:1068900000000000000000000000000000000000F8
:1068A0000000885EFF000000000000000000000003
:1068B000000000000000000000000000000000C018
:1068C000D7FF000000080180000000000000000069
:1068D0000000000000000000000000006A7AFF00D5
:1068E0000004000380200000000000000000000001
:1068F000000000000000000000ED91FF000004080F
:1069000003802000000000000000000000000000E4
:106910000000000000005EA1FF00000000018000F8
:106920000000000000000000000000000000000067
:10693000000000D94AFF00000008058000000000A8
:106940000000000000000000000000000000000047
:106950002E22FF000000080180000000000000005F
:10696000000000000000000000000000006A7AFF44
:10697000000000080380000000000000000000008C
:10698000000000000000000000004856FF0000006A
:10699000080180000000000000000000000000006E
:1069A000000000000000006A7AFF0000000801807B
:1069B00000000000000000000000000000000000D7
:1069C000000000006A7AFF00000000038000000061
:1069D00000000000000000000000000000000000B7
:1069E00000FB66FF000000000580000000000000C2
:1069F00000000000000000000000000000009D12E8
:106A0000FF00000000018000000000000000000006
:106A100000000000000000000000045951FF0000C9
:106A200000080180000000000000000000000000DD
:106A300000000000000000006A7AFF000000090961
:106A400080000000000000000000000000000000C6
:106A50000000000000F4ACFF0000000C41802000AA
:106A60000000000000000000000000000000000026
:106A700000007958FF0000001A01800000000000AB
:106A8000000000000000000000000000000000A066
:106A9000D3FF000000013180000000000000000072
:106AA000000000000000000000000000FC86FF0065
:106AB000000001098020000000000000000000002C
:106AC000000000000000000000C8BDFF000000043E
:106AD0000180200000000000000000000000000015
:106AE0000000000000000FF3FF00000000418000E4
:106AF0000000000000000000000000000000000096
:106B00000000001CD1FF00000000018040000000D8
:106B10000000000000000000000000000000000075
:106B2000470DFF000000004B804000000000000007
:106B300000000000000000000000000000280AFF24
:106B40000000000281800000000000000000000042
:106B500000000000000000000000FEB5FF00000083
:106B60000001C02000000000000000000000000044
:106B700000000000000000922CFF0000000003C095
:106B800040000000000000000000000000000000C5
:106B900000000000A166FF00000000018800000066
:106BA00000000000000000000000000000000000E5
:106BB0000091C3FF000000000188000000000000F9
:106BC000000000000000000000000000000091C371
:106BD000FF00000004018020000000000000000011
:106BE00000000000000000000000000FF3FF0000A4
:106BF0000000018000000000000000000000000014
:106C00000000000000000000D94AFF000000000161
:106C100080400000000000000000000000000000B4
:106C20000000000000470DFF000000000180200070
:106C30000000000000000000000000000000000054
:106C40000000566BFF0000000401802000000000DF
:106C50000000000000000000000000000000000F25
:106C6000F3FF0000000000004000000000000000F2
:106C70000000000000000000000000005E90FF0027
:106C80000000000000000000000000000000000004
:106C9000000000000000000000C0D7FF000000005E
:106CA00001000000000000000000000000000000E3
:106CB000000000000000D1C1FF0000000000000043
:106CC00000000000000000000000000000000000C4
:106CD000000000C0D7FF00000000010040000000DD
:106CE00000000000000000000000000000000000A4
:106CF0004F86FF000000000180000000000000003F
:106D000000000000000000000000000000D94AFF61
:106D10000000000000004000000000000000000033
:106D2000000000000000000000005E90FF00000076
:106D300000018020000000000000000000000000B2
:106D400000000000000000566BFF00000000000083
:106D50000000000000000000000000000000000033
:106D600000000000C0D7FF0000000000004000004D
:106D70000000000000000000000000000000000013
:106D8000005E90FF00000000000000000000000016
:106D90000000000000000000000000000000C0D75C
:106DA000FF000000000100100200100000000000C1
:106DB00000000000000000000000001FE3FF0000D2
:106DC0000100018018000018000000000000000011
:106DD0000000000000000000AA86FF000000000084
:106DE0000000020040004000000000000000000021
:106DF0000000000000ACA2FF000000800180180429
:106E0000002800000000000000000000000000005A
:106E100000008DEBFF1000000001003000001000AA
:106E20000000000000000000000000000000006BF7
:106E3000CFFF000000000000200200000020000042
:106E4000000000000000000000000000C7C5FF10A7
:106E50000000000180100000080000000000000099
:106E6000000000000000000000BD85FF10000000D1
:106E70000000000000000000000000000000000012
:106E80000000000000009329FF0000000000000047
:106E900000000000000000000000000000000000F2
:106EA000000000C0D7FF10000000018018000000A3
:106EB00000000000000000000000000000000000D2
:106EC0004EEFFF0000000001A218020020020000A7
:106ED00000000000000000000000000000AB6CFF9C
:106EE0000000000001881800000000000000000001
:106EF000000000000000000000005598FF000000A6
:106F00000001B41808208008000000000000000004
:106F1000000000000000005111FF0000000001C04F
:106F20001806000002000000000000000000000041
:106F3000000000002C49FF00000000018518200817
:106F400050000000000000000000000000000000F1
:106F500000CBAEFF0000000001A0182020100800A8
:106F60000000000000000000000000000000E3C07E
:106F7000FF0000000001829E000090000000000061
:106F80000000010000000000000000AF85FF1000BD
:106F9000000001801808100000000000000000013F
:106FA0000000000000000000AA09FF00000000012E
:106FB00088980400080000000000000000000000A5
:106FC00000000000008853FF00000000418218000C
:106FD00000080000000000000000000000000000A9
:106FE00000001A0AFF00000000418078000008003D
:106FF0000000000000000000000000000000007918
:107000004FFF000000000184180000000000000095
:10701000000000000000000000000000F957FF0021
:1070200000000001801C00029880000000000000A9
:107030000000000000000000000C3CFF0000000009
:10704000018C9800101800000000000000000010E3
:107050000000000000008CF0FF00000004018039F7
:1070600010001C00000000000000000000000000F4
:10707000000000BDE6FF0000000400001A018A8045
:107080008000000000000000000800000000000078
:107090003AA8FF0000000000021909800400000067
:1070A000000000000000000000000000002B00FFB6
:1070B0000000000000003801800000000000000017
:1070C0000000000000000000000095E9FF00000043
:1070D0000000001801800000000000000000000017
:1070E000000000000000001AC8FF000000000000BF
:1070F0009841800000000000000000000000000037
:1071000000000000385EFF0000000010001803803F
:10711000200000000000000000000000000000004F
:107120000061DDFF00000000000038418000000029
:1071300000000000000000000000000000000BF450
:10714000FF00000000000058018040000000000027
:1071500000000000000000000000000189FF0000A6
:107160000000100018018000000000000000000076
:1071700000000000000000008BADFF0000000000D8
:107180000018018000000000000000000000000066
:1071900000000000001AC8FF000000000000780195
:1071A000800000000000000000000000000000005F
:1071B00000000BAEFF0000000000009801800000FE
:1071C000000000000000000000000000000000A619
:1071D00043FF0000000000001801800000000000D4
:1071E0000000000000000000000000001AC8FF00BE
:1071F00000000000411C8380000800000000000027
:107200000000000000000000006285FF0000000098
:1072100000081811B000400000000000000000004D
:10722000000000000000578BFF0000000000001A63
:1072300005880000000000000000000000000000C1
:107240000000009B7BFF0000000000000402000023
:1072500038000000000000000000000000000000F6
:107260009951FF00000000007181B202800000000F
:10727000000000000000000000000000007424FF77
:10728000000000000002100010008000000000005C
:1072900000000000000000000000F729FF000000CF
:1072A0000000002000600244000000000000000018
:1072B00000000000000000DDD1FF0000000000051C
:1072C00050A00802000000000000000000000000C4
:1072D000000000005BECFF0000000000401C0422E6
:1072E00081500000000000000000000000000000CD
:1072F00000B792FF000000000000000000000C003A
:107300000000000000000000000000000000E8FF96
:10731000FF00000000000058000000A00000000076
:1073200000000000000000000000005901FF000004
:1073300000000100100000108000000000000000AC
:1073400000000000000000003419FF0000000000F1
:10735000000000000200000000000000000000002B
:1073600000000000004CFCFF0000000000002000B6
:1073700000002000000000000000000000000000ED
:1073800000000F35FF000000000000200200010097
:10739000000000000000000000000000000000618C
:1073A00012FF0000000000000000000010000000BC
:1073B00000000000000000000000000020B4FF00FA
:1073C00000000000000005000008000000000000B0
:1073D000000000000000000000357CFF00000000FD
:1073E000018000000001000000000000000000001B
:1073F0000000000000005F5DFF0000000000004092
:107400000000020800000000000000000000000072
:107410000000006288FF00000000018004200000DE
:10742000000000000000000000000000000000005C
:10743000B7A0FF00000000010000002A800000004B
:107440000000000000000000000000000051CCFF20
:107450000000000000000400000000000000000028
:10746000000000000000000000002131FF000000CB
:107470000001800008000000000000000000000083
:1074800000000000000000FA89FF0000000000007A
:1074900000403280000000000000000000000000FA
:1074A00000000000BF22FF000000000000000020DC
:1074B00000000000000000000000000000000000CC
:1074C00000425BFF000000000180100180100000FE
:1074D0000000000000000000000000000000A1DF2C
:1074E000FF000001000187B983A030020000000006
:1074F0000000018000000000000000FD5AFF0000B5
:1075000001000180380B8030020000000000000004
:107510000000000000000000CEFCFF0000000001A1
:10752000801801C0100000000000000000000000F2
:107530000000000000670BFF000000000180100148
:1075400085100000000000000000000000000000A6
:107550000000E59BFF0000000001801801B810004A
:10756000000000000000000000000000000000011A
:107570007FFF0000000001801801A910000000003A
:10758000000000000000000000000000D42EFF00FA
:107590000000000180180182D000000000000000FF
:1075A0000000000000000000004532FF0000000065
:1075B00001801001821000000000000000000000A7
:1075C00000000000000009F4FF00000000018058E6
:1075D0000580000200000000000000000000000024
:1075E000000000C0FEFF0000000001801801D11063
:1075F000000000000000000000000000000000008B
:10760000B25AFF0000000001800805805804000005
:107610000000000000000000000000000499C2FF0C
:107620000000000001803001841000000000000014
:1076300000000000000000000000FEADFF000000A0
:107640000001801C01849800000000000000000080
:1076500000000000000000E909FF000000000180B8
:107660005901A810480000000000000000000000C0
:107670000000000017B0FF000000000180185380D8
:107680001D000000000000000000000000000000DD
:10769000003D99FF0000000001801803801C0000DD
:1076A0000000000000000000000000000000621563
:1076B000FF0000000001803C01AA980800000000C3
:1076C00000000000000000000000000C4CFF000063
:1076D000000001803901D5094800000000000000C9
:1076E0000000000000000000F311FF000000000196
:1076F0008019518014A0000000000000000000006C
:107700000000000000986FFF0000000001803809B1
:1077100080180000000000000000000000000000D1
:107720000000FE57FF0000000001805901A81B3037
:107730000000000000000000000000000000003C0D
:107740003AFF00000000018018118498000000003A
:107750000000000000000000000000004F69FF0072
:1077600000000001801807801000000000000000E9
:107770000000000000000000009B06FF0000000069
:1077800001805803E0180000000000000000000025
:107790000000000000006390FF0000000001801A5C
:1077A000298A18000000000000000000000000000E
:1077B0000000000601FF0000000001801A29941853
:1077C00000000000000000000000000000000000B9
:1077D0001F9CFF0000000041A098438010000000A3
:1077E000000000000000000000000000000FC9FFC2
:1077F0000000000001801805C0100000000000001B
:1078000000000000000000000000B6E8FF000000DB
:10781000002180180180100000000000000000001E
:107820000000000000000040D9FF0000000001A09F
:107830009821A010000000000000000000000000DF
:1078400000000000F13CFF000000000180380380D0
:107850001000000000000000000000000000000018
:1078600000C5C4FF000000000000000604801000F6
:10787000000000000000000000000000000003FE07
:10788000FF00000000000020002800400000000071
:1078900000000000000000000000006C5FFF00001E
:1078A0000000018018000007000000000000000038
:1078B00000000000000000008F7EFF0000000000BC
:1078C00000000000011000000000000000000000A7
:1078D0000000000000A6A3FF00000000010050000F
:1078E0005500B00000000000000000000000000093
:1078F00000006BA2FF00000000018038002A8220F7
:10790000000000000000000000000000000000DE99
:10791000D5FF000000000000400000000000000053
:107920000000000000000000000000005E90FF006A
:1079300000000001801806000000000000000000A8
:107940000000000000000000006401FF00000000D3
:1079500000004000280210000000000000000000AD
:1079600000000000000090F7FF0000000000000091
:10797000000480A0000000000000000000000000E3
:107980000000005947FF0000000000000000000058
:1079900000000000000000000000000000000000E7
:1079A000C0D7FF0000000000000005005084000068
:1079B00001001000000000000000000000519DFFC9
:1079C00000000000018000038020020000018018F8
:1079D000000000000000000000009F34FF000000D5
:1079E0000000000000000000000000000000000097
:1079F00000000000000000C0D7FF00000000008071
:107A000000008000800000008018000000000000DE
:107A10000000000000ACFF000000000100000300B7
:107A20000000000000000000000000000000000056
:107A300000ED49FF0000000000000002000000000F
:107A400000000000000000000000000000006824AA
:107A5000FF000000000000000000000000000080A7
:107A600008000000000000000000005517FF0000A3
:107A70000000000000000000000000018000000085
:107A800000000000000000008097FF0000000000E0
:107A90000000000000000000018000000000000065
:107AA00000000000008097FF0000000010000000B0
:107AB0000001000000018010000000000000000034
:107AC0000000C3E3FF000000000102208120000845
:107AD0000000018018000000000000000000000805
:107AE0007DFF000000000020810000210000000157
:107AF000801800000000000000000000DCD7FF003C
:107B000000000010C3000EC21210000001800A0025
:107B1000000000000000000000A65FFF0000000061
:107B2000008460008000000000018010040000005C
:107B30000000000000002353FF000000000180004F
:107B400001885000000001801800000000000000C3
:107B5000000000BDADFF0000000001024001100068
:107B6000000000018018000000000000000000007C
:107B7000D6DDFF0000000001800009E012180000BF
:107B800001800A040000000600000000000EF7FF5C
:107B90000000000000000000040000000001800858
:107BA000000000000000000000007AC7FF00000095
:107BB0000001028081000000000001801800000028
:107BC000000000000000000968FF00000000000045
:107BD000000180118000000180180000800000007A
:107BE0000000000087B8FF000000002100000180B5
:107BF00010080000018010000000000000000000DC
:107C000000287CFF000000000080000280100800B7
:107C1000000180080001000000000000000057C0C3
:107C2000FF0000008001800809821000000001921E
:107C30001800008000000000000000E724FF0000A2
:107C400000002082D483811100000001801800040C
:107C500000000000000000000205FF00000000011D
:107C60008000419018000000018210000000000018
:107C70000000000000DD0FFF0000000001801A017D
:107C800080988000000188180001000000000000BA
:107C90000000109FFF0000010001801849921000B1
:107CA0000000010008000400000000000000001CAB
:107CB000D1FF000000000180380100180000000121
:107CC00080000000000000000000000017EBFF0033
:107CD0000000000180100100000000000100100001
:107CE0000000000000000000006126FF000000000E
:107CF00001801801801800000001800800000000C9
:107D000000000000000038F6FF000000000180289D
:107D100001801000000001001802000000000000B7
:107D20000000002B08FF0000000001801802001076
:107D300002000001801000000000000000000000B0
:107D4000CCE8FF00000000018000040000000000FB
:107D500001000000000000000000000000F72AFF02
:107D600000000000018038018008000000000000D1
:107D7000020000000000000000007CFCFF0000008A
:107D80000001801800800004000000801000000046
:107D900000000000000000E4F0FF0000000001808F
:107DA000280100080000000080180000000000000A
:107DB00000000000F0BCFF00000000018010010086
:107DC00000000000000008000000000000000000AB
:107DD00000E0A0FF00000000018010070008000084
:107DE0000000001000000000000000000000571616
:107DF000FF000000000190C8002082A0000000A940
:107E000000400000000000000001009ED8FF0000BC
:107E1000000001C00028080014000000820A0800C9
:107E20000000000000000220DACFFF000000000187
:107E30008000000001100000000018200000000079
:107E400000000000004390FF000000000043801489
:107E5000124000000001800000000000000000004F
:107E600000008965FF0000000000380200000000EB
:107E7000000001F200000000000000000000801F70
:107E8000CAFF0000000000000002002800000000FF
:107E90000806D0000000000000000600FCDCFF0027
:107EA000000000000040406924C8000000054002B6
:107EB0000000000000000001204CB1FF00000000A5
:107EC00000241201005002000000320524000000CE
:107ED000000000000300CDA9FF0000000000110811
:107EE00000B40910000000000000000000000000C5
:107EF000000000A46EFF00000000001242200A04EF
:107F0000C0000000004088000000000000000000E9
:107F10008A1DFF0000000000411815809800000035
:107F200000000200000000000000000000C093FFFD
:107F3000000000000000010140101000000044009B
:107F40000000000000000000000036F4FF00000008
:107F500000000004002122020000000000000000D8
:107F600000000000000010F56EFF0000000000029D
:107F70008354428220000000220000000000000024
:107F800000000000EA57FF00000000000101320479
:107F90000010000000440008000000000000000085
:107FA000208F82FF00000000005000001001080038
:107FB0000000000508000000000000000000220989
:107FC000FF00000000012A00044800A00000004457
:107FD0000280000000000000000000C0E3FF00007D
:107FE000000000409CB0020490000000000200006D
:107FF00000000000000000001082FF0000000000F0
:1080000012000008C04400000000008800000000CA
:1080100000000000481E6DFF000000000000080086
:108020000000400000000000000080000000000090
:10803000000081ABFF00000000000010080280007B
:108040000000000000300000080000200000004D8B
:10805000D7FF00000000000000800000400000008A
:10806000000190000010000000000000F2DAFF00A4
:1080700000000000000010010000000000000040AF
:108080000000000000000000009615FF0000000046
:1080900000000080040000000001800000010000DA
:1080A000000020000000EA94FF0000000010000122
:1080B000100100000000018000000000000000002E
:1080C000000080B91BFF00000000018000110818AB
:1080D0000000000000000000000000000000000898
:1080E000FBC7FF0000000001E0208310B802000081
:1080F00001862002000000000000000008CDCCFF37
:1081000000000000098038030028020000018020E0
:10811000020000000000000000807343FF00000028
:108120000001C280110819080000000000080000CA
:1081300000000000000000C796FF00000000018062
:108140000021029A00000000000140000000000031
:10815000000000002DC4FF0000000001901D01C8B8
:108160009880000001C40608000000000000000024
:1081700000D7F3FF00000000018018219019400093
:108180000001800500000000000000000450028D86
:10819000FF0000000001803881801C1000000044B6
:1081A00000C2000000000000000000485EFF000068
:1081B0000000018B0111401808000000228000001F
:1081C00000000000000000007A8BFF0000000001AA
:1081D000AA8429A258040000018040000000000089
:1081E00000000000005820FF0000000001E11E0117
:1081F000C250000000005C00000000000000000011
:1082000000005E5CFF000000000188580180180833
:10821000000001800400000000000000000000A138
:108220000BFF00000000018401510A192200000028
:1082300000A0840000000000000004280111FF00DD
:1082400000000001A48011C01C0000000188800013
:10825000000000000000000000D54AFF0000000000
:10826000018819209519400000000000000000005E
:10827000000000000000FBA3FF0000000001801CC4
:1082800001801810000001C4000000000000000080
:108290000000000D6EFF0000000001A01841A018B2
:1082A00080000001801800000000000000000004B1
:1082B000D152FF0000000001CA988195190000000A
:1082C00000AA00000000000000000000001CCAFF1F
:1082D0000000000001951808951A000000015400E4
:1082E0000000000000000000002886F5FF000000EC
:1082F0000001801428400250000000009800000097
:10830000000000000000002518FF000000000180B0
:108310001E81800838000001C488000000000000B1
:1083200000000000DA2DFF000000000188088190A5
:108330000940000000801002000000000000000062
:10834000002DEBFF0000000001A49830C30C0000DA
:1083500000011090000000000000000000503938BB
:10836000FF000000000180120000840000000000F7
:108370000A28000000000000000000BEF3FF00001B
:108380000000018018617810000000000000020069
:1083900000000000000000005F67FF000000000117
:1083A000801800021000000001801800000000008A
:1083B00000000000006A3CFF00000000018008008F
:1083C000041200000001801A2800000000000000D4
:1083D0000000B17CFF0000000409800200010000E1
:1083E0000002000000000000200000800500004C9A
:1083F000FFFF00000000018012010080000000006B
:108400000010000000000000500000802747FF001F
:1084100000000201C00200400000000001800800CE
:10842000000000000000000000AE6CFF0000000033
:108430000980080000800000020180080000002080
:108440000000D0000080115CFF0000000001C000AF
:1084500000400000000000001000000000000000CC
:10846000050000CC52FF0000000000248100408085
:10847000300000019081200000000000000000009A
:108480009D98FF0000000000080208100000000096
:10849000018004080000000000000000008FC2FFFF
:1084A00000000000000000408009080000004400B7
:1084B000000000000000000000004C6CFF00000005
:1084C000000000041000051000000000051000006E
:1084D000000000000000005987FF000000000015A8
:1084E00010011010C00000005505500000000000F1
:1084F00000000000602CFF00000000004A8900C15D
:1085000008000000002B0000000000000000000038
:10851000D05CF8FF00000000002002C820800000AE
:1085200000000000000000000000000000001B61CF
:10853000FF000000000000186188180000000044DF
:108540000000000000000000000080E787FF00003E
:1085500000000008000808040000000000040000FB
:10856000000000000000004047EDFF000000000098
:108570002485002080900000000900880000000091
:10858000000000000801F1FF0000000400000000EE
:1085900000000000000000000000000000000000DB
:1085A0000000994FFF0401001801001001001000A5
:1085B0000000000000010010000000000000003773
:1085C000E6FF0000001801801802001800000200F9
:1085D0000000018000000000000000006348FF0070
:1085E0000000000000000000000400000000000087
:1085F00000000000000000000058CCFF0200001C3A
:10860000048018020008020004000000018000003D
:10861000000000000000AEA8FF01004000000010B4
:108620000200100000040000000100000000000033
:10863000000000A28DFF0100000002000000000009
:108640000000020000000000000000000000000028
:1086500035C4FF000040000080100000080000004A
:10866000000000018000000000000000003225FF33
:108670000000000000000002000000000001800077
:10868000000000000000000000002864FF0000005F
:108690000000000000000000000001800000000059
:1086A000000000000000008097FF0000001801019A
:1086B00018200000000000000298818000000000E7
:1086C0000000000032ABFF00000018030018000893
:1086D0000080000001800009800000000000000010
:1086E0000051BEFF00000018012318406000600028
:1086F0001001800001800000000000000000B15A5D
:10870000FF00000018018638061021A008000000B4
:108710001B098200000000000000007B89FF0000B0
:10872000001803C018000020000000000280118023
:1087300000000000000000009D26FF0000001A233A
:1087400000380000100000100180180180001000A7
:108750000000000000EDC9FF0000001A2082180090
:108760000010A0080001801A09800000000000002D
:108770000000CBBAFF0000001803801800001000B2
:10878000000000000061820008000000000000D826
:108790008DFF00000018010018000000000000001C
:1087A0000000058000000000000000009087FF002E
:1087B00000001801007800000A08000001001825D8
:1087C0008000000000000000000E77FF000000188D
:1087D00001A21880078460000000841C0180000052
:1087E000000000000000DE2FFF00000018018018CC
:1087F0000820080000000183020180000000000042
:1088000000000023F7FF0000001801401888400016
:108810000800000000982180000000000000000017
:10882000A2D5FF0000001801081808101800000069
:10883000010080018A60000000000000008A15FF2E
:10884000000000180182180440100004000080009D
:1088500011800010000000000000744BFF000000B9
:108860001801803800001800000001801801800401
:1088700000000000000000B8C6FF000000180180E2
:10888000180A00180000000180180988020800007A
:1088900000000004E7F1FF0000001801901800300C
:1088A000180002000180800182000000000000002A
:1088B00000F5D2FF00000018018038000018000009
:1088C0000000001001800000000000000000929DE8
:1088D000FF000000180180180000100000000000D8
:1088E0000801800000000000000000D31AFF000013
:1088F000001801801810001800000001800001809D
:1089000000000000000000004E7CFF000000180086
:10891000001800001800000001801801800000000D
:1089200000000000006E62FF00000018019818129D
:108930000018000000040008018000000000000092
:108940000000AB51FF0000001C0380380400180039
:10895000000004001001800000000000000000C6BC
:10896000CCFF0000001800001800001800000000F4
:108970000000018000000000000000005027FF0000
:108980000000180080580000180200000180180143
:1089900080000000000000000074A1FF0000001C27
:1089A000000018000018000000018008018000008D
:1089B00000000000000063FCFF0000001800001829
:1089C000000008000000000010018000000000000E
:1089D000000000E562FF0000001801001800001808
:1089E00000000000001801800000000000000000EE
:1089F0003F34FF0000011A1202181000180C00008A
:108A000001C100A1D40100000000000200D80EFF47
:108A10000000001904015880081C40000001821465
:108A20000180C00000000000002023D6FF000000ED
:108A30001800001814001C8000000000080180804D
:108A4000000000000000007428FF00000100002169
:108A5000002212001000000180000002000000004F
:108A6000000000009FE0FF00000000B00C010200C9
:108A700000000000018005800000000000000000F0
:108A8000008EAAFF0000001300001000000000008C
:108A90000000650041C4012000000000036027942D
:108AA000FF0000000C0202C2880000440000000227
:108AB0000000114000000000000400572AFF0000E1
:108AC0000010071030000401000000004400810481
:108AD000204000000000050029D0FF0000001D40DC
:108AE000C51D4C0000000000000000018080000057
:108AF00000000000402D2BFF000000000009400096
:108B000000000C000000008308004000000000008E
:108B10000000D9EFFF0000001805C058040040A075
:108B200000000010004180000000000000000093E1
:108B300085FF00010000010410010010800000000A
:108B4000440000000000000000000000AF6DFF00C6
:108B50000000300204000200000000000000802835
:108B60000020020000000000002435FF000000008B
:108B7000042540020040300000003202A80000003E
:108B8000000000000000823FFF00000000004900DC
:108B9000000004000000005400000000000000007D
:108BA000000030B41CFF00000000001000000000B6
:108BB0000000000000800000000000000000000035
:108BC00071FAFF0000000000000000000018000023
:108BD000004402C00000000000000000002BEAFF7B
:108BE00000000018018D1801800400000000000141
:108BF000000000000000000000480F7CFF000000A3
:108C00004004400004000000000000090210004081
:108C100004000000000000E538FF00000008008AA2
:108C20000A808000000000000000002A020000000E
:108C3000000000001733FF000000100100000008D2
:108C400000002000000200100000080000000000EA
:108C500000BEEFFF00000000000004006000000004
:108C600000000001904484000000000000007AB978
:108C7000FF000000180002802880000000000004AF
:108C80008000000000000000000000DC18FF000071
:108C900000000014010010000020000180000010FE
:108CA0008008000000000000818DFF0000004008E7
:108CB0000000001000000000018000000000000023
:108CC0000000400008D5CFFF0000001008000001A0
:108CD00002900000000000100001000000000000F1
:108CE00000002B7DFF000004100202A003053002EB
:108CF00000000198880001200200000000000041EF
:108D000035FF000004100380282B0830020000010A
:108D1000800000002002000000400008908AFF0050
:108D200000005000108801000A40000000001800F8
:108D3000000000000000000000860CFF0000001092
:108D400000200801801100000000080A280000002F
:108D5000000000000000BF37FF00000010018C0879
:108D600001001018000001C5100000000000000004
:108D7000000000BF67FF0000001005D008010019C7
:108D80000000000190180000000000000000002812
:108D90009729FF0000001005C01801005D40000089
:108DA00000540010002004000000000000B80AFF7A
:108DB0000000001002008001001228000000230DB6
:108DC0000000000000000000008017C7FF00000046
:108DD000500003400580180200000001144000000C
:108DE00000000000000000FC3BFF000000100182BA
:108DF0000801801100000001C51C6800000000008F
:108E000000000080C6A1FF0000001001A0880580BE
:108E10005808000001800000000000000000000071
:108E20004888CEFF0000003004122801801C440056
:108E3000000008111000400400000000000009A319
:108E4000FF0000001000010911A01A00000000003E
:108E50000A0800000000000000000062BFFF0000E0
:108E6000001001900A439519000000019001400094
:108E70002000000000000000303CFF000000100156
:108E8000C408008A98D0000001C518000000000046
:108E900000000000000770FF00018018012200039D
:108EA0008108100000018098318018000000000047
:108EB000000024C5FF0001801802C80AC1401C0040
:108EC000000000A3182980180000000000000069BD
:108ED00026FF0001801005901121D01D40000001E7
:108EE000D404018038000000000000289D91FF009C
:108EF0000180100083080900185000000088050157
:108F000080180000000000000002B4FF000180187B
:108F100001C08801860800000001C400118018000B
:108F2000000000000000A139FF0001801803800943
:108F300021B01940000000800001803800000000CE
:108F400000000031CBFF0001801001951801809CCA
:108F500008000001891A418018000000000000503C
:108F600056BFFF0001801003800807801800000032
:108F700000801909823800000000000000AFEBFFFC
:108F800000018018038008038808000000018008A1
:108F9000018038000080000000008277FF0001801F
:108FA00018008008A10018000000008008018898BF
:108FB000800000000000009A2EFF0001801804804D
:108FC00018A190180000000080108988D880000047
:108FD000000000006709FF000180180080000340C6
:108FE00010000000018210018018000000500100F4
:108FF000000EDCFF001180181580080380080000B7
:109000000001801001821800008000000000729EA4
:10901000FF00018018018009019018000000008005
:1090200010018058000000000000004CA4FF001157
:10903000801808800803A018000000008008018044
:1090400038000000000000006C43FF0001801800A1
:1090500080010190180000000182080180380200A0
:109060000050010000DC7AFF000000000210002028
:1090700000000000000191028000000000000000DC
:1090800000005B00FF0000000000050290000100EE
:10909000000001800020000000000000000000121D
:1090A00034FF0000800800400A080000180000009B
:1090B000440001805804000000000000062DFF005D
:1090C00000000000000008028040000000000000D6
:1090D000000000000000000008C083FF0000000046
:1090E0000002904000000000000055050100100043
:1090F000000000000000EE59FF00008018802C8C5A
:10910000C0000490000000220081801802000000CE
:10911000000440A30DFF0000000000280100000132
:1091200000000000000040000000000000000000FF
:10913000D140FF0000801A02001800050040000026
:10914000004400218078000000000000086DCBFF83
:1091500000000004002804C000010000000000001E
:1091600020000004000000000040B15FFF0000008C
:10917000010403001000020800000000008000004D
:109180000000000000040070E7FF02A800002000BB
:1091900000000000040000000000000000000000CB
:1091A00000000000FAEDFF00000010010010048034
:1091B0001005004001001007000000000000000042
:1091C000005F1BFF0000000000000004001800808A
:1091D00000018038018000000000000000000583CD
:1091E000FF00000000000000000000000040000040
:1091F00000000000000000000018005094FF000074
:10920000000000000000001800800001802800809D
:1092100000000000000000006071FF02A8100100C3
:1092200000000000101200000100100100200000EA
:109230000000000000777AFF00001001200000000D
:1092400000001000000000000000200000000000EE
:109250000000F385FF00000000000000000018007F
:10926000800001800800800000000000000000C8AD
:109270007DFF000000000000000000000200000070
:109280000000000000000000000000004CD8FF00BB
:1092900000000000000000000000000000000000CE
:1092A000000000000000000000C0D7FF0000000028
:1092B000118000100018018000018818098000004A
:1092C0000001000002003A39FF0000000001885050
:1092D0000000188380020180800000204000000010
:1092E0000000007547FF0000000011000990001801
:1092F00001800001802A0280804000000000000000
:109300008B94FF0000000001900000001901800014
:109310000181900501000000010000000088F4FFB9
:1093200000000000018020000018050004018812E0
:10933000118020000000000002007D2DFF000000D1
:109340000001801000201801000041A048004200E8
:10935000000080000000007698FF000000000180FF
:109360006000201A01000001A080008200000100BE
:10937000000000003A2BFF000000001980000000F0
:109380001C030184218038612000000000000000DF
:1093900000CB20FF000000000180100000180180B9
:1093A00002018058010060000000000000008727D3
:1093B000FF000000002180000800180380000180E9
:1093C00000808000000000000000087A75FF0000A7
:1093D000000041800800001801804001800E6000FC
:1093E0000000000000000408C1B5FF0000000001FB
:1093F0008000000018018000018A1005880000002C
:10940000004000000079BCFF00000000018010084F
:10941000003803000001883003080000000020002D
:109420000000C8F4FF000000000180000000980167
:10943000020017800A008200000000000000000304
:10944000B7FF0040000001800800003C011020012F
:1094500082208000000000000000040088A8FF08AF
:109460001800180180004000180502000190180142
:10947000800000000000000000E054FF0000000039
:109480000100100000180180000980180180000010
:1094900000000000000010E4FF0040000001801008
:1094A00040009A01880001881A0182000000000033
:1094B000000000849BFF00000000018010000018E5
:1094C0000180000100180180000000000000000081
:1094D000DBA5FF00000000018010000018018000E3
:1094E00001001801800000000000000000DBA5FF63
:1094F0000000000041001000001001000001811870
:1095000001800000000000000000DAABFF00000056
:109510000000001800001001000001801801800008
:10952000000000000000000D91FF006000000380BB
:109530001088181801804001001801800000000008
:1095400000000000B83AFF000000000100300000F9
:1095500018018000010018078020000100000000B1
:1095600000E4BEFF00000000410020000010018068
:109570000001805801800000000000000000C17B55
:10958000FF000000000580100000100380400180F3
:10959000180180000000800000000060D2FF000081
:1095A000000001001000001001800001001801807F
:1095B0000000000000000000638DFF0000000001BB
:1095C00080108800100380000100B80180000000B6
:1095D0000000000000F0C6FF0000000001001000C5
:1095E00000100180000180180180000000000000D0
:1095F0000000DC4EFF00000002112810000014895A
:10960000810001A518B18020000000000000006664
:10961000C0FF01000000410104544090218000017E
:10962000001C05B400000000000000004D36FF00E3
:1096300000000220021400401001800001001E0101
:1096400080000000000000000095C0FF0100000045
:10965000403900002002D00000018140D800C00045
:10966000000000000000E215FF00000000100000F4
:1096700000010120002001800100600000000000C6
:10968000000000A254FF0000000000400820000479
:109690000002000080380088200000000000000068
:1096A000B805FF000000040800805000000C010015
:1096B0000066A0021420000000000000007B87FF6D
:1096C000000000000801002200002802400040D2F3
:1096D000860840000000000000004D36FF0000003A
:1096E0000440541800400500000000841811A10037
:1096F00000000000000000E9D7FF00000004900017
:109700000400000004000000000800110000000038
:10971000000000003087FF0000000040003810000B
:1097200000040000018010058040000000000000DF
:1097300000D43EFF000000120100110100500100A2
:10974000000000011000000000000000000006AE54
:10975000FF000000000208002100200000000000BF
:109760004000002000000000000000A354FF0000A3
:109770000000A800401000000400000000200400C9
:1097800040000000000000000980FF000000000011
:109790000505080000000000000020004000000057
:1097A0000000000000D7D6FF00000000000003000A
:1097B00000200000000000011010800000000000E8
:1097C00000007BF8FF00200002A83000000000002D
:1097D00002000000403E0080000000000000004643
:1097E000CAFF00000002D18005218018000200019C
:1097F000801801000000000000000000AF20FF0002
:109800002000000243001000400000000000004063
:10981000C0C0000000000000006A5CFF0000000003
:109820000080000180180000000082180380A00062
:10983000000000000000D50BFF0042000001008086
:10984000888010000082010810090000200000003C
:109850000000004E69FF00000000000000008000D2
:109860000000040000801200200000000000000042
:10987000AF63FF00400000008101000018020120DA
:1098800000849801810000000000000000D6CAFF9B
:1098900000000000000000100000000000018880AF
:1098A00000000020000000000000C6D2FF00000001
:1098B00000A0100020000020000001800000000037
:1098C0000000000000000077B6FF000200000080EA
:1098D000184180180000000000980180000000007E
:1098E00010000000F937FF01800000828FA803807C
:1098F00038000000007E38038020000000100000C7
:10990000007F4AFF000000004280300380382000C2
:109910000001803803802000000000000000C4FC2B
:10992000FF00000000004098918018020020018094
:1099300018018000000000000000008A2AFF0000DB
:10994000000000841C2180580000000000180180E5
:1099500000000000000000006212FF000400000090
:10996000B218218018000000004418018000000097
:10997000000000000068ECFF0000000000C41401BB
:109980008018000200018018018000000000000023
:109990000000ADDAFF000000000001190980180482
:1099A000000001C438018000000000000000002910
:1099B000D1FF00040000009098A9803AA0080000A0
:1099C0002A18018000000000000001008A26FF0024
:1099D00000000004885C0380380000400000180389
:1099E000802000000000000000F41FFF00000000C5
:1099F00000900401805800600001C41805804000F8
:109A0000000000000080E1C1FF00000008008400A9
:109A1000CD801824000001801801800000000000A3
:109A2000000000B60FFF0000000003C0B801801D59
:109A3000000C200008580180000000000000000019
:109A400048C2FF10000000C1929901801800000078
:109A5000000018018000000000000000004639FFEF
:109A60001000001400A01431801804000001903888
:109A700001800000000000000000BE93FF00000015
:109A80001021201A09801800000001C4180180006C
:109A9000000000000000009FC0FF080000000180DF
:109AA0001C50801800000001801801800000000098
:109AB00000000000B917FF0000000A808C980080A9
:109AC0001002000001AA1003802000000000000026
:109AD0000067B3FF00000010091519010010020013
:109AE0000000443805800000000000000000EE1B6C
:109AF000FF10000018000018A180100000000000F6
:109B00001001800000000000000000CA0BFF1000E0
:109B1000001AA1A01800801002000001CC080180EA
:109B20002000000000000000FCABFF1000001D0939
:109B3000841D40801000000001882001800000008A
:109B40000000000000EFE3FF1000001821A9180931
:109B500080100400000000080180000000000000E8
:109B60000000940CFF0000001801801A21801000F2
:109B700000000004000380200000000000000059E5
:109B8000BBFF1000001819801C0090180400000191
:109B9000A02201808000000000000000FF1AFF10DA
:109BA0000000180180180688100042040180080196
:109BB000800280000000000000FCACFF00000018E4
:109BC00001800021001800040200240001804500EB
:109BD000000000000000CF04FF0000001841A810A2
:109BE000010310100000102808158000000000007C
:109BF00000000002DBFF0000010801801800901047
:109C00000020000184160380800000000000000096
:109C10003B91FF1000001D01A81800C0900000003B
:109C2000098818018000000000000000004B29FF97
:109C300000000000218000018A10000000000210D6
:109C40000180000000000000000088EEFF0000011D
:109C50001D01801000A01010000000201A09804093
:109C600000000000000000A1CEFF0000001800214D
:109C70000500420000000001800442004000000096
:109C8000000000002BBBFF000000180004000009CA
:109C90000000000001900000000000000000000033
:109CA0000002CBFF0000000D5002021888000000E7
:109CB0000000C40821800000000000000000FD85B5
:109CC000FF0040000000440000022154000000009A
:109CD0000010000000000000000100A78EFF00003F
:109CE0000005504101000000000000015414010073
:109CF00020000000000000009943FF0000000AB0AF
:109D0000080280A88400000000AA0A058020000044
:109D100000000000003A89FF000000000000000081
:109D2000454002000000000002004000000000006A
:109D30000000C937FF0040001C50040001800000F3
:109D4000000001C41811800000000000000000465F
:109D5000B9FF000000000010000014029000000095
:109D6000000000000000000000000080AC92FF0036
:109D700000000100400480410020000000100400A9
:109D8000004000000000000000CD85FF000800003A
:109D9000040200000000000000000000002000009D
:109DA0000000000000009006FF000000100100000D
:109DB000010070018000010050010010000000004F
:109DC0000000009BF6FF00000018818000000018D2
:109DD00000000001803001001800000000050200B2
:109DE0000683FF0006000480400000000000000021
:109DF0000000080080000000000000000073CCFF9D
:109E00000000000801800000000800000000801829
:109E10000180580000000002840052EEFF0008009C
:109E200011050000000400000520010030010010B1
:109E30000000000000000059A6FF00000001000221
:109E400000000000000020000000004000000000B2
:109E5000000000009CB7FF0000000A01C0000004E1
:109E60000800050000801801803800000000000094
:109E700000F65DFF000000180000000000000080F8
:109E80000001802000000000000000000000FECE65
:109E9000FF0000001800000000000000000001802A
:109EA0000000000000000000000000D5C2FF0040DC
:109EB00000182180000100180080000000180180B7
:109EC0001810000000000000024BFF0000001011FD
:109ED000800001101820800001001803A0980001E4
:109EE0000000000040CE02FF0000000841A0000179
:109EF0008018010000008298018018000100000015
:109F000000000D2CFF004800181BC0000130184154
:109F100000200180380980B800000000000020E81F
:109F200020FF000000180180000100180000000060
:109F300002B803C0B81000000000000025D7FF00E1
:109F40000000188180200102182000404100180103
:109F5000821A00000000000001F878FF00100019CC
:109F600001800001A2380000002080180182180042
:109F700000000000000085C4FF00400018098000B8
:109F800001001800000001861841C01A00000000FE
:109F9000000000462FFF004000180180000100383B
:109FA0002080000000182FA0980000000000000092
:109FB0003E88FF0080001A2382C001001800800044
:109FC000010818018018A8000000000008EC59FFE3
:109FD0000000001801800081801019218000A23843
:109FE00005A61800000000000008579FFF000000B1
:109FF00018898000018010010000018098018018FC
:10A0000000000000000200B4ACFF0080001889804E
:10A010000101001803000000009801A018000000D2
:10A0200000000000509BFF0000001A0180010104A5
:10A030001921080001241A018218400000000000C4
:10A04000003801FF0000001A2192800181101320C6
:10A050000500AA18018018A8000400000400DF040D
:10A06000FF08000018018400018010210800818190
:10A070001845931800000000000000F700FF0000E2
:10A08000001C00040081030889806201A21801807D
:10A090000000000200000000B97EFF000000180070
:10A0A000080001001001800000809A218880400093
:10A0B0000000000000C0CAFF0000001800000001FE
:10A0C00080180180000100380180000000000000BD
:10A0D000000426ACFF0000001800000001801801F9
:10A0E000800000001801800000000000000000F166
:10A0F00038FF00000018000000010818018000016E
:10A100008018018000000000000000001BE4FF0038
:10A110000000180000800100180180000080180174
:10A12000800000000000000000784FFF00E00018F1
:10A13000000100018018018000010018018000006A
:10A14000000000000000A2DEFF0000001800000078
:10A1500001801803800000009807800000000000C4
:10A160000000081D46FF0020001800000001001834
:10A170000380000180180180000000000000000042
:10A180001DECFF0000001800000001001801800015
:10A1900000801801800000000000000000C4C4FF1F
:10A1A0000000001800000001801801800001011863
:10A1B000018000000000000000004EC5FF00C0004C
:10A1C00018000000018818018000000018018000BC
:10A1D00000000000000008AE7AFF00000018000038
:10A1E00000010018018000018018018000000000BB
:10A1F000000000003B47FF000000082005000101AF
:10A200001A91910000821A418000000000000000B5
:10A21000005827FF0100001300000001B05801C0E2
:10A22000400100180DC14248000000000000E69DFA
:10A23000FF0000001C00000001821801C0000000A7
:10A240001811C0800800000000000053EAFF010060
:10A25000001A4C00000068A08002000184448008BD
:10A26000000000000000000076BDFF0000001900A3
:10A27000090000100220080001A0000802041000DC
:10A280000000000000A522FF000000080000000000
:10A290008100111040008038418000400000000023
:10A2A0000000A30EFF00000000240440000005048D
:10A2B000810000022004014004000000000000733F
:10A2C00005FF000000100608000001022112000135
:10A2D00000500B02A01000000000000081E8FF0009
:10A2E00000000C48000000D40105800000A4190102
:10A2F0009000000000000000000EFCFF00000001C4
:10A3000000004000000000C000000008048040047D
:10A3100000000000000095F2FF000000181200008D
:10A32000018040050C000181500100400400000044
:10A33000000000CE55FF0000001441000001001095
:10A340000020400044000000000000000000000069
:10A350002002FF0020000002000000002003000097
:10A36000000000060020000000000000004064FF24
:10A37000000000032C000000004004004000228088
:10A3800000000004000000000000E277FF00000071
:10A3900005500000004900001000005400000000BB
:10A3A0000000000000000063FBFF00000000000050
:10A3B00000000000000A0000004002004000000011
:10A3C00000000000DB46FF00000004400000000029
:10A3D00003800200004400000000000000000000B4
:10A3E00000C9F3FF00200018000000019018018050
:10A3F0000000801801801800000000000000A54C3B
:10A40000FF000000008A0000004144041200000820
:10A4100000040040000000000000006562FF000032
:10A4200000080000000188080184200080082280C4
:10A4300038000000000008008B4DFF0002001000F3
:10A4400000002100100100000100100100100000B8
:10A450000000000000FBDFFF000000000000000023
:10A460000000200C20000800020020000000000076
:10A4700000006F04FF0000000800000001B0280B7E
:10A48000900000808820801800000000000000F28A
:10A4900018FF000000180000004000182000000114
:10A4A000880040000000000000001000BC53FF00C6
:10A4B00000001800000000021C00040201A000803F
:10A4C0000000000000000000003713FF0002001829
:10A4D000000000018218018004004019018018006A
:10A4E000000000000000BD4AFF0000000002002044
:10A4F00001819A69C2200080203280380260000009
:10A50000000000C159FF0000001802002001A0084F
:10A5100001A0200100B80A0038020000000000007D
:10A520005A8CFF000000190000000180244B8000BD
:10A53000018000010018000000000000005FCDFF56
:10A540000000001810000001801081800000010050
:10A5500001001800000000000000DDD0FF00040032
:10A560001C40000001800089800000C41800001811
:10A57000000000000000002B21FF00000018000078
:10A5800000018805018060010000008018000000C3
:10A59000000000009F9BFF0000001C500000018095
:10A5A0001C41800001C51803801800000000000055
:10A5B00000BBD5FF0004001AA80000018018298004
:10A5C00000002A180180180000000000000055BBA0
:10A5D000FF000000188200400180580580200080A4
:10A5E0002000803802000000000000703AFF0000E8
:10A5F000001C440000018018018000014418000084
:10A6000058040000000000009D6DFF0000001800CD
:10A61000000001901B118000018040010018000023
:10A6200000000000000425FF000000188800200141
:10A630008020238040000800050018000000000072
:10A6400000002F86FF10000018100000018000A1FC
:10A650008000008018200118000000000000004A5F
:10A66000C9FF1000001900000001801011800001D6
:10A67000100002905802000000000000A7CFFF0069
:10A6800000001C40004001801C01800001C4183102
:10A6900088180000000000000085DBFF08000010A3
:10A6A000080000018018210000018018219400009A
:10A6B0000000000000009DEFFF0000001AB0000045
:10A6C000018042A1002000AA1801800004000000BF
:10A6D000000000EA39FF000000154000200180045E
:10A6E00001004001C41803802002000000000000A7
:10A6F000D125FF10000018000000018000110000AB
:10A70000008018118080000000000000002DE2FF92
:10A710001000001C40000001803CC9000001C498EA
:10A72000198000020000000000002815FF10000042
:10A7300018000040018018900020008098059020AB
:10A74000020000000000000188FF10000019100046
:10A7500000018018018000018018218200000000A3
:10A76000000000006BEDFF00000018100080018069
:10A770001800A020008018038002000000000000E4
:10A780000005D4FF100000181000200180180002FE
:10A79000200182180580200200000000000059AE50
:10A7A000FF100000180000008180000800000080F9
:10A7B000180180A020000000000000E413FF00004A
:10A7C0000018000001018000102040008018018165
:10A7D0002040000000000000202AFF0000001800B8
:10A7E0000000018204000000418018038000000086
:10A7F0000000000000758CFF0000001000008001C8
:10A800008000010240018318038022000000001034
:10A8100000000F45FF101800100000000180180014
:10A82000000420809D018000000000000000004026
:10A8300092FF0000000800000001821A018004005D
:10A84000801C038000000000001000001CF2FF00CC
:10A85000000018000000018038008000018018838B
:10A860008020000000000000003FB9FF0000001839
:10A87000100000000018402020018000040060004B
:10A880000000000000009520FF00000019000000FB
:10A89000000019108480018000000000000000000A
:10A8A00000000073ABFF0000000C40000001802C92
:10A8B0000800800055180180000000000000000022
:10A8C000DCE3FF0000000000000000000050042056
:10A8D00000000000000004000000000000814AFFAA
:10A8E0000000001540000001001540420000551016
:10A8F00001000000000000000000682BFF00400085
:10A900000AB0000001804A8008200022180180005F
:10A91000000000000000019F3EFF00000000080052
:10A92000000000200000400000080080000200003D
:10A9300000000000D28EFF0000000D4000000180EA
:10A940007C00000000441007002000000000000010
:10A9500000034DFF00400000000000000000100058
:10A96000000000000000200000000000000075361C
:10A97000FF00000000100000000001201220000075
:10A9800000000000000000000000002529FF00007A
:10A99000000000000000000004000000088020000B
:10A9A000000000000000000079A7FF000000000088
:10A9B0000000010010010000010010010030000043
:10A9C000000000000078D2FF00000000000000003E
:10A9D00000180000000180000000000000002810A6
:10A9E0008020F0F1FF0000000000000000000000E7
:10A9F000000040000000002000000000000000A057
:10AA00005AFF0000000000000000004800000001A4
:10AA10008000000000000000280880409414FF001F
:10AA2000000000000000000010041007814000003A
:10AA30000000000000000000000E0AFF00000000FF
:10AA400000000000000000000000004000000000C6
:10AA500000000000000010CAFF000000000000001D
:10AA600000000800100021D120200000000000009C
:10AA700000000022B4FF00000000000000000058A9
:10AA80000080000000000000000000000000000046
:10AA90009731FF00000000000000000018000000D7
:10AAA000000000000000000000000000009137FFDF
:10AAB0000000000000000000821808800001800AE9
:10AAC0000180000000000000000190CBFF000000AA
:10AAD000000000000080182182000180100040006A
:10AAE00000000000000000D082FF00000000000015
:10AAF0000001843800000001800020C08080000038
:10AB0000000000007C77FF000000000000000180D2
:10AB10000001040001881C43000000000000000048
:10AB2000001158FF0000000000000000800050806D
:10AB300000018010008100800000000000008222DF
:10AB4000FF00A00100000004008240438000118348
:10AB5000088500840020000000000193DDFF000054
:10AB60000000000000018080202000218018098062
:10AB70000000000000000000AA4AFF000060800002
:10AB8000000001811801460049E080100002002009
:10AB90000000000000776FFF00A00000000002002E
:10ABA0008478000008018A110001600000000000A4
:10ABB0000000712CFF0000000000000000841884D9
:10ABC0000000018008018000000000000000806992
:10ABD00017FF0000000000020001801E78008001C5
:10ABE00080180100000020008000008025F1FF0097
:10ABF00000000000000001809800006001906000EB
:10AC00008040200000000000004921FF00000000FB
:10AC10000002000184800100000188080500002076
:10AC2000200000000000DB30FF00000000200400D6
:10AC300001840001008001B41000A8400800000059
:10AC4000000000156DFF00000100000100118040B0
:10AC500081008001800000000000000080000000F2
:10AC6000C687FF091800000000000100180100005D
:10AC700011819995898000000000000000DEC9FF65
:10AC8000000000800000000180380100C009CA18DF
:10AC900001801800000000000000B6EBFF0100007A
:10ACA0000040050009840001002801801810A01848
:10ACB00008000000000000C510FF000000000000B8
:10ACC00000010000010000008018000018000000D2
:10ACD000000000049321FF000000000000000100BC
:10ACE00000010008008018010018000000000000AA
:10ACF00004FB3DFF00000000000000008018000081
:10AD000000000018000018800000000000006D5BCB
:10AD1000FF00000000000000008018000008000094
:10AD200018010058000000000000008CDFFF000048
:10AD300000000000000080180000000100180180E1
:10AD40001900000000000000DAC3FF00000000004E
:10AD500000000080180000000100180080180000AA
:10AD600000000000002AD2FF0028000008000001B7
:10AD7000801801000000001800001800000000000A
:10AD800000007F9BFF000000001000000180000118
:10AD9000000000001801001802000000000000D5AB
:10ADA00097FF00000000000000010000000000010B
:10ADB0000018018018000000000000008561FF00FD
:10ADC000500000000000000000000000010018001A
:10ADD000801802000000000000F331FF00000000B6
:10ADE0000000000080000180000180180180180030
:10ADF00000000000000021E3FF0000000000000050
:10AE000000881A3185010184184093384000000001
:10AE1000000000B4E1FF00000000000000008259C3
:10AE200004A80030A0980C201A00000000000000C8
:10AE30000945FF00000000000000008299808000AA
:10AE400010C91A010018040000000000001400FFDF
:10AE50000000000000000000041A40000080228072
:10AE6000307A00420000000000006B62FF0000002A
:10AE70000000000000101C00F10000000080000035
:10AE80000000000000000031A7FF000000000000EB
:10AE90000000800800048148001800050C00000034
:10AEA000000000004254FF0000000000000000000D
:10AEB00000340002000420480000000000000000F0
:10AEC000005666FF000000000000000100308241D3
:10AED00000905150C200000000000000000093D913
:10AEE000FF0000000000000000850C40000200028E
:10AEF0001C105218000000000000007DE5FF00005B
:10AF00000000000000002000440280280000100023
:10AF100080000000000000005705FF000000000056
:10AF20000000008C1814000000001C402258000093
:10AF30000000000000FCDBFF00000000000000013A
:10AF40000015014000200000001000040000000077
:10AF500000007E4FFF00200000000000002B20209A
:10AF60000020840041280020000000000000002F85
:10AF700017FF000000000000000024024C00000841
:10AF8000002228154000000000000000B371FF00FF
:10AF90000000000000000000051010000400240064
:10AFA000410000000000000000B3FCFF00000000B2
:10AFB0000000000010010042800400000040000278
:10AFC000000000000000A0AAFF0000000000000038
:10AFD0000044044020010400411000000200000071
:10AFE00000000095A2FF0000000000000000001813
:10AFF0000000000180000180180400000000000033
:10B00000057FFF0020000000000000114088502054
:10B01000000004404140000000000000003773FFC2
:10B0200000000000000000000008200400038080F1
:10B03000498008080000000000007684FF0002003C
:10B04000000000000000100820000128000102900C
:10B050000000000000000047C1FF000000000000E9
:10B0600000000002400400020001D00800000000BF
:10B07000000000001E86FF0000000000000000002D
:10B080002812402001D000038028020000000000A8
:10B09000007589FF0000000000000000001A008019
:10B0A00000000080000D001000000000000083C3BD
:10B0B000FF00000000000000004A9840000000006F
:10B0C00000000000800004000000001ECDFF000A08
:10B0D000000000000000411800880001801001807D
:10B0E00018800000000000000701FF0010000000B1
:10B0F00000000000182110000180280180180000C5
:10B10000000000000080C7FF0000000000000000F9
:10B110000C18008000018020018000000004000065
:10B120000000DB76FF00000000000000004C200360
:10B13000002001841803A0A0020000000000003FCE
:10B14000C1FF0000000000000000010030080403FF
:10B15000800801841800000000000000A4DFFF0048
:10B1600000000000000000000580640201D0100112
:10B1700090180000000000000000D5FF000600004D
:10B18000000000000800014000418018018000001C
:10B190000000000000001615FF0000000000000085
:10B1A0000010DC31082001802003C00002000000F4
:10B1B0000000002BC7FF0000000000000000041A80
:10B1C000A8820809C40801AC0000000000000000CB
:10B1D0008978FF000000000000000022180504002C
:10B1E00005AA10018AC000000000000000AA50FF5C
:10B1F0000000000000000000001C00800803C018D0
:10B20000018018000000000000008C81FF00000099
:10B2100000000000000C5801000049800001821865
:10B22000000000000000006247FF00000000000076
:10B2300000000000CA444805845005D020040000E6
:10B2400000000000E2D5FF10000000000000000038
:10B250000000000001800C118000000000000000D0
:10B2600000FD20FF1000000000000000000141016F
:10B270000001800081801D00000000000000D90D49
:10B28000FF0000000000000000001C111C000180F5
:10B290005841801800000000000000480AFF080024
:10B2A000000000000000801001800001801A098069
:10B2B0001800000000000000C375FF00000000003F
:10B2C00000000000028180000180225180200000E7
:10B2D00000000000005CEAFF000000000000000128
:10B2E000000D018100018020418018000000000055
:10B2F0000000C31CFF100000000000000180085186
:10B300008508018019018005000000000000007F11
:10B310003DFF1000000000000000801C3982000189
:10B32000804011804A80000000000000AF8FFF10B5
:10B3300000000000000001001801800801801C21AD
:10B34000801100000000000000722CFF10000000BF
:10B3500000000001001921850001805801800A00C9
:10B360000000000000008E07FF0000000000000049
:10B3700001801801C26001A08211A010000000002D
:10B38000000000F1BAFF1000000000000000001EE5
:10B390002180A001824081809008200000000000F0
:10B3A000F23FFF10000000100000000008098800B4
:10B3B00001801823880A06000000000000B66DFF17
:10B3C0000000000010000000800849B2C001801A8F
:10B3D0004B891200000000000000B9F2FF000000DD
:10B3E000000000000080084180000180000180080A
:10B3F00000000000000000EEA6FF000000000000BA
:10B400000000000001800001A29885A00008200033
:10B4100000000000CAEDFF14000000000000010061
:10B420001801800401800001801800000000000065
:10B43000001346FF00000000000000008010218083
:10B440000001800001800000000000000000FE33C9
:10B45000FF0400000000000000801801804401800B
:10B460003801805800000000000000C92DFF0000D6
:10B47000000000000000041820000200000002008C
:10B480000020000000000000618EFF0000000000AE
:10B490000000004898880050000004A80000080040
:10B4A000000000000008CBFF0000000000000000CA
:10B4B000A0040180000180200980282000000000F5
:10B4C0000000CF35FF000000000000000000000079
:10B4D000000100000080000408000000000010834C
:10B4E0008EFF000000000000000011044100000178
:10B4F00000250100500800000000000174F6FF0064
:10B5000000000000000000C802A9806029802051CE
:10B51000802800000000000000C560FF000000005F
:10B5200000000000020088002400004040004000AD
:10B53000000000000000AB37FF002000000000000A
:10B5400001808551800001800241801800000000C8
:10B550000000083B72FF0040000000000000108067
:10B5600000000020000480004408000000000000EB
:10B57000B854FF0000000000000000200000002080
:10B580009000201000000000000000000073B0FFD9
:10B5900000000800800000000000000000000240E1
:10B5A0000000000000000000000028ACFF000100C7
:10B5B0001001001001006011004001041001011091
:10B5C000000000000000007CD3FF00018098018093
:10B5D000000000000000200180080180000200003F
:10B5E000000000006885FF0000000000000000006F
:10B5F0000040011140020000008000000000000037
:10B6000000B2CBFF0000808800800000000008002E
:10B610000005802801800000000000000000AE98B6
:10B62000FF00400400404020001000000480011092
:10B6300000010000040000000000005B40FF00006B
:10B6400000000000000000000000000008000000F2
:10B6500000000000000000004328FF002094094083
:10B66000C000001000400401218208018000000099
:10B6700000000000008D00FF000080080080200016
:10B680000008000000040018000000000000000096
:10B6900000007E44FF0000000000000000000000E9
:10B6A000000000001800000000000000000000BEC4
:10B6B000D2FF000180180180000002084180008153
:10B6C00082180180022000000000000073C3FF0008
:10B6D0000180180180000000180180040180180119
:10B6E000800080040000000000955DFF00018018CC
:10B6F00001800000042E4586040184180180054065
:10B70000040000000000F0DCFF0001801801800050
:10B710000000580180010180180180200200000013
:10B72000000000FFB7FF0001800801800001000059
:10B73000038000018018018020000000000000004C
:10B74000D661FF00218018898000019000408000B0
:10B7500001A41801C000000000000000004F11FF0C
:10B760000001801801800000300001810481A038B0
:10B7700001800000000000000000890AFF00018035
:10B780001889800000C00001810501825801A000D5
:10B79000000000000000003CFFFF00408018008017
:10B7A00000008000418008018018018060000000D6
:10B7B000000000001B55FF0001801801800000C040
:10B7C0001021C08001A0180180820200000000004A
:10B7D00000E9F1FF000180180000000001800193E2
:10B7E0000801825841800000000000000000E1EFE5
:10B7F000FF00018018018000000850118804418872
:10B8000018218000800000000000006918FF00007F
:10B81000000001800001A83029A008218C180180B7
:10B8200000800000000000008FA4FF0001801801CC
:10B83000810001801001800201821801C400000013
:10B840000000000000ADD3FF00018058018000001F
:10B85000001001020301A0381180820000000000E6
:10B86000000057FAFF0811801C01840000811101BB
:10B87000800059801801800010000400000000645E
:10B8800009FF0001801C0183180180908100048160
:10B89000821811A21810000400000000DE13FF003F
:10B8A00011803801801801801001800841001801C2
:10B8B0008018000000000000005DA1FF000180185A
:10B8C00001801801801000000000801001001000AD
:10B8D000000000000004F311FF00000000008000E1
:10B8E000018010008008000010010010000000001E
:10B8F0000000000824FF000180180180180180105A
:10B9000001000001801801901800000000000000F4
:10B91000F6B5FF010180190100180180100180486F
:10B92000010218018018000000000400002F41FFF0
:10B9300001198019018018010000008000008410A6
:10B9400001101000000000000000C02BFF0000806C
:10B950001C00840A418000008000000010010010DB
:10B96000020000000000001C4AFF000180980988C6
:10B9700018010000010020000000010018800000F4
:10B9800000040000AEF5FF0001801801801801805E
:10B990000001000000800801001804000000000001
:10B9A000006E3AFF0001811C119418400000010054
:10B9B0000007800801805100000000000000EEDC5C
:10B9C000FF0001800801801C0080000100000100D0
:10B9D000000180100000000000000023FBFF0001B8
:10B9E000801801801801001800000000000001000C
:10B9F0005800000000000000A3F8FF0001C118017A
:10BA0000841801A29808450010C08C41031A400018
:10BA100000000000000FC9FF0001845A95905845AE
:10BA20001048209024C5844801D010000000000078
:10BA30000000699CFF00018019018418019508002D
:10BA40000806A10400018010440000000000008EE0
:10BA5000ACFF00000080001200000200401100193D
:10BA60008B1800001A00000000000000716EFF003B
:10BA700000C108A0800800080890000001E01EE84E
:10BA80004C18000000000000004D4FFF0000880827
:10BA90001080084080000082100080000030080400
:10BAA000000000000000B44DFF0000064404084000
:10BAB00000608220448144002004014420000000F2
:10BAC00000000011EEFF00000A2002042002012401
:10BAD000200B24834C6300400000000000000000A5
:10BAE00031CFFF00008088A0880800D201018000CB
:10BAF00028800050100C40000000000000E0DAFF39
:10BB0000000009401405400010040804000400006F
:10BB100004004000000000000000C84DFF0001A02C
:10BB20005845805801840041D00029804000001809
:10BB300000000000000000485FFF0001009101606C
:10BB400010010200210380000004400000040000F6
:10BB500000000000AB54FF004003242A4020004CAA
:10BB60002040000004002000004000000000000011
:10BB700000881DFF000028405400400008020028F3
:10BB8000002A004220002000000000000000A50361
:10BB9000FF0000500080020000010000450082000C
:10BBA00004400020040000000000007811FF0000A5
:10BBB00000008003000000001000000000000000F2
:10BBC000000400000000000024F4FF000004010055
:10BBD00048800050020008000400044000400000BB
:10BBE000000000000010AFFF0001A01C4180000019
:10BBF0000100001100018000010018040000000095
:10BC00000000B079FF00200940140D4000024420DC
:10BC1000440100004000800000000000000000E936
:10BC2000A6FF0040800A008A00004000082410009F
:10BC3000A00101902AA00000000000001A96FF0059
:10BC40000A0000000000000200800900030000203C
:10BC5000201008000000000000E40FFF00000000BA
:10BC60000000000000000005000048804812A50008
:10BC7000000000000000C532FF0008800C0894009E
:10BC80000040211012200081A1028508420000001E
:10BC900000000097AAFF0050800800800000040800
:10BCA00000A00001881810201810000000000000FB
:10BCB0006352FF00A0000000000010000000000020
:10BCC00001801800001800000000040000B929FFDE
:10BCD0000013801A11800001020800881002000081
:10BCE00001800000000000000000F97CFF000080DF
:10BCF0003C0380200B0409809206018018018020FB
:10BD0000000000000000008DB7FF01218038038093
:10BD100020030000010000018118008038000000AD
:10BD200000040000A9CFFF00018118119100114CFF
:10BD300021011020000020038018020000000000F4
:10BD400000B27FFF0001A008C08000010004400293
:10BD50000200000001000000000000000000592562
:10BD6000FF0001901800408501801200400001D4BE
:10BD70001C400004400000000000001D3DFF0005C5
:10BD80008818019100A90004004000058018018076
:10BD90001800000000000008807CFF0001C81905A1
:10BDA000800089945000202400442441801C4200DB
:10BDB00000000000007F1DFF0005A418D1820401CF
:10BDC000A898008D00022A82B1D002A000000000D5
:10BDD0000000B069FF0000015829D04205A018C03A
:10BDE0009200050818038040000000000000008059
:10BDF00091FF0001949A01E0454582102100000066
:10BE0000C40454001C40000000000008E9CCFF00FE
:10BE100001A01CC5800001A5500121000188180166
:10BE200050180000000000000066D5FF00018120CE
:10BE3000118B00111004210A480401410180208463
:10BE4000000000000000473DFF100192990990009A
:10BE50000180121108000100188084000000000019
:10BE6000000000B88BFF1001801841A00001000005
:10BE70004100080888000190D9000000000000007F
:10BE80000885FF00018818018600018010296404DC
:10BE900001C5BC59801C40000000000000E368FFA1
:10BEA0000801B09CA1840001441840021021803890
:10BEB000018A38000000000000006E99FF00018335
:10BEC0001949A00001000801800208220AA1941A61
:10BED000A00000000000006D84FF0001841811C163
:10BEE0000000811900900001D51541C005400000F7
:10BEF00000000000F872FF100100100190000180A6
:10BF000014019200001000018100000000000000F8
:10BF100000292FFF1001C018018C0000401801807B
:10BF20000001C41C59801C40000000000000D5DB4B
:10BF3000FF1001801C41A040010418018000000096
:10BF40000881D01800000000000000AE59FF100169
:10BF500092D90D9080008098A38A002188B0018436
:10BF600001000000000000004109FF00818018016D
:10BF7000902003811001802000200021C04000009B
:10BF80000000000000D553FF1001805805902001EB
:10BF9000011844A0001800208180BC0000000000AF
:10BFA00000000D20FF101180780780000100182389
:10BFB0008080018A9801881AA00000000000000E0D
:10BFC00084FF00808008000000008018028040018B
:10BFD0008A9881A90120000000000000FBE0FF0119
:10BFE00040800880804405851009C00000000001E1
:10BFF000800000000000000000FB2CFF0009801CF6
:10C0000001800001001001A08000200021801800A4
:10C01000000000000000BDBDFF1401C01801800039
:10C02000010010018100018118018018000000004A
:10C0300000000086FFFF00A1A01B0180020082908B
:10C0400011A1000181180180000000000000000023
:10C05000E4F3FF040180180180000100100180005A
:10C0600000000001802000000000000000B7F0FF89
:10C070000000100100100000420440050201911868
:10C0800008005800000000000000EBAFFF0000A215
:10C090000A40800000110110000101801880001981
:10C0A00000000000000000BC40FF0000800800CC41
:10C0B0000000800080000010C40441800C4000009B
:10C0C00000000000FDD1FF00400000001020000132
:10C0D0000204043000110000000000000000000114
:10C0E00000FE20FF00004444040000015104400011
:10C0F00004014404D1005540000000000000D62196
:10C10000FF0000C28948808000AC0090010420A29A
:10C1100002B1802AA00000000000006373FF00004D
:10C120001040A444400004001205210809000080CA
:10C130004000000000000000FBE6FF0041C87A0755
:10C14000E62001800030680181C40441001C4000E9
:10C150000000000000A4D8FF000002844800000096
:10C1600020814000020001000000000000000000EB
:10C17000008065DEFF000010010010A0000C04002C
:10C180001300200800900041000000000000008122
:10C1900020FF000000808000000000000028400216
:10C1A0000A00000020000000000000006CA1FF0059
:10C1B0000100100100000100000100000100000169
:10C1C000051000000000000000509CFF00018018D6
:10C1D00010000000000001800001800001801800B4
:10C1E000000028000140F998FF0000000000000452
:10C1F000000000000000504000000280000000002D
:10C20000000000A972FF0000800808000000000084
:10C21000018020008000018008000000280001400B
:10C220002CBAFF0000040400000000010111050702
:10C2300081000401001000000000000000FC96FFD7
:10C2400000000000000000000001100000000000DD
:10C2500000002000000000000000266CFF000085A8
:10C260000D00000200010001D5004CAA0201800867
:10C270000000000000000067DDFF000080080000F3
:10C2800000000000000000018018000018000000FD
:10C2900000000000F75EFF0000000000000000004A
:10C2A00000000000018018000018000000000000DD
:10C2B00000FEC7FF0001801800000001800001821D
:10C2C00000200A0081A0000000000000000026AD50
:10C2D000FF0000800A0008000080020980008980B9
:10C2E00018018010002000000000004CBEFF00017B
:10C2F0008018000000018000018880018018018002
:10C300000A080000000000008F6AFF00018018008A
:10C31000100000800009842040140101C01C00406E
:10C320000000000000AB49FF0001801C000000007D
:10C330000004118881100000018000080000000046
:10C34000000057EFFF00000018000000000000018F
:10C35000804323801801C410800000000000013BCE
:10C3600058FF000180180000000000001180001537
:10C37000C01AA98009000000000000007AA2FF0096
:10C38000018018000004001000018002B040055137
:10C39000A218000000000000007E46FF0001801887
:10C3A000000004011000018008000000018000006E
:10C3B00000000000000033B7FF000180000004000F
:10C3C0000000800180000180180180100000000042
:10C3D0000000000A5DFF0001801800040001010454
:10C3E00081AEC510210001A088020080000000007D
:10C3F000DD89FF000180180000000000420180027A
:10C400008980980180180000000000000026ECFFE1
:10C410000001801800000000002101D00000400051
:10C4200001C100000000000000009B95FF0001809A
:10C430001800000088200001800001801C0180108D
:10C4400000000000000000F934FF00018018000027
:10C450000000000001C08110000001804800008041
:10C46000000000000ADCFF0001801800000000004E
:10C4700000018040018018018018000000000000C9
:10C48000007134FF0001801800000000000001C0AE
:10C490000091807A0180180200000000000018D589
:10C4A000FF0001801800000089200001800000804A
:10C4B0000001802800000000000000B950FF0001CA
:10C4C00080180000000080000180000100180000BA
:10C4D000100000000000000054A5FF0001800000D3
:10C4E000000001800001800000000000000000004A
:10C4F00000000000009468FF0001801800000001A7
:10C500008000018000018898018018000000000070
:10C5100000000CF3FF000180180000000180000102
:10C520008020008000018008000000000000000E54
:10C53000F3FF00018018000000018000018000016D
:10C54000001800001000000000000000C0DEFF0026
:10C5500001C0184040000180000180000000000080
:10C56000002000000000000000DD78FF00018818B6
:10C570000800000180000180200010000000380049
:10C580000000000000005D66FF0001801800000050
:10C590000100000180000180180000080200000076
:10C5A000000001F751FF00005018504000008000CB
:10C5B00001800001801801801000000000000000D0
:10C5C0001E3EFF0001800800000001800001800085
:10C5D0000000A001800000000000000000FF75FFC7
:10C5E0000001801800000001800001800000004070
:10C5F000000018000000000000001175FF0001801D
:10C6000098000000018000018300018A182024089E
:10C61000340000000000002C10FF0000A45AC404E5
:10C62000000184C001D02005C05D01811000000020
:10C63000000000008F89FF0001C0982000000182E7
:10C640000001C000000200018000040000000000A2
:10C6500000F097FF0000040300000000000000321B
:10C660000201801F80045A52000000000000624155
:10C67000FF0000A108400000000100000D8001D46F
:10C6800018404018020000000000000530FF0000C4
:10C69000800C000000008000018000008000008904
:10C6A00028000000000001402239FF000000400483
:10C6B0000400000C000000400420402020C02000A6
:10C6C0000000000000060FFF0000012442000001EE
:10C6D0000C20012220030022A14090000000000055
:10C6E00001400062FF0000C008000000008000015F
:10C6F000908200A20000880C440000000000007A34
:10C700006EFF000010C004000000000000002104C3
:10C7100011400880400000000000000030FBFF00D6
:10C7200001C0580C000001810001802005804001FB
:10C730000018100000000000002233FF00010091EB
:10C7400041000001040001000018440548000444B1
:10C75000000000000000BFFDFF00000322020020D7
:10C76000000000000000020001080040000000007E
:10C770000000004C37FF000008400C0000000100E2
:10C78000000040042B43200022280000000000008D
:10C79000A7E1FF000030009000000022000000022E
:10C7A00000450440002540000000000008C10AFFC9
:10C7B00000002000C0000000020000000100000096
:10C7C00000000002000000000000EBDEFF0000049B
:10C7D00001600000000400000000004C0450004410
:10C7E00040000000000000B106FF0001C01C08006E
:10C7F000000000000180040090800100080000009B
:10C80000000000006F20FF000010C0040040004046
:10C810000000000004000080800080000000000094
:10C82000081EB9FF0000800800000000020001801F
:10C83000000080008080A80000000000000062C5A9
:10C84000FF000000050000000000000108000500D6
:10C85000020900140800020000000002A9FF000005
:10C860000000000000000000001002800804002802
:10C870002420000000000001591AFF0000A0080059
:10C880000800000480018020008020108108020040
:10C89000000000000092F1FF0000800A800000000C
:10C8A00000000000050188188050183000040000C6
:10C8B0000000101EFF00100000002000000000001B
:10C8C0000000018018000098000000000000008AAD
:10C8D00087FF0081801800500000010001800002E5
:10C8E0008080018080000000000000000776FF01CA
:10C8F00008A0380200200000206190000301180009
:10C900000020000000000000005742FF00018038B6
:10C9100002002000002001900005801801803800EE
:10C920000000000000007C9FFF00001098900000B5
:10C930000040000180210010208810180200000033
:10C94000000000BB0BFF0001C008400000000C808D
:10C9500001800004810001000010000000000000C0
:10C960006B87FF00018818000000000000018000B4
:10C9700001441C40C004400000000000000F0CFFF8
:10C980000001B018800000000080018002018019C1
:10C99000010018000000000000003EFAFF0001A0A6
:10C9A0001894002000502001800100542550803C44
:10C9B000500000000000009701FF0001841C0800E7
:10C9C0000000280001800800228228D002A0000078
:10C9D00000000040FF91FF00018158400000000569
:10C9E00000018020058110012800040000000000E3
:10C9F00000B006FF000184982000000003000180C1
:10CA000048024C0D40801C400000000000001A98B5
:10CA1000FF0001C01C4400000002000180000190E2
:10CA200018010018000000000000006BA3FF0001C7
:10CA300090A090004000484001800C0400C01050BD
:10CA40004082000000000040C166FF000184988819
:10CA500000000000000180000180900181000000C2
:10CA600000000000009411FF0001C0184000000009
:10CA70000000018048000009084019000000000083
:10CA800000007840FF0001809820000000000001B5
:10CA9000800001D49CC1805C40000000000000C602
:10CAA00028FF0001811A49800000000000000001F9
:10CAB00080181182180000000000000027EBFF0022
:10CAC00001801811800000000000004001B20A2916
:10CAD000C00AA00000000000001AD5FF0001B01835
:10CAE00081800000000000002001C51D41803D4004
:10CAF00000000000000020A2FF0001A418818000B7
:10CB000000000000004801800801810800000000CA
:10CB10000000006BE9FF00018218018000000000A6
:10CB200000000001C51C41849C4000000000000082
:10CB3000719FFF0001C05C458000000000000048BC
:10CB400001800811802800000000000000ECCFFFE9
:10CB50000001949889800000000000000001801905
:10CB600001811900000000000000E0F2FF000180D8
:10CB70003803800000000000202001828821800A04
:10CB80000000000000000095E8FF000180380380ED
:10CB90000000000000002001B01901803980400031
:10CBA00000000000E6E9FF000180180040000000DE
:10CBB00000000080018808818A0828200000000009
:10CBC0000038E8FF000000000180000000000000C5
:10CBD0008001C008418A08280000000000006C5451
:10CBE000FF0049804A84820000000040012001804B
:10CBF0001801801C000000000000004DD9FF00015A
:10CC0000801801A0000040000020000186981180DB
:10CC10001A000001400000002A10FF0001801801E6
:10CC200080050000000040400190080180080000DD
:10CC300000000000006629FF0030801D0184048090
:10CC40002000204080019008018008000000A00022
:10CC5000000081C8FF000180180180000000000072
:10CC6000000001821809803A000000000000000D59
:10CC700079FF00000080000000000000000020019B
:10CC8000801908001800000000000000F837FF00BD
:10CC900000C808408100000000000000018018006A
:10CCA000001800000000000000EDA2FF0000800F4F
:10CCB00000C4000000000000000055044180255021
:10CCC000000000000000DEF2FF000020448430007D
:10CCD0000000000000000000000000000000000054
:10CCE000000020B2E1FF00003000802000000000C2
:10CCF0000000000055045100055000000000000035
:10CD00002DACFF00008A280A8000000000000040CF
:10CD1000002A82218002200000000000004E61FFF6
:10CD2000000001204205000000000000200000017A
:10CD30000080000000000000000015E4FF000180FA
:10CD40009D21C6A0000000000000005504410064C1
:10CD50004000000000000010F2FF00004800400109
:10CD600020000000000000000000000000000000A3
:10CD7000000000005D81FF000004C01410000000EE
:10CD800000000000000000000000000000000000A3
:10CD900040B60AFF0000000000000000000008008C
:10CDA0000200000000000000000000000000F2E5AA
:10CDB000FF00000000000010010010000001000052
:10CDC000100505000000000000000098D8FF0010CA
:10CDD000000000001803801800000000000002009E
:10CDE0000000000080000000769DFF004040000031
:10CDF00000000000000041005001000000000000A1
:10CE000000000000009064FF00080000000018000F
:10CE10008018040000800000000500000000800071
:10CE20000000B2BFFF00000000000000050000008D
:10CE30002082000000000000000000000000002729
:10CE40000DFF002020000000000000600000000036
:10CE5000000000000000000000000000E35DFF0093
:10CE600000000000000801800812000050010000CE
:10CE700000000000000000000019BBFF00000000DF
:10CE800000000000000000000000000000000000A2
:10CE9000000000000000C0D7FF00000000000000FC
:10CEA0000000000000000000000000000000000082
:10CEB000000000C0D7FF0000000000001801A0180B
:10CEC00000200200000000000100000140000000FE
:10CED0007B05FF000000000000100180380000000A
:10CEE00000200000000000080000000040041BFFBC
:10CEF0000000000000001801801800000000000081
:10CF000000000000000000000020CBEBFF0000004C
:10CF10000000201001C0980068040000000000001C
:10CF20000000014000000048C5FF000000000000B4
:10CF3000100180780000000040000000010008009F
:10CF4000000000000088FF000000000004180192AB
:10CF50001800000030000000000000000000000089
:10CF600000CE30FF000000000020100184180228CD
:10CF700012C00000000000000000000000006CBDB6
:10CF8000FF0000000000021DD988184000050007BE
:10CF9000000000000000000000000083AEFF000061
:10CFA000000000001C4180984200001001000000B9
:10CFB00000000000000000000B3FFF000000000028
:10CFC0000010018058200000000000000000000058
:10CFD0000000000000CD24FF000000000000180148
:10CFE0008018000209000800002000000000000076
:10CFF00001808AD1FF00000000000010018058006D
:10D00000000084000008000000000000000000B3E1
:10D01000C9FF00000000000010038038000208046F
:10D0200010000800000000000000000091C2FF0096
:10D0300000000000001A01A098000000000000801D
:10D04000000000000000000000B9FDFF000000002B
:10D050000000111380186000010000000020000093
:10D0600000000000000013ABFF00000000000018EB
:10D0700041A019000000580000500000000000000E
:10D08000000000B1F3FF00000000000018098080DC
:10D090008000004000180780000000000000000031
:10D0A0003E2FFF00000000000002C1800040000091
:10D0B000800018A98000000000000000046BE4FF5D
:10D0C00000000000000000018000000000000018C7
:10D0D00001800000000000000000F088FF00000058
:10D0E0000000001801800000000800001801800006
:10D0F00000000000000000BCD8FF00000000000895
:10D1000000018000000010000018018000000000F5
:10D11000000000002812FF0000000000001803803B
:10D12000000000080400180180000000000000005A
:10D1300000EA2DFF00000000001018018000000030
:10D140000000001801800000000000000000A5C1E0
:10D15000FF0000000000000001800000000000004F
:10D160001801800000000000000000F088FF0000AF
:10D17000000000000001808000000000081801800D
:10D180000000000000000000F97EFF000000000029
:10D190000018058000000000000018018000000059
:10D1A0000000000000E530FF000000000000180152
:10D1B00080800000000000180180000000000000D6
:10D1C0000000BEDAFF000000000000000380000045
:10D1D000000000101801800000000000000000DFC7
:10D1E00080FF000000000000180580000000000023
:10D1F000001801800000000000000000E530FF0082
:10D200000000000000001180000000011200190160
:10D21000840000000000000000BDDDFF00000000F1
:10D2200000000325CA4050000004001A218140007C
:10D230000000000000001E4FFF0000000000001969
:10D2400001C000000000000018058400000000007C
:10D250000000005060FF00000000000006002200F7
:10D260004000020800064820000000000000000006
:10D270003292FF000000000000083018003000016A
:10D28000100001000000000000000000006682FFA6
:10D2900000000000000008418400000000000018A9
:10D2A000038100000000000000003B47FF00000079
:10D2B000000000008400C004000004000000000022
:10D2C00000000000000000C419FF00000000000082
:10D2D00000A34820200002020014010020000000EA
:10D2E00000000000744DFF0000000000000C0185EC
:10D2F0000000000008001809A00000000000000065
:10D3000000A640FF000000000000000400400400F0
:10D310000024000000000000000000000000820E59
:10D32000FF0000000000001805804000000004001D
:10D3300018018000000000000000009E30FF000087
:10D3400000000000100100100000000000000000BC
:10D350000000000000000000327DFF00000000001F
:10D3600000000000000200000000000400000000B7
:10D370000000000000CC8EFF000000000000000450
:10D38000004000000002000000000000000000005B
:10D390000000EB31FF000000000000005000000022
:10D3A000000082000000004000000000000000A714
:10D3B00055FF0000000000000000000000000040D9
:10D3C00000000200000000000000000060BEFF003E
:10D3D000000000000000000000000000000000004D
:10D3E000000000000000000000C0D7FF00000000A7
:10D3F0000000184980000000000000180000000034
:10D40000000000000000D913FF0000000000000031
:10D4100000000004000104000000004000000000C3
:10D42000000000A653FF0000000000001800820268
:10D4300080000002401808002008000000000000E2
:10D440003FBAFF00000000000010000000000000D4
:10D4500000081000200000000000000000DCBFFFFA
:10D460000000000000000000040000000002400076
:10D4700080002000000000000000FA08FF0000000B
:10D480000000001820800002000000001812400078
:10D49000100000000000003BCCFF00000000000076
:10D4A000000080050000000008008000000000006F
:10D4B000000000005DF0FF0000000000000004001C
:10D4C00040004000002004000000000000000000B8
:10D4D000008F42FF000000000000980000000000E4
:10D4E0000001801800000000000000040000061188
:10D4F000FF0000000400011801000000200001806E
:10D500001A0000200000000004000084E6FF000074
:10D51000000400001823802000000001C018000053
:10D5200020000000000000000745FF000000000090
:10D530000018808000020000018018020000000036
:10D540000000000000C0EDFF0000000000001C0013
:10D55000800000000405001800000000000000002A
:10D56000000094D2FF0000000000001A518000006B
:10D570000000010018000000000000000000003260
:10D5800026FF0000000000001C0100000000000158
:10D59000001800000000000000000000F097FF00ED
:10D5A00000000000001922002002001001001804F1
:10D5B0000020000000000000000488FF00000000C0
:10D5C0000000189180000000003580180000000065
:10D5D0000000000004003102FF00000000000018FD
:10D5E000108000000004058018000000000000000A
:10D5F0000000008D71FF00000000000018600000B6
:10D600000000081180180000000000000000020067
:10D61000D7C2FF0000000000001C11000000000045
:10D6200021801804000000000000000000F8A5FFA1
:10D6300000000000000019050040040000058018EB
:10D6400000004000000000000000E5AAFF0000000C
:10D6500000000018002900000000018018000000F0
:10D66000000000000000000CF1FF000000000000BE
:10D670001800800000000001801800000000000079
:10D6800000000000B0F6FF0000000000001801805C
:10D6900040000000018018000000000000000000B1
:10D6A00000A18BFF00000000000018000010000027
:10D6B00000004400018000000000000000042BD4A2
:10D6C000FF000000000000180208900000000000A9
:10D6D0000003000000000000000004C7B1FF0000CC
:10D6E0000000000018040430000000000000018069
:10D6F0000000000000000000F6E2FF000000000053
:10D7000000180040100000000000000100000000B0
:10D71000000000000080C5FF0000000000001000B5
:10D7200028100000060040000280000000000000F9
:10D7300000006DEEFF00000000000010004A100223
:10D74000001000000000000000000000000000B712
:10D750008FFF000000000000100400100000000017
:10D760000200008000000000000000004710FF00E1
:10D770000000000000102202100000000002020061
:10D780000220000000000000000FA1FF00000000C8
:10D7900000001004001182200000008080040000BE
:10D7A000000000000000ED2BFF0000000000001052
:10D7B000000070000A0400400006A0000000000005
:10D7C0000000004C2CFF00000000000010040010BE
:10D7D000003404002481002000000000000000004C
:10D7E000302BFF0000000000091000001010001096
:10D7F00000000000802000000000000000572AFF09
:10D80000000000000000182042100000000000028C
:10D81000010020000000000000008DAEFF000000AD
:10D82000000000980000100040006010000190000F
:10D8300000000000000000B941FF000000000000EF
:10D8400018000070084000001000070020000000D1
:10D8500000000000F4A7FF000000000008180020EE
:10D86000100200000000000188000000000000001D
:10D870000040D8FF00000000000000000000000091
:10D8800000000000000200000000000000004C1436
:10D89000FF00000000000000000000000004800005
:10D8A00000000000000000000000000451FF000024
:10D8B000000000000000001804000000000000E06C
:10D8C00000000000000000006D20FF0000000000CC
:10D8D0000000020000000000000000044000000002
:10D8E00000000000007074FF000000000000000055
:10D8F0000010000003000000010000000000000014
:10D900000000C280FF00000000000000400048004E
:10D910000002480000008080000000000000004677
:10D920001FFF0000000000000002002000000000B7
:10D930000000028200000000000000005646FF00C8
:10D9400000000000000640001800000080000001F8
:10D95000400000000000000000A6AFFF0000000033
:10D9600000000000000000000000000000000000B7
:10D97000000000000000C0D7FF0000000000000011
:10D98000000000000002D0000000010000000000C4
:10D990000000009C64FF0000000000006000000028
:10D9A000A000008000000000000000000000000057
:10D9B00052FAFF0000000001001001007001001089
:10D9C000100010000000000000000000005EECFFEE
:10D9D0000010000001800000000001800000000035
:10D9E000000000000100A0010140F6BAFF000004A1
:10D9F00000000000000000060064100000040000A9
:10DA000000000000000000D136FF00080000008088
:10DA100020000000018000080000020000000080DB
:10DA2000A00081406F4AFF000000000100000000DC
:10DA300000010002080000000000000000000000DB
:10DA400000A9CCFF0000020000002004000020001C
:10DA50000080000000000000000000000000D2BCB8
:10DA6000FF000000000080000400010180000000B1
:10DA700000000000000000000000009AADFF000060
:10DA80000000000000000000000000000000000096
:10DA90000000000000000000C0D7FF0000000000F0
:10DAA0000000000000000000000000000000000076
:10DAB0000000000000C0D7FF00000001018010003E
:10DAC0008011018000010010000000000000000033
:10DAD00000000B55FF0000000201802801801001AA
:10DAE000800021001000080000000000000000ABD2
:10DAF000CBFF000000000180080560180180204174
:10DB0000801000000000000000000000D848FF0066
:10DB100000000001801024001B0180000180100023
:10DB20000000000000000000004AA8FF0000000202
:10DB30008180400180100180000100500010000031
:10DB4000000000000000076BFF0000000041801B88
:10DB500000841001804081031C10000000000000C0
:10DB60000000007BBAFF0000000001801A20001AAC
:10DB70000582004180100800000000000000000045
:10DB8000D49AFF0000000421802083023911C5804F
:10DB9000C1805A0000000000000000000055B7FFDF
:10DBA0000000000401800804005915C01801031882
:10DBB0000000000000000000000025E8FF00000059
:10DBC00000018034014018018000010010000000B5
:10DBD00000000000000000DE19FF000020000180AE
:10DBE000100180180180440100180040000000006E
:10DBF000000000000716FF00000000018008008000
:10DC00001801800401001000400000000000000026
:10DC100000F3DDFF0000400001801A0120180180A0
:10DC200000018018000000000000000000008CE3EC
:10DC3000FF0000000001808400101887A28001C44A
:10DC400058080080000000000000805409FF000018
:10DC5000000401800000801811800001913C000048
:10DC600000000000000000003AA4FF0000000001D6
:10DC70008018018018418245818019000000000051
:10DC80000000000000FAFBFF0000000001811A0103
:10DC9000881800010201B2020000800000000000AC
:10DCA000000099F5FF00000004018000000000D092
:10DCB0002008018101080000000000000000805CD5
:10DCC00022FF000000000100000000080000000129
:10DCD0008000000000000000000000002122FF0082
:10DCE0000000000100180180100000000180000009
:10DCF000000000000000000000AADDFF000040005E
:10DD00000100000000000000000180000000000091
:10DD10000000000000000CD7FF0000000001001808
:10DD200001801800000003802004000000000000B3
:10DD30000000004D27FF0000000001801801801046
:10DD400000000001000000000000000000000000D2
:10DD50001D95FF0040040141C40000500840000030
:10DD60000100400000000001000000000044CEFF60
:10DD70000000400001000000000008000001000059
:10DD8000000000000000000000000327FF00400426
:10DD90000141423801B018280000050000000000D1
:10DDA0000000800000000072A1FF00000000018060
:10DDB00018018010000000010000000000000000B9
:10DDC000000000001D95FF00000000018000000021
:10DDD000080000000100000000000000000000003A
:10DDE00000966AFF00000000018018018018000002
:10DDF000000180000000000000000000000012F59B
:10DE0000FF0000000001804510410000000041803B
:10DE1000020200000000000000000042B6FF000007
:10DE20000000012200240A4C4041008D41014000C5
:10DE3000000000000000000049D2FF0000000001C7
:10DE4000001901A010C0000109000100000000003D
:10DE50000000000000052EFF000000000060809020
:10DE60001902006000000000000000000000000037
:10DE70000000F91AFF0000000000000C08C080003C
:10DE80000000000000400000000000000000004111
:10DE900043FF00000000000008008004000802D0DA
:10DEA0004100000000000000000000009C0FFF0087
:10DEB000000000000440400400000140040804A0E9
:10DEC000000000000000000000952FFF000000008F
:10DED0000020800A28228000000A0000C000000004
:10DEE000000000000000B639FF000000000000083C
:10DEF00080808000300280080000000000000000E8
:10DF00000000004EC8FF00000000000041100C009F
:10DF100000004004000000000000000000000000BD
:10DF20002FD8FF000000000000580181000400010C
:10DF30003000000000000000000000000081B2FF7F
:10DF400000000000010014410A10010000840010CC
:10DF500000000000000000000000B89CFF0000006E
:10DF600000000000822820000020002000020000A5
:10DF7000000000000000005B4CFF000000000000FB
:10DF800044D0000004000020000000000000000059
:10DF90000000000032E8FF00000000000004100054
:10DFA00002000000801404100000000000000000C7
:10DFB00000F84FFF0000000000000000008000009B
:10DFC0000012000000000000000000000000CDCFA3
:10DFD000FF00000000000001000004800002024079
:10DFE0000020000000000000000000C3BCFF000093
:10DFF0000000018002100019000000041000080059
:10E000000000000000000000C09CFF0000000000B5
:10E0100000000450400000430004044400000000DD
:10E020000000000000C2D2FF0000000001800000DC
:10E0300004180000000000020000000000000000C2
:10E040000000F27AFF0000000401000010201040E0
:10E05000050002000020000000000000000000D5C4
:10E0600020FF00000000000800104480980000001D
:10E0700000040000000000000000000016C5FF00C2
:10E0800000000001808000011840050000080040E9
:10E090000000000000000000002202FF0000000459
:10E0A00000080000000080000000000000000000E8
:10E0B00000000000000052CFFF00000000000044FC
:10E0C0000450404400400020000400000000000014
:10E0D000000000F9B3FF0000000001801201881861
:10E0E0000104000300180000000000000000000010
:10E0F0003DB4FF00000000018000702018110500F1
:10E10000010918000000000000000000007DCEFFA3
:10E11000000000000180A80A003853812001A100FE
:10E1200002000000000000000000B756FF000000E1
:10E130000001801811801901800201801800000080
:10E14000000000000000002A65FF000000000180C0
:10E150000C412298318000010018000000000000EE
:10E1600000000000A46EFF0000000001801B8090F2
:10E170001C098001050018000000000000000000DC
:10E180000060D8FF0000000001801450A2181100A8
:10E190000003221800000000000000000000003111
:10E1A000FF000000000180200B40390100008100C9
:10E1B00018040000000000000000009E1DFF000089
:10E1C000000001B40801101C0180020108180000C1
:10E1D0000000000000000000D405FF000000000166
:10E1E0008018208B1A2380240500180000000000EE
:10E1F00000000000004B1BFF000000000190108099
:10E20000909C25004001C0180000000000000000A4
:10E210000000C40EFF0000000001A00509209811B5
:10E22000000201921804000000000000000000D16C
:10E2300058FF00000000018250458458410000054D
:10E240008018000000000000000000002073FF00A4
:10E2500000000001800100009801000109801A00FF
:10E260000000000000000000001510FF000000008A
:10E2700001800C100818018000018018480000007F
:10E28000000000000000731AFF0000000001801869
:10E290004188180180000180190000000000000082
:10E2A0000000004208FF0000000000001A2180006A
:10E2B000018062419208000000000000000000049C
:10E2C0000F4EFF00000000000045400080020001EA
:10E2D00009800008000000000000000000E2F4FFD8
:10E2E0000000000000000100340004080101C01813
:10E2F000100000000000000000001AEDFF00000008
:10E3000000000058098000018008018015400000CD
:10E3100000000000000000FB17FF000000000000EC
:10E320000000018000260101841BA0000000000005
:10E3300000000000F16FFF000000000000190190D4
:10E34000000180280188184800000000000000003B
:10E35000003698FF0000000000001A41C40001D000
:10E360000421401A00000000000000000000B54D2C
:10E37000FF00000000000000020020100000010467
:10E38000180040000000000000000052B9FF00002B
:10E390000000000400000080415FA0014414004020
:10E3A0000100000000000000BFE1FF0000000000CD
:10E3B000041801B40040C00401301C0000008000BB
:10E3C00000000000007E98FF00000000000018011F
:10E3D000AA80108002010010000000000000000070
:10E3E0000000D022FF0400000100200002002111E3
:10E3F000000001001000000000000000000000010B
:10E40000E9FF0000000000001C41900000850000B2
:10E410008800000000000000000000009E57FF0080
:10E4200000000080260000000401100000D8100049
:10E4300000000000000000000081B4FF04000000A4
:10E44000000004200004110A8001200000000000E8
:10E45000000000000000FE3AFF000000000000186D
:10E46000018800808000010018000000000000000A
:10E47000000000BBE4FF000000000000044855005D
:10E48000000A821042180000000000000000000096
:10E490000D46FF0000000000000900000000000021
:10E4A00000101800000000000000000000829BFF28
:10E4B0000000000000000820800000828000000DA5
:10E4C0005000000000000000000069E5FF000000AF
:10E4D00000000000800000041000000000000000A8
:10E4E00000000000000000F493FF000000000000A6
:10E4F00040101000000004100C0550000000000047
:10E50000000000006203FF0000000000000A13A3E7
:10E5100020008300C04C0AA800000000000000009A
:10E52000004BE6FF000000000000428045000208AA
:10E53000000040000000000000000000000048D97A
:10E54000FF0000000000001821880001A000000466
:10E550001C00000000000000000000BA59FF00008D
:10E560000000000000A84A40002080401000080081
:10E5700000000000000000009FE7FF000000000016
:10E580000002020080000A0080400120000000001C
:10E5900000000000005068FF0000000000000000C4
:10E5A0000000040002002020000000000000000025
:10E5B0000000FD32FF000000000100100000100507
:10E5C0000000000010040000000000000000007DBA
:10E5D0005EFF00200000000098000018018000008D
:10E5E0000018020000000000000D0340730CFF0043
:10E5F0000000040000010000000000000004000012
:10E6000040000000000000000078CFFF0020000064
:10E61000000098000018008040040008040000007A
:10E620000000000A85404B51FF0040000000001030
:10E6300000441001100398001000000000000000CA
:10E6400000000023FFFF004000020000000644001D
:10E650000000000000000220000000000000000098
:10E660001920FF0000000000001900001801902090
:10E67000042248000000000000000000001346FFD4
:10E680000000000000000000000000000000001872
:10E6900000000000000000000000BED2FF000000EB
:10E6A0000000000000000000000000001800000052
:10E6B00000000000000000BED2FF000000000000CB
:10E6C00018000018011500010018000000000000EB
:10E6D000000000004791FF00000000000218200227
:10E6E00018010004899004000000000000000000F0
:10E6F00040ADD9FF00000000000018030018010021
:10E700000111104400000000000000000000EB9721
:10E71000FF000000000004180904180F9DA4010068
:10E7200018000000000000000000204F4FFF000014
:10E73000000000001820001801802001005804008B
:10E740000000000000000000AE8BFF000000000091
:10E75000001824221903C202218211400000000087
:10E7600000000000001B3FFF000000000000182B0D
:10E7700000980188000180082000000000000000CF
:10E780000000AAFFFF00000000000018010118812E
:10E79000A00201804400000000000010400000F1D1
:10E7A00096FF0000000000001803221809028841AB
:10E7B000021B00000000000010400000E40CFF00FD
:10E7C00000000000001C2100180D0000018038042A
:10E7D00000000000000000000017CFFF0000000054
:10E7E00000001801001811020A0908780000000052
:10E7F000000000000000A916FF0000000000001843
:10E80000018019018000010058260000000000006E
:10E81000000000DB77FF0000000000001A01001874
:10E820008182480910004000000000000000000044
:10E83000FC8EFF000000002000180180180180A05D
:10E8400001C00848000000000000000400241BFF75
:10E8500000000000000018710018018406018410F7
:10E86000000000000000000000000520FF00000084
:10E870000000001801C41C41D020519B98000000EA
:10E880000000000000000031D9FF0000000000007F
:10E890001821801841800429201800000000000081
:10E8A000000004005EFEFF00000000200018084485
:10E8B0001C012B08008058480000000000000000E8
:10E8C0000028A8FF000000000000180180180100C7
:10E8D00020018000000000000000000000002D4E1C
:10E8E000FF00000000000018000018010008008070
:10E8F0000000000000000000000000E4A1FF000094
:10E90000000000001801801800800201801800003B
:10E910000000000000000000746CFF000000000018
:10E920000218000018000008008018000000000015
:10E9300000000000006E82FF0000000000041801CB
:10E9400000180000402180180000000000000000B6
:10E950000000AB76FF000000050000180000180260
:10E960001040008018000000000000000000008738
:10E9700078FF0000000000001801001801808001ED
:10E980008000040000000000000000000487FF0079
:10E990000000050000180000180408000080200096
:10E9A0000000000000000000009D76FF0000000055
:10E9B000000018000018010100018058000000004C
:10E9C0000000000000003C37FF00000000000018BD
:10E9D0000000180000022180180200000000000062
:10E9E000000000D922FF00000000000018010018FC
:10E9F000000000018018000000000000000000007E
:10EA0000FF52FF000000000001190010184028010B
:10EA100000C00430000000000000000000CBE9FF4F
:10EA20000000000000021A04431C040200348100AC
:10EA3000840000000000000000203E84FF00000071
:10EA40000000001A28001860000340811800000030
:10EA5000000000000000002AECFF000000000001A0
:10EA600004005C0200248000601E400000000000E2
:10EA700000000000D03FFF00000000000001800205
:10EA80000000001028001800000000000000000036
:10EA9000204E45FF0000000000041800211C000863
:10EAA000000000091000000000000000000009C57F
:10EAB000FF000000000008000400000452401400A1
:10EAC00000A4000000000000000000DC43FF000084
:10EAD0000000001014822C10021280522010A2009C
:10EAE0000000000000000000DA27FF000000000026
:10EAF000001828001A20400200000C00000000004E
:10EB0000000000000009CAFF00000000000000042F
:10EB10000800040040240000040000000000000081
:10EB2000000067BEFF000000000000180000180091
:10EB3000004008001914000000000000000000035D
:10EB400061FF0000000001001000681001000004D7
:10EB5000001440000000000000000000EC77FF00FF
:10EB6000000000000020020400001020021000023B
:10EB70000000000000000000003FC6FF0000000091
:10EB80000000000000000000400C00030C0000002A
:10EB9000000000000000BDA4FF0000000000000015
:10EBA0000051000005008004053000000000000056
:10EBB0000000001745FF00000000000000000000FA
:10EBC00000000040000020000000000000000000E5
:10EBD000A23EFF0000000000000000040000000052
:10EBE0000000844000000000000000000060EBFF17
:10EBF00000000000000000000900018810040A98CD
:10EC0000000000000000000000004A7AFF00000041
:10EC1000000000400440000005410000008C00009E
:10EC200000000000000000C46DFF000000000000B4
:10EC30000000400000800202400A28080000000096
:10EC40000000000095AAFF00000000000000000086
:10EC500000082280000211002000000000000000D7
:10EC6000005F11FF00000000000000000000000431
:10EC700000020004000000000000000000006ECF51
:10EC8000FF000000000002000800022080000000D9
:10EC9000085040000000000000000068DEFF000097
:10ECA0000000000000004000102084004218801086
:10ECB00000000000000000000C57FF0000000000F2
:10ECC0000040040000042144B000180400000000CB
:10ECD0000000000000440BFF0000000000001200D4
:10ECE00000942000800000180000000000001000C8
:10ECF0000000BAECFF0000000000020C010111004E
:10ED00002000A001000000000000001000000067CB
:10ED1000FBFF000000000000280A0010838022088A
:10ED20000080020000000000000000005270FF00A0
:10ED30000000000000100101100182040000980092
:10ED40000000000000000000007B5EFF00000000EB
:10ED500000000000201800210004D019100000005D
:10ED600000000000000001B1FF00000000000018DA
:10ED700001101800000200AC044000000000000078
:10ED80000000006032FF0000000000001800401882
:10ED9000011400000018A0000000000000000000A6
:10EDA0003401FF0000000000000005A0180104A0CD
:10EDB00000000430000000000000000000285EFF9A
:10EDC00000000000000008010A9800008825521A7F
:10EDD00010000000000000000000701DFF00000097
:10EDE000000000500111180320000505190400005F
:10EDF000000000000000004814FF000000000000B8
:10EE00001001001805E00819819D40000000000075
:10EE100000000000E987FF000000000000080581F5
:10EE2000180195000180181000000000000000008B
:10EE3000002627FF00000000000038012C18000009
:10EE40004825D4000200000000000000000063AB71
:10EE5000FF00000000000000C14018010000008019
:10EE600018300000000000000000046657FF00009A
:10EE70000000000004110018018800018501000055
:10EE80000000000000000000BA99FF000000000030
:10EE9000001805A19801E14000C01C00000000001E
:10EEA0000000000000287FFF0000000001801A0918
:10EEB000C01827A40001001808000000000000008E
:10EEC0000000F0BDFF0000000001801D218018013E
:10EED0008800008002A8000000000000000000542C
:10EEE000F0FF00000000018019039512019020013D
:10EEF000B21D40000000000000000000FD53FF00B4
:10EF000000000001801811801001808000A3000023
:10EF100000000000000000000050A4FF00000000FE
:10EF200001801C01C01C41000001801C0000000089
:10EF300000000000000042D8FF000000000180191E
:10EF40000190180550080092180800000000000009
:10EF50000000006A15FF00000000018018130490F3
:10EF600001040001C01920000000000000000000A2
:10EF7000E955FF00000000018018010010030004A3
:10EF800000811A200000000000000000004FB4FFC4
:10EF9000000000000180180580180525000182008E
:10EFA00000000000000000000000782AFF000000C0
:10EFB00000018018070910018D00008018882000CA
:10EFC000000000000000002A69FF0000000001802E
:10EFD0001801909001C802018100884000000000E3
:10EFE0000000000075DFFF000000004180180100F4
:10EFF000104DC8000184180000000000000000004F
:10F0000000F711FF000000000180180384180500BC
:10F010000001821A20000000000000100200AFDA98
:10F02000FF0000000001D018410010218400009072
:10F030000000000000000000000000DA87FF000070
:10F04000000021801821001011AA00008200000099
:10F050000000000000100200B80FFF0000000001D7
:10F06000A838030210018020009018000000000062
:10F070000000000000EE63FF0000000000004002FE
:10F080000000020000000018200000000000000046
:10F09000000086C2FF000000000000000000000029
:10F0A00000000050190000000000000000000033C4
:10F0B00089FF000000000180180400000180440066
:10F0C0002F0C180000000000000000003E3EFF0072
:10F0D0000000000000000000000800100000010017
:10F0E00000000000000000000075B4FF00000000F8
:10F0F0000100100000000100020000954000000027
:10F10000000000000000E37DFF00000000018038E7
:10F1100000280500C082A8548A28000000000000D2
:10F1200000001099CBFF000000000000000000006C
:10F1300000000000000000000000000000000000CF
:10F14000C0D7FF0000000001801802078410CA0029
:10F1500000001C00000000000000000000C80EFFBE
:10F160000000000000000004000000080020020071
:10F1700088000000000000000000E3D3FF00000052
:10F18000000000400028010005049051002000000C
:10F1900000000000000010198CFF000000000000BB
:10F1A000000000000000400000000000028000009D
:10F1B00000000000289BFF00000010010000040078
:10F1C00010010040010010040010000000000000C9
:10F1D00000EAF4FF000000000180080000000000C9
:10F1E00000000018020000000000A00A0440BD96C4
:10F1F000FF000000000000000400000000044000C8
:10F2000000000000000000000000007571FF000019
:10F210000000018018040000040000000008000045
:10F2200000000000A00A044067D1FF0000000001B8
:10F23000000000000050000000001000000000006E
:10F240000000000000E422FF0000000000000000B9
:10F250000000000012240000000000000000000078
:10F2600000005CE2FF000000000180180400005074
:10F270000000040008000005000000000000002954
:10F280000CFF00000000000000000000040000006F
:10F2900000180000000000000000000026C9FF0068
:10F2A0000000000000000000000000000000180046
:10F2B000000000000000000000BED2FF00000000BF
:10F2C00001801800000000000040801800000000CD
:10F2D0000000000000003C95FF00000000018018C5
:10F2E00000000000001291802000000000000000DB
:10F2F0000000005FDCFF00000000018018006008D3
:10F300002400001080000000000000000000000049
:10F31000352AFF00000200038018010008C08800A1
:10F32000008218000000000000800200009F9FFF84
:10F33000000000000780180000400200052080182F
:10F3400000000000000000000000C68EFF0050001A
:10F3500002819118010A80410000008042000000F3
:10F360000000000000000086D4FF00500205098064
:10F370001800004901800000821C000000004000CD
:10F3800080020000B476FF00000000138898198006
:10F39000081980000080000000000040000000000C
:10F3A00000FA29FF00000000018018000A804010C8
:10F3B0000800801800000000000000000000C7BB2B
:10F3C000FF00000000018018000008011200018801
:10F3D00018000000000000000000008461FF000031
:10F3E000000001801811008001040021E098004015
:10F3F000000000000000000020B5FF000000000138
:10F4000088180900180180000180180040000000E1
:10F4100000000000001086FF0000000001881801B5
:10F420000100001040418880000000000000000042
:10F4300000008615FF0000000001821801411C1128
:10F44000000001801A0000000000020000000051CE
:10F45000A3FF0000000011801801940101D00001F9
:10F46000C00000000500400000000000DE2DFF008D
:10F4700000000001C01801801801886101011B0211
:10F4800001000000000000000042D5FF000000184D
:10F4900001841801809A89800081A01800008500ED
:10F4A00040000000000071E6FF0000001809C010D5
:10F4B00000CA0001A018000108800000000002003E
:10F4C0000000009D20FF00000018018018010000CE
:10F4D0000000400180100200000000000000000059
:10F4E0004811FF000000180180100100000000001A
:10F4F000000000000000000000000000009FF6FF78
:10F5000000000018018418018000018000018018AB
:10F51000000000000000000000008906FF0000005D
:10F5200018018000000040280000000018000000C2
:10F530000000000000000087ECFF000000180180C0
:10F5400038010000000000019818000000000000D1
:10F5500000000000695FFF0000001D218210010211
:10F560000500000000001802000000050000000077
:10F570000090A0FF0000001801809A0108000128F7
:10F5800000018000040000000000000000005E0791
:10F59000FF000000182180580000000100000180D9
:10F5A00010000000000280000000002A8FFF000011
:10F5B000001D018338010005005000018048000053
:10F5C0000000000000000000622AFF000000180197
:10F5D000823C011400280000018018000000000097
:10F5E00000000000009F7BFF000000180180100158
:10F5F00000000100000000580000000000000000B2
:10F600000000B7EBFF0000001C0191023000A15088
:10F610000482085400CE000010000000000008170B
:10F62000E5FF0000001925C401014004005000A4BA
:10F630000002040000400000000000005C31FF00F8
:10F6400000001D4181000121045001014004180007
:10F650000000800000000000001382FF0000000096
:10F66000080040580080041000004A1E00000000FE
:10F67000000000000000B36FFF00000000802404C1
:10F68000040A0200040690101900000000000000A7
:10F690000000006F15FF00000018018840A000085E
:10F6A0000A4A00282008000000000000000000486E
:10F6B00006A9FF000000000052C100400100201018
:10F6C00004000074000050000000000510BD53FF4E
:10F6D000000000108A1481041098000402C2301047
:10F6E000020000800000000002B0BFAAFF0000007E
:10F6F0001801C00030420C08300008020C20000045
:10F700000000000000000084D9FF0000000000009D
:10F7100040000481001200240000240000000000CA
:10F72000000000001C6BFF000000180480000000B7
:10F730001C404140903058040000040000000000CC
:10F74000000B37FF000000100100100078101100BE
:10F750000005059510001000000000000000A42A1C
:10F76000FF00000000020020000100000204002849
:10F770000022000000000000000000B14AFF00006D
:10F78000000004000000030420020080080244007E
:10F7900000040000000000008A94FF000000000048
:10F7A0000000001402821000000484900000000099
:10F7B0000000000028BD4AFF00000000000000001B
:10F7C0000001105120322441080000000000000018
:10F7D00000006AAFFF0000000000000000200008E9
:10F7E000008082400400000000000000000000874C
:10F7F00089FF00000018000000005284018C0405FD
:10F800008098880018000000000000008CA1FF0014
:10F810000000000400400000008C010100140024DE
:10F8200000000000000000002835E6FF000000187E
:10F8300000000410000000800010880800009800FC
:10F84000000000000000DDA9FF0000001000000023
:10F8500000040029AA8003A4920008100000000000
:10F86000000000F5FAFF00000000000000001C008E
:10F870000000000040002000000000000000000028
:10F880006C29FF0000001800000000000048B100D3
:10F8900010980C000118000000280000008C7DFF6B
:10F8A00000000000000004100000082400000518FB
:10F8B000200800000000000000007C72FF00000132
:10F8C00001040243044C008404430001580408006E
:10F8D000040000000000003146FF00000018018213
:10F8E00000000000000200020018000018000000E4
:10F8F000000000207DA0FF00000018018000002211
:10F90000008820020000000008180000000000002D
:10F910002004D6FF0000011883003B0208100200FB
:10F92000208008A002001802000050000000843A65
:10F93000FF0000001801000049001028000080208E
:10F9400018200018000000000000008F0BFF0000CE
:10F95000001801000201801B001502000518880034
:10F9600018000000000000009359FF00000018017B
:10F970000009019108000080040004000018000044
:10F980000000000200E340FF000000180180180999
:10F990008218204800020019000018000000000032
:10F9A0000050108BFF0000001803801841801C31AC
:10F9B000802501C045140018000000000000006D03
:10F9C000ABFF0000001801800241488208040400D7
:10F9D000241A50001800000000000000BBE3FF00E4
:10F9E0000000180180450C0919040C0004031820BC
:10F9F000001804000000000400D0AAFF0000001856
:10FA000001001811801080008000009C0000180088
:10FA1000000000000028F058FF000000180100104E
:10FA2000419318808D0400045894001800000000D1
:10FA300000000082F7FF00000018050024032012D8
:10FA40002A4040042080200018020000000000002E
:10FA5000D14CFF000000180100080112180010002E
:10FA6000883098280018000000000000009326FF4E
:10FA70000000001801803C05801431440001800121
:10FA800000001800000000000000265FFF000000DA
:10FA90001801801959C11921818001841C0800189E
:10FAA00000000000000004BCC1FF0000001801803D
:10FAB0001801801801800241801820000000000019
:10FAC000000000805F4BFF0000001803801B418B8B
:10FAD00003018A00090882C0000002000000000043
:10FAE000007C39FF000000180194215332020911F3
:10FAF0000101921D10000004000000000050576C2E
:10FB0000FF00000018018000014000084000814211
:10FB10000000000000000000000000CCD7FF000043
:10FB2000001803801801800021220101A09C000020
:10FB3000000000000000000055AEFF0000001801AA
:10FB4000801821C004094000010098000000000056
:10FB50000000000080914EFF00000018018C4889D1
:10FB60000C0021130241B419300000000000000015
:10FB700000509129FF0000001801802914000000A6
:10FB800000000101180004000000000000000076E1
:10FB900092FF0000001801805A038000018080015C
:10FBA000810A000400000000000000000CFCFF00BF
:10FBB0000000180788180180000100000150184853
:10FBC000000000000000000000629CFF0000001820
:10FBD00001900111000001010001D008480000005F
:10FBE000000000000000C629FF000002180182C0CA
:10FBF00041040000040001A0180000000000000003
:10FC00004000007A83FF00000018038046010001D5
:10FC100011410001801200000000000000000000FF
:10FC20002B28FF00000018518011998180410000AD
:10FC300001218000400000000000000000F09CFF57
:10FC40000000021803828221020041220001000804
:10FC5000004000000000002000000595FF000000AB
:10FC6000182B804000000088008000001800000071
:10FC70000000000000000057B7FF00000000040073
:10FC80002000000330000290001830000000000047
:10FC900000000000E659FF000000000000440008DA
:10FCA00000000100000A99000000000000000000B0
:10FCB0000056A9FF00000018018001500508001837
:10FCC0008000400C08000000000000000000A1813E
:10FCD000FF0000000000000000400520400000413F
:10FCE00000100000040000000000008044FF00003D
:10FCF000001001000400101D280005100915000067
:10FD000000000000000000000280FF000000180555
:10FD10008022A00B08101300C0080AA000000000F9
:10FD2000000000045069C4FF00000000020000B0A1
:10FD300002800000000024002000000200000000FB
:10FD40000000BAEAFF0000001803800000011C0058
:10FD5000010200420D400000000000000000008091
:10FD60009FFF00000000020040001001085000400A
:10FD70001100000000000000000000507C19FF008E
:10FD8000000000000002A04200200205000400085C
:10FD900000000000000000020064BCFF0000000042
:10FDA0000000000000000800000000000400000047
:10FDB000000000000000F0B2FF00000000000000A2
:10FDC00001001011000001040004001001001001E6
:10FDD0000000003F57FF00000200008000000018F4
:10FDE0000180000180000000000000180580000074
:10FDF0005A51FF00000000000000000000404000D9
:10FE000040040000000000000000000000616EFFE0
:10FE1000000002000080000000080880000184400B
:10FE200000000000001806800000E0C4FF00000091
:10FE30000002000000000803800000000000000134
:10FE40000005100000000054D2FF000000400280B6
:10FE5000000400004000000004000000000000005A
:10FE600000000000A276FF0000002000000000005B
:10FE70000810A0004080200000010005180080004C
:10FE8000000ED5FF0000000000800002000002000C
:10FE900000000000000000000000038000005AA3E2
:10FEA000FF00000000000000000000000000000053
:10FEB0000000000000000001800000DED7FF00010C
:10FEC0008018010000000000080401012013400018
:10FED00000000018018000007AE6FF000100100118
:10FEE00080000080002010000900100800000000C1
:10FEF0001802000000EB82FF000000100002060064
:10FF00000040006010114231400000000018010064
:10FF10000000D506FF00008038008608208000021F
:10FF20003010010250100000000018080020008965
:10FF30003FFF000000500580100400204A0410819B
:10FF40000214000000000018078020004312FF0088
:10FF500000A05C41200000901200029021201000BF
:10FF6000000100001801C0000038B5FF0001A01812
:10FF70000081000400100020100122180000000081
:10FF800000182580000021FAFF0001005224032EF2
:10FF9000208011800090210018000000000018410E
:10FFA0008600004C91FF0001001000A048001012D4
:10FFB00000020001001800000100001809C0000044
:10FFC000A423FF00018018000218000000A0080010
:10FFD00011001C200000000018018002809C82FF9C
:10FFE0000000801801801020E0020043000100D8CA
:10FFF0000800001800180180020003E9FF0000005B
:020000040001F9
:100000001001101801800800208001021800000073
:1000100000001801800000F773FF0000801800083E
:100020001820001482020001009230000000001825
:1000300001000080696AFF00000010108098000035
:1000400014000280010010400000000018010000B0
:10005000000286FF0001001401421001C0182008B0
:100060000009023810010010001C00800000643FED
:10007000FF00018018018038018419C7C000019475
:1000800018000000000019808000007521FF0001A9
:10009000805801A09801801A2020000180180001DA
:1000A0000009801A00000000968CFF000000220961
:1000B000805801A418008500018C185000000180B0
:1000C0001800000000CD1BFF000000000180180197
:1000D000800004000001801000000001801000007A
:1000E00000000913FF0001801801801801000001C1
:1000F0000000018010000000018010000000008757
:1001000099FF00000000118010010018000000019C
:100110008018000000018018018000002FBBFF0044
:10012000018018018010018010008020010018005B
:100130000000018018018000000209FF0001801802
:10014000038018010000040000018638000000014F
:1001500080100180000026A5FF0000040001800837
:10016000005000018000010018000004018510010A
:10017000802000C388FF00010800918008208210C1
:10018000008280018818000000018000010000004A
:10019000A3DEFF0000901805800800801004806036
:1001A000008058000000018280010040000E31FFF5
:1001B0000000841901800000D0000005000110102B
:1001C000000004018010018000000601FF00010012
:1001D0000001801041040001002001001000000017
:1001E00001801001000000EE01FF00008018018076
:1001F000000000000080000080100000000180006E
:10020000000000005FEBFF00010404018500408155
:1002100000008C0000521000000001C0040080802B
:100220000038CFFF0001514029C801000C0548C02B
:100230008001003020000141885040C240A86BC8B6
:10024000FF00008018018000000001918080010003
:100250001040000101801041C00400ED9BFF000030
:1002600000020002400004022028000000000000FC
:1002700000004000098A00008AF8FF0000D1042035
:10028000200000100448042000300000000000108E
:100290000021840008E593FF0000800001904000E9
:1002A00000000011000080000000000180000080BC
:1002B0000020C94BFF00000600504D4148210002BC
:1002C0004200004EC0000000C0000402214080DB5C
:1002D0003BFF000000204010001000048C040000D0
:1002E000002000000081002001202200DCE2FF004D
:1002F00000840401A40000200020508001B480008C
:1003000000000180005494000005FFFF0000000081
:10031000004040104880800840000040000000007D
:10032000000000004000E987FF0000880004800210
:1003300040040430024001804000000001800001C0
:100340008040004EC6FF000004000110018900102B
:10035000014B0001000000001001001001550000D9
:10036000EE74FF0000202042020000000024240060
:1003700000202040000002000000002000CBABFF66
:10038000000004000440022013032000400000404D
:10039000000000000000002AC000833EFF000005AE
:1003A000009040021001211008000003000000002E
:1003B00000000000550050ABA4FF0000080000083A
:1003C00000002000142100000000000000000000D8
:1003D00000000000E0C5FF000058024004848028AF
:1003E0000240018000480680000000000000440038
:1003F00000A754FF0000028808400100480A11A22B
:100400000001800000000000000001808028B89CEE
:10041000FF00000045040100080140801000000DAD
:1004200040A00000040000001040001528FF00005C
:10043000000D00080000001800820000A00020004D
:1004400000000000008200001CCFFF000001002817
:100450002002200802094000000080000080000007
:100460000001000000BD30FF00000100400000005E
:100470000000004000004000000000000000000CF0
:1004800000003DA8FF0000200808000000001A102E
:10049000840000810040000000000000800000FF98
:1004A000A1FF0000000D1050022010040000000009
:1004B000000000010000000001880000C603FF00EA
:1004C0000800C4040142000CC08401420020400026
:1004D000010004204005C04000E5FDFF0001A10827
:1004E00009000000021C0020040182180000000026
:1004F0000000018000006885FF00010010611808FD
:1005000000081879C600012418000080002000614E
:100510008000000FB9FF001100340381340101385D
:1005200083012001803800000002002803C0200061
:10053000E897FF00018408498012118118818080AA
:1005400001881800000000000400010000A0ECFF7A
:100550000001081281804040C41840800001C30897
:1005600000000000000100080000E799FF00018979
:100570000A81801901901C01980001009800000078
:1005800000000001C400005A88FF000190084100EB
:100590003341109C41C00001951C00000000000088
:1005A000000400006F0CFF000100100300544184A0
:1005B0005825800001925800000004005102552087
:1005C00000593EFF00014484898010010219100A7D
:1005D0008001401800000000001D01B08030418201
:1005E000FF000182B829800910289B018120012089
:1005F0001800000000001C01800000E4BBFF0001A7
:10060000D05801001801011800404001841CA000CE
:100610000000001801C00000C111FF00010080515E
:10062000005921925945830001C958000000040077
:100630005001840000E5DAFF0001821B050014016F
:10064000801C089000010018A0000000001D04118B
:100650004030B604FF00010000C1001801801801FD
:10066000D00001031A40000000001820030000DF42
:1006700080FF0001000001801C41551800808001AE
:10068000881888000000001C880800004336FF001E
:1006900001801811801919801801800000C0100015
:1006A0000000000018024000001D26FF0001A8986D
:1006B00089AA1801801801850001801A900018008D
:1006C000001942020000AE5FFF00018000810013AC
:1006D00021B31803808001021D08001800000A8061
:1006E0003280006DEAFF00008002010018080880D7
:1006F00001000001B11820001800000810D10028E6
:10070000B53FFF0001001851801800001001B00033
:1007100001B09820001800000850800000605CFFC5
:100720000001030021401A901218058100000018F2
:1007300000001800000A01C000006565FF0000808D
:100740001A498C3500009800800000109D30001878
:1007500000000281800040B73EFF000052188180F7
:100760000800020801840000403000001800000862
:100770005593001004E1FF00000022010018000062
:100780001801A40000001000001800000801A200D9
:1007900000CE9CFF000080007966386180188005DB
:1007A00000008050000018000008048004000C7F46
:1007B000FF00010018818070000018000080008296
:1007C00070000018000068018080802958FF000137
:1007D00080580180100000110120000082180000E4
:1007E0001800000800808500CADAFF00118001416E
:1007F00002000045112120000080180000180000B0
:100800000A20C40280E844FF0000001A818018001A
:100810000010000100000010005018000008102215
:10082000000064C5FF0000440001411018121000D0
:100830002000400190000018000020219000006777
:1008400030FF00090000014060000010C1000040BE
:100850000010000018000028010000009205FF00B1
:1008600000A218A1848000509001008000001000B8
:10087000501802000A09CA0280F39DFF000001051A
:1008800040000000090000020000400000000004D9
:100890000004019400009F2EFF00002208000004C5
:1008A0002002049028000000000000000000004921
:1008B0008080005AB8FF0000900838000110C08006
:1008C00008018000840000001800000100C0000042
:1008D000AF73FF000044001242050800010005004C
:1008E0000041044000000000001000000837D5FF60
:1008F0000000000100000401920504040001220030
:10090000000010000000515000006288FF000091BC
:100910000D221080008C82202800008800800018A2
:1009200002000080AA84401B63FF00005482020082
:1009300000D0400004280000000000000000000279
:1009400080028000CE65FF0000900D10000001E0E5
:100950000000050001820440001800000020C502CC
:1009600008FF88FF0000240040448108010280083D
:10097000000005000000000000010800000067FD05
:10098000FF00000100020804000A002020000028E7
:100990000080000004000040100020C619FF02A8DB
:1009A00020400400000000000028000000000000BB
:1009B00000280000080000007127FF000000000070
:1009C0000012001010010000011140010010000091
:1009D0001004000028CEAFFF0000800810809800AF
:1009E0008020038000000020000018000000A2000A
:1009F000000069AFFF0000000000000400000000DC
:100A00000005001D0000000000000000000000E1E3
:100A1000B3FF000080680A809A01886003800000AC
:100A200000C0000018000000A000005037E7FF02DF
:100A3000A800000000300000000028200000000096
:100A400004100000000000000059BFFF0004000077
:100A5000000002000000000001000A800000000009
:100A6000000008000000E74FFF0000A00800801809
:100A700001804000800400002000041850000000A5
:100A8000000000B3AAFF00028028008020000000C0
:100A90000000200000000000000000000000000036
:100AA000C8A3FF00000000000000000000000000DC
:100AB00000000000000000000000000000C0D7FFA0
:100AC0000001801801809A018010018000D100840B
:100AD00000001801000820000028E1D7FF000002F4
:100AE0003028001821A210A1800001000100001888
:100AF000010008000000003C94FF0000000051636A
:100B00001801801019804001280000001801001809
:100B100044000000E0B4FF000180082080184384F6
:100B20003901A8800150210002180180180000003E
:100B3000284197FF0000042001021C01A010418001
:100B40000129008400001801000000000000AC9D95
:100B5000FF0009800800803C0180100182400102F2
:100B60004000001C01140A24000000D1FDFF000118
:100B700080180180180380380184E0010000000221
:100B800018010802200000007160FF000000102022
:100B9000603A01801801800001620000001A0381A0
:100BA0008800000000987DFF000800100000180376
:100BB000801001D0000100000000180504080000AA
:100BC00000005212FF0001821801A01A2B80F821A8
:100BD000820041400000001801000A40020000DAD3
:100BE0003FFF0001800860829801F85203A00001D5
:100BF0000000001018010018000400787D64FF0058
:100C0000000000011019018018118000010080000F
:100C1000101801801800000000EA03FF000182089C
:100C2000008A9881801829C04041A08000001801E6
:100C3000000020000000B32AFF0000000201041899
:100C40004180182982A001800000201801020000C4
:100C5000000000A6F6FF0000041000201A2980BA48
:100C60000182000180000000180100020000000065
:100C700048DBFF0801801A01981801801801F00074
:100C8000018000000118018009020000008CC6FFED
:100C900000018218018018218018031000018000D3
:100CA00001809800020002000000DAABFF000100A2
:100CB0001001841001001829050001800001A0180E
:100CC00000001880000000C7ABFF0000800000009B
:100CD00010018010018000018000018018000018C0
:100CE0000000000493BEFF0000000801801801000E
:100CF0000001800001800001801800001800000041
:100D0000002B14FF00000400000010018018018077
:100D100000018000018018000000000000008439FC
:100D2000FF00008008008018000010018020018072
:100D30000001801800001000000000D673FF0001C1
:100D40000018018018638018018000018000018074
:100D5000180000100200000071DBFF00118010027B
:100D6000801100401501A040018060218118000021
:100D700010000000001D9DFF000006908200100181
:100D80008098018000018040018018000008000068
:100D900000006D46FF0008851801003905011801A3
:100DA000A00001800001801800001804000000B9B4
:100DB000D6FF0001000901801800801501800001A4
:100DC000800001811800001800000000AF05FF003E
:100DD000018000010030004000018000018040419E
:100DE0008018000018000000005791FF00018008E3
:100DF0000180180100180100000180000180180026
:100E00000008060000004989FF00014200000D10A3
:100E100050080121C000018200018119100015084D
:100E20000000007C93FF040080932C205200451AA0
:100E300011008001814001845A0400180000000064
:100E4000265DFF0000001900001800680021C000A6
:100E500001808001811B000010000000006515FF6B
:100E60000000040600400200000381A100000A0007
:100E700000000010000606000000DE07FF00004230
:100E800088000004801004018000000400000C04AD
:100E900008000000000000F34CFF00002108D0B55E
:100EA0000048040040000001A10001801800000972
:100EB00010000000D228FF040000402402C01403E8
:100EC00020100040000000000000040000A000000E
:100ED000007746FF00000080020020802A4080400A
:100EE0000001512001083402000000000000B13B65
:100EF000FF0000440CC0C50208000240000001824F
:100F00000001801808001D40000000F2E2FF000010
:100F10003140440140040000000040000000000097
:100F20000004000020000000E5BAFF0000000804F3
:100F3000A0400000000400000180000180180000B3
:100F40001904000000DF7AFF000004010000100116
:100F5000001001000001000001001000001000005E
:100F6000000023BAFF000042000A010006004212FE
:100F70000000000240000000000084020000009B0E
:100F8000B6FF000044810420C00000000000000003
:100F9000002000000000000144000000DDD4FF003C
:100FA000001104001000000000000000000000001C
:100FB0000000000801100000008909FF0000100077
:100FC00040000002002004000000000000000000BB
:100FD0000000000000009070FF00600400A02200EC
:100FE000000000E40000002060000000000000207D
:100FF000000000F2AFFF0000108810800800800C95
:1010000010000001A20000000000101CD000000031
:10101000B5D8FF0000400524528004000100000004
:101020000000000000000001000400000010E1FFCB
:101030000400000A28A0181180182800020080006F
:1010400000000000000800000000898BFF00020083
:10105000000002800002000000000000020000808A
:10106000080000000000006DCCFF0000000400003C
:10107000000000000000000000040000000000006C
:10108000000000004C4CFF0000020830E09A31A044
:1010900018100000008000000000000008000000A0
:1010A00000B3A9FF04000008208300000200218093
:1010B0000400000000010010000000000000F8E43F
:1010C000FF00200040040041040040058044000867
:1010D000405002400402000400000022CBFF000246
:1010E00000180080988188180080020188000004A0
:1010F000000000100050000084B4FF000001000058
:10110000201A21B01801040001800028000000000E
:10111000100050000070D7FF002003202300380388
:10112000803802022001002000002002041002008A
:10113000000047BEFF0000341901821801829B01A4
:10114000800001000000000000001108000000A65F
:10115000ECFF0000000041411801C018418000016F
:1011600080000000000000100000000064ACFF00E0
:1011700000001821921801901819D5000180000074
:1011800000000000180000000042F3FF0004001BF4
:1011900000809941A018A18000010000000000001B
:1011A0000010000000001FA4FF000012010248B858
:1011B000038B1D21D5000100200000000000190054
:1011C000000000031EFF00020480295218018098CD
:1011D00001AA80018000000000000010C000000093
:1011E00075E1FF0000203801801801A0380380203D
:1011F0000180000000400400100A000000A6B9FFB2
:101200000000245800901E0982584DD5400100006E
:1012100000000000001A0C000000E5DAFF000001E9
:101220000280011881851881800001000000000003
:1012300000001CA800000057D4FF000040184CA27A
:10124000584DA01811000001804000002002001835
:1012500000000000D2B0FF100000028014180180CE
:10126000180180000180000000000000180000004C
:10127000000B78FF100000001140180180180001D9
:10128000000100000000000200180000000024041B
:10129000FF0000001A49A01805805800D400010082
:1012A0000000000000001800000000BDF8FF080169
:1012B000801801D298018018019080010800000078
:1012C0000000001810000000D7C0FF0000001080D0
:1012D0008818058020032B0000800000000000001B
:1012E0000800000000390CFF00000018A08018035F
:1012F000002004C40001800000000002001900006A
:1013000000041665FF10018010418418058000005C
:101310000000008000000000000008000000003510
:101320000EFF1000000208001801804001C40000F8
:10133000800000000000001A2000000093ADFF10A4
:1013400001802C0348380580200191200090000086
:101350000000000000480000002F7CFF100180000A
:10136000D10298010000018000008000000000040C
:10137000001C80000000379DFF00000008020018DC
:1013800000C000018001008020000025020008024A
:101390000000007048FF120002240262380D802015
:1013A00001822101800000000504200800000000E7
:1013B00002CAFF1041800A310018010800018000B4
:1013C000008000000000000008800000007D63FF36
:1013D00002018200290018005000018400008000F2
:1013E00000000004001084000000BFF5FF000000B2
:1013F000080200180110000188040080200000404D
:1014000000400000000000DF8CFF0061801841C335
:1014100018098000018000008040000000002010BA
:1014200000000000A241FF101061942084194101C6
:1014300000000000008000000040102000000000BC
:10144000003C1CFF0008001800A0992009000010B3
:10145000040080000000000600100000000004D519
:10146000FF0021801201821802000001800000802C
:101470000000000008000000000000DA77FF000014
:101480002404000480000002C1810000202000002C
:1014900020000000280000009B67FF0000080840B3
:1014A0003000005500099000000800000000000016
:1014B000030000000090D8FF00000108200A180275
:1014C0000008004400008500000000000008000043
:1014D000000069E5FF002000001204200010400217
:1014E000000000080000000000000400000000F8F8
:1014F0000EFF0000100000401004401C10450001C9
:10150000920000000000001010000000DD27FF0026
:10151000004D0C22401802208B50228000C4800015
:10152000000000000950000000E0DCFF0000228203
:10153000020120041320A21000002100000000007E
:101540000002A0000000F78EFF0000010C10001840
:10155000000018004C00018000000000000018008E
:10156000000000C17EFF0000000000240000080011
:1015700088000000240000000000000500000000BA
:101580009ABFFF00204C00220000024102400900E7
:1015900000108000000000000028000000E710FF9D
:1015A0000000000000004000000000280000004093
:1015B00000000000000000000000A67DFF00000009
:1015C000000500015400105000000101500100000E
:1015D00000001D41010000AF1CFF00080400018055
:1015E0001C02001802004001800001800000000879
:1015F00000800000E349FF001010000400002000FC
:10160000002A0005500080000000000000800080DB
:1016100000F825FF0008040001803D1000180000BC
:101620000001800000800000000C40800000D6C354
:10163000FF000000000100100000100029C00100A0
:101640000000000000000000000000A1A5FF00084D
:1016500008000000000000000400048800000000F2
:101660000000000800000000FA80FF0000000001F8
:1016700080100000100200002180000080000000A7
:10168000000080000039FFFF0000000000000000A3
:101690000000018000000000018000000000000048
:1016A000000095CCFF0000000000000000000001D9
:1016B0008000000000018000000000000000009594
:1016C000CCFF0000001041A01800001801800001AC
:1016D000800001000000001801800000723CFF0043
:1016E000000010038A180000180000C009800000E4
:1016F00000000000180180000054DBFF000000180B
:1017000041D0D82000180000000180000180200096
:10171000001801800000AE7BFF00000018018E1A47
:101720006000180B8140018000000040200018017B
:10173000820000A765FF000000180180B8000018B3
:1017400003800011800001800000001001000000F3
:1017500058C8FF0000001805801800001801A0807C
:1017600001800001C202001010010800004F1CFFA0
:1017700000000010018A7C20001801C000018000D8
:10178000018200200018011200000482FF00000006
:101790001001801800001801840001800001A000E1
:1017A00000081801000000279EFF000000180180BB
:1017B000180000181783000180000180020400183F
:1017C00001000000CF8EFF0000001A21801A2000C7
:1017D0001801800001808001800004001A210000AF
:1017E000284933FF0000001401A0181800180182D6
:1017F0000001800001800000001C01000000339FF8
:10180000FF000000100194180000184180000180C2
:101810000001800006001801000000DD3EFF00000E
:10182000001021C218020018200040018000018031
:1018300000000010010000289562FF000000100564
:10184000801800001806802001800041AA000000D6
:1018500010210200002C92FF0000001803885A207B
:10186000041801020001808000000100001821001E
:10187000000026D5FF000000180180180400184160
:10188000D780018000002B04100018210000006E9A
:1018900001FF0000001801803800021821800000BC
:1018A00000182000008800100002000000EEFF0079
:1018B00000001001801800001800D000000018007F
:1018C00000840000100000000042D9FF000000105A
:1018D000018018000018010000000018000000003E
:1018E00000180000000056D4FF0000001801801806
:1018F00000001800000000001800000000001800A0
:1019000000000063E1FF0000001101801840001C8E
:1019100001A0000000100180000000100000000085
:101920001CE2FF0000001801801800001801800070
:10193000000010018000000010000000009F3AFF2E
:101940000000001821801840001801C0000000109D
:101950000180000000180000000061ABFF000000E3
:1019600010018018000018038000000010018000A2
:101970000000180000000023C6FF00000011418095
:1019800018000018058000000010018000002818D1
:10199000000000002407FF0000001801801802006A
:1019A00018058000000010018000002818000000C9
:1019B00000EC39FF00000018018038000018018099
:1019C000000000100180000000180000000093D803
:1019D000FF0000001001803802001A0380000000A0
:1019E0001001800000001800000000883FFF000088
:1019F000001801801800001801800000001000008D
:101A000000000018000000004CE7FF000000142157
:101A1000A5181000190000000010108183000000BC
:101A20001C200000002969FF0000001001885944B3
:101A3000001A442200000110000042800018140126
:101A40000000D51BFF0000001C01A01800001801B9
:101A5000820000001000000108001C00000000AC23
:101A600034FF00000000000002C0000009C40000B4
:101A7000000001AB0000000050000000070DFF0057
:101A800000000240000120000441800000300101FC
:101A90008000000000000100000F65FF0000000052
:101AA000019A1010001200000000010020800400C4
:101AB0000008000000006E89FF000000002045C003
:101AC0000C000184000000004000044200000004FB
:101AD0000040004EEFFF000000022112B0920014FF
:101AE000920400000000010020100000020000002D
:101AF0009034FF0000000001A01A40001800000010
:101B000000200040D404000008000000009ECAFF2E
:101B10000000000000004004000004080000004035
:101B2000000040000000040040001EDBFF00000039
:101B300000018018040018040080000000018040AB
:101B400000001804000000004CFF0000000001002D
:101B500000000010004400010010015500000010BA
:101B6000010000004CEDFF000000022000200200F8
:101B7000000200000000000000200200102204000B
:101B800000C83AFF00000000000000040000042A22
:101B900080000000002AC00000000400000002389D
:101BA000FF000000010000000000000055000000E0
:101BB00000004500000001002000000751FF000068
:101BC0000000000000000000000000000000000015
:101BD0000000000000000000C0D7FF00000000006F
:101BE0000000000000004400000000024C00000063
:101BF0000000400000F2E1FF0000000400001800B7
:101C0000001800008000000001888000000800002B
:101C10000000EF9AFF0000000120004004000004D3
:101C20001000000000040040020000A40200006058
:101C300054FF0000000000201A00001800000000FF
:101C4000000000800000080800000000F47DFF0094
:101C5000000000000010000410000000000000015F
:101C6000028000000080000000198DFF00000000CD
:101C7000004004000000000000000000000001809F
:101C8000000000000000FD73FF00000000000010D5
:101C9000000610000000000000008800000008009E
:101CA0000000005EB7FF0000000000000000000020
:101CB000018000000000018300001001000000000E
:101CC0009F05FF0000000000014004000005C00067
:101CD000000040058040040200040040008F75FFB2
:101CE0000000001801801800001801A0000000008A
:101CF00001801800041800000000886CFF0000003C
:101D00001801001860021800000000000001881887
:101D1000000018000000004F1DFF00000018010027
:101D2000B802001802000000002002003002001873
:101D3000020020008097FF000000180180180000BA
:101D40001801890000000001801000001800000048
:101D500000C1ACFF00000010010058000018018015
:101D60000000000001891800001000000000DBF5F1
:101D7000FF0000001001801800001801C4000000DE
:101D800000004C1800001000000000DF59FF0000A8
:101D90000010018038000018018100000000401090
:101DA00010000010040000009503FF000000100167
:101DB000005800001801C500000040044510000054
:101DC0001000000000AD88FF000000149100180012
:101DD000001801B20000000401A29000001D0200E2
:101DE0000000BD28FF00000010018018000018034B
:101DF0008800000000018050000018040040002E00
:101E00000BFF0000001021801800001805C400001E
:101E1000000401C41000001800000000D060FF00A2
:101E2000000010010058000018018000000040452B
:101E30008890000011000000000BF6FF0000001D5C
:101E400031801800001800088000000000003000F9
:101E50000012020020008299FF0000001801001803
:101E600000001800800000000000021000001000B8
:101E7000000000190AFF00000018010038000018D7
:101E80000308800000000000900000100000000027
:101E90001862FF0000001801801800001801C4003B
:101EA0000000000050100000100000000020DAFFC9
:101EB0000000001C41C218060018010000018070DB
:101EC00000800900001A90000000C434FF000000E8
:101ED00010000018020018032200018010003208D0
:101EE0000000180000000405D2FF000000100111DE
:101EF0003800001802CC0001001000CC8A00001845
:101F00000000000089DDFF000000180080180000BC
:101F10001802910001001000009800001800000055
:101F2000003A78FF0000001400001804001801C4F3
:101F30008001001801C01900001860000004A6EB21
:101F4000FF0000001801C018020018058880010079
:101F500038018098000011000000001DB7FF00004C
:101F60000018208D38000018018000010018018C35
:101F70000C0000120800000069C6FF0000001001FC
:101F800010180000180380000100180180180000DC
:101F90001000000000EC49FF00000010003638423D
:101FA000019A85A000018030008018000018800090
:101FB00000200BD8FF000000180180382200180113
:101FC000800001811000801A00001800000020F439
:101FD00094FF0000001800C01800001801800001E4
:101FE000011000801A000018800000003624FF0055
:101FF0000000101100580410180D9000010010018D
:10200000801800001800000000FF5BFF00000418AB
:1020100001801802001A8120000100180100180038
:102020000010000000006721FF0000001068005849
:1020300000081800800001001C00001800001000BB
:10204000000000B25AFF0000001001001800001844
:1020500016000001001801801000001000000000B0
:102060008016FF0000041800801802001803880082
:1020700001001A01801000001000000000C450FF91
:102080000000000000232006000005800000000082
:1020900001820110000000000000DF31FF0000009D
:1020A0000000800000000001890000000001808421
:1020B000400000000000009359FF000000000002F3
:1020C0001000001800440000000800D000200008A4
:1020D00000000000E4D1FF000000000085000000C7
:1020E00000000000000400000082400000400000EA
:1020F00000B3D5FF00000000000110000010004CEC
:10210000000000000140851000000000000028824F
:10211000FF00000004C89038060018042A80000060
:102120000840AA1802000D00000000FB97FF000005
:1021300000000020000200000200800000000012E9
:1021400000000000000000002C49FF00000000001B
:10215000A01800001802550000081840D41980008B
:102160001848000000B41FFF0000000408108000A1
:102170000000020000001000000080440001000088
:102180000000749AFF00000000A02420040000005A
:10219000000000020000000400000208000000111E
:1021A0009AFF000000000000000000000004000092
:1021B0000000000040000000000020000557FF0064
:1021C00000000501040201401149C1000180100115
:1021D000005001811D01D08500852BFF0008000003
:1021E00000005800001801800001801A000008005B
:1021F0008018018000506B5AFF001005028001001A
:102200000020002014850040020000000000800033
:102210000885507150FF0008000000040A00000902
:1022200010C20000804800000804801D01C00000AA
:1022300074A7FF0000000000005000003001000003
:10224000000000000010000010010000006F22FFDD
:1022500000000400000000000020008004808000D6
:10226000000000020068008020003927FF000801FC
:1022700000000108000008001400002028000008E9
:10228000008010010000000CCFFF000000000000E3
:102290001800000000000000000000000000000026
:1022A00000000000048CFF00000000000018000087
:1022B000000000000000000000000000000000001E
:1022C00000048CFF0040008001821A000318018086
:1022D00000010018008000012018018000003B91DF
:1022E000FF00000000298008202018018000010064
:1022F000180080200300180180000041A9FF0000A1
:1023000000008180004800182180800102180080B0
:102310000001001801804000D124FF0040010101AC
:1023200080363205184181208100180080000900A4
:102330001801A2000055BDFF00000000510220025C
:102340004018018000010218008008034018018035
:102350002000E941FF000000000140180020181192
:10236000808001801800024021001803810000C510
:102370000DFF0000000001C00C20201001800001B2
:10238000003800820821041809A02000F841FF004D
:1023900000000001801800000809808001801800FA
:1023A0008008010418138280008509FF00000000E6
:1023B0000180180000580180010100300000180958
:1023C0000018018020001DFFFF000000000182981E
:1023D0000000592180200140102000102100180128
:1023E0008000006B55FF0000000001C01268261934
:1023F00000002001041800000801181881802078CE
:102400004FB1FF0000000001A0500600180080003E
:10241000010218000018010018018000005332FF6B
:10242000000000000102A4084018018000012010F3
:1024300000001801803801800004B376FF0000001E
:102440000001001C10009849800001C010002050BD
:1024500001009801800000BDABFF0000000001807A
:102460000844000421000001045C20003921801888
:10247000818000042545FF00000000018018000055
:10248000180980000180180110189300580180007D
:1024900000DFB0FF0000000001001A2801002180C9
:1024A000000180200180180380800180000401D396
:1024B000FF0000000001001802000201800001C2BC
:1024C0000201B018098000018000042CD0FF000038
:1024D0000000010018000000018020018000018040
:1024E00018018000018020047F37FF0000000001F8
:1024F00000000000000180000180000180180180C0
:1025000000018000045B4CFF00000000010400405B
:10251000000001A00001C00001001801800001803E
:102520000000AE26FF00000000014018000000017E
:1025300080000180000180180380000180000059A4
:1025400068FF0000000001000040000001C0000121
:1025500080000100180180000180400034C5FF00A8
:1025600000000001801802000101840001800001C8
:10257000803801D00001800000BDE1FF00000000B4
:1025800001441800000001A00001C00000009801F3
:102590008000018000005303FF00000000010010D4
:1025A00000000081802001800001005801800001AE
:1025B0008000004E7DFF0000000001801800000038
:1025C00001C40001800000801801D00001800000DB
:1025D000B25DFF000000000100000000000180204B
:1025E00001800001811801800001800000FD17FFBB
:1025F00000000000010000000000018000018000D8
:10260000010018018000018000006B5EFF000000E7
:10261000000124110A0100C1820001830001091D8B
:1026200033A00231A320005BCFFF00000000098827
:102630004444200001D04001B04021225803894089
:1026400081884000BFC9FF0000000000841C00001A
:102650000001A000018002018518018200018000B4
:1026600000E691FF0000000000001800000000409C
:102670000000000000400250210048020000F0115C
:10268000FF00000000004A9B60420140042000312E
:1026900000400A8000100000000000A02BFF000096
:1026A000000030800800000000800000C0000090A2
:1026B0001881480591490000D40BFF00000000007C
:1026C00030009C01800C12000006400200052C80A6
:1026D000400494C000F45AFF0000000000023022C1
:1026E00003001044200020200400300B04200100CF
:1026F000200033E9FF0000000021D10D0800000197
:10270000800001820400951D41D001119500003D1B
:10271000FBFF000000000000001400010A1240004E
:102720000040000202D40040040040005522FF0097
:1027300000000005805804004041804001804001B5
:10274000D11803804005804000BCE6FF0000000077
:102750000100154900140160000100100100100182
:10276000001001000000A15AFF0000000001140049
:10277000C200208340000100220002022300300337
:102780000020002037FF0000000004004344004503
:10279000080C00000040005504A400400400400064
:1027A000EB42FF00000000000020100000101100AC
:1027B00000010000510080008000000000F56DFF66
:1027C00000000000000000000000400020000000A9
:1027D000000000100000000000007071FF00000009
:1027E00000001401000000204020000204800000CE
:1027F000086300000000003321FF00000018018082
:102800005841800041800001848100051C818008BE
:1028100000800000F9EEFF0000000000000014003E
:10282000410A1140000040004800340440040040C8
:1028300000DAE1FF0000001800800801A00000821B
:102840008001800000001A29800800800000814675
:10285000FF000000100000102100800100000002B5
:1028600000000A00810000000000008077FF0000E7
:102870000000000000C84002288002008000000024
:10288000045080000000000013A1FF0000001000B1
:10289000800829810000050000040000140921229D
:1028A0000800A80000F8EBFF0000000000001888F6
:1028B00000043000040000000000000000000000E0
:1028C00000002784FF000000000422580400400498
:1028D0000044000040040241040040440040000164
:1028E00066FF00000018010218018000018000014D
:1028F000001000009801841021800000F95FFF00A3
:10290000000118012000018000018000010010007A
:10291000191881A01001A80000B129FF00000118BA
:102920000300202B80200380220100300204382382
:10293000803003802000B9BEFF0000001801008134
:1029400009800001800001001000201801801001A2
:10295000800000872EFF0000001801D400218000B5
:10296000018040010050000498018018038020007D
:10297000FBA7FF000000180182D8098000000000BA
:1029800001001001001801805801800000EB30FFA9
:102990000000001801D000518000018020010030AB
:1029A00000041801801001800000B9F7FF0000004A
:1029B0001801D03941800003800001001003401845
:1029C0000180100580400038ECFF000000180180F5
:1029D000DA81800001800001001000A09801805081
:1029E0000000000071F4FF00000018018000038067
:1029F00020018040010050008358058050000000F5
:102A00000061C9FF00000018018618458040018060
:102A100040010010000818018010030020002D1054
:102A2000FF0000001801810001800001800001000A
:102A300010002818018010048040006680FF00000C
:102A4000001801C84309800005800001803004831C
:102A50003803803800800004B248FF0000001801ED
:102A6000801B298000000100018010008018018077
:102A700018010D0000C667FF000000180180180152
:102A800080000190000180180044980180100180AE
:102A9000400467C5FF000000180180180180000194
:102AA000860001801800A09801801005C00000D9A0
:102AB00023FF0000000001041821800801840001A8
:102AC000040421A2180180182180A00033A9FF006E
:102AD00000000003801C81003001808001000000A4
:102AE000041801003801910004A393FF00000000C6
:102AF00001801D0180080189000140000191100042
:102B0000804083300000D754FF00000000018000A7
:102B10005180100188000100000000100000180022
:102B2000A40004818DFF0000000004A0000980586B
:102B300001840001000480040001801900C6000027
:102B40007522FF00000000018400010018018000D0
:102B500001400140100000800041000000FF74FFB0
:102B60000000000001C01B2980180189000102003B
:102B7000004090010000040920004B0EFF000000FF
:102B80000001829A2180180182200100200000109B
:102B900028000000000200B5A1FF00000000018035
:102BA000180182080100800106000000120180184F
:102BB00005984000898DFF000000000180388940A1
:102BC00012A1200001000208001007803801806077
:102BD0000013BFFF000000000182A089A20B41A0EA
:102BE000C0010044108004018018018000007DC3F2
:102BF000FF000000000184000100100980000100B6
:102C00000000000201803841800000364BFF0000C8
:102C100000044180022180180182000100000000B0
:102C2000002B805801800400B8E3FF000000000181
:102C3000820001001801800001000000118201845F
:102C40001821804000ACFFFF00000000018000015F
:102C5000801811800001000000000003801801802E
:102C6000000015F0FF000000044180180100180169
:102C7000800001004000100001821801800000E384
:102C8000CAFF00000000000518300000100000001E
:102C900000000003014000A0500920005C39FF0043
:102CA00000000000281880000040000000004000E4
:102CB0002002004804800200002E36FF00000000C1
:102CC00000000C0080082000000180000000088047
:102CD0008C0820C00000FC9FFF00000000028080E4
:102CE00040012040800000000000008400220240DB
:102CF0002200002DBBFF0000000000541150001006
:102D0000000000010040004404402243002C000069
:102D1000702FFF0000000001D20A89A82810C80007
:102D2000008000002408A48088808900004791FF6B
:102D300000000000020084000020080000000040A5
:102D4000000080020140100080003A24FF000000D3
:102D500000018178018118018600018000000808C7
:102D6000008C0808C4000052A2FF00000000000010
:102D70000280480040000000000000088400400479
:102D80000000000059AFFF0000000000520050009A
:102D900020103000000000002400A00900D009002D
:102DA000002B60FF00000000000400040000000091
:102DB000000000000000000000000010000074315E
:102DC000FF000000000000000080180195000100D5
:102DD00010010010018018578500006303FF0100F7
:102DE000000000001801C03001800001801801803F
:102DF0001800000800A002500480FF00100004002A
:102E0000000000410800468500110000000000009D
:102E100000282A80504BCEFF01000000000408016A
:102E2000A0380090000180080080080000080080A1
:102E30000200F114FF000000000000100500100364
:102E4000000000000002000000000000000000A9D7
:102E5000BFFF000800020000000020800080030087
:102E6000088002000000000000000000ADDFFF004D
:102E70000000000000080100180022000080080087
:102E8000800800000800800000C870FF00000000FB
:102E90000000180000000200000000000000000018
:102EA0000000000000008883FF0000000000001800
:102EB0000000000000000000000000000000000012
:102EC000000000048CFF0000000001811801801D3B
:102ED00001C000018218008000000018018000007D
:102EE000E597FF00000000018000098018018000C4
:102EF00001801001800A00001801880000CEAFFF99
:102F00000000000001892021801801802001841820
:102F1000000A08000018000000008677FF0000008B
:102F20000001900243801D01C00001801801142C93
:102F300000001800026000BE7BFF0000000001805E
:102F40000013801801800001801800802000001804
:102F500001880000E8FEFF000000000180580182A7
:102F60003809A0400180180380080008180180007B
:102F70000087E6FF0000000001800209821801803E
:102F80000001801800000800009801820000F0EDA8
:102F9000FF000000000180181180186BA000018064
:102FA00018010008000918000000002FA7FF00000A
:102FB00000000180180180180580000180180100C0
:102FC00000000000018000000FF9FF000000000178
:102FD00084000180D811800001821085120A00004F
:102FE0000001A00000B0E6FF000000000180180909
:102FF000821A85840001801801000D8000080040BD
:1030000000004FC6FF00000000008800018018414A
:103010008200018018010008000010018000008E6D
:103020001FFF00000000018A0011821D1000000136
:103030008018010000000010018000047A04FF00E5
:1030400000000001801801821A8080602180180130
:10305000820800008801C00000A096FF0000000068
:10306000018018058098210000018218810A08005B
:103070000018018000043E3FFF000000000100181E
:1030800001801A578420018038018219000018013C
:10309000800000425DFF00000000010018030018DE
:1030A000A38200018018000000818000058040009C
:1030B00049E5FF0000000001001801021809800026
:1030C00041801800000001808003C000041D9BFFA8
:1030D00000000000010018010018018020010038E4
:1030E000000000018000018040044328FF00000030
:1030F000000100000100180180000100180000001C
:10310000018000018000040F5AFF00000000010050
:1031100000418018018000010118000000018000BA
:10312000018001005D1EFF0000000001000003801F
:1031300018018000010018000000018000018000DB
:1031400000AD8DFF0000000001085841001801800B
:10315000000106180000000180000180000002C884
:10316000FF00000000010058010018018520010047
:103170001800000401D20009802000202EFF00006A
:103180000000010018030018018020010010000059
:103190000081800001800080E2C9FF000000000182
:1031A00000180100180180000100100000000182D9
:1031B0000001804000911CFF0000000001000001A0
:1031C000001801850001001800000401D060118082
:1031D00000009B14FF0000000001080001003801FE
:1031E000800001009800000101800001800000B50E
:1031F00072FF000000000180000180580180000182
:10320000001000000001800001800000A2F0FF001B
:1032100000000001880549A51C098000014012201A
:10322000100111A304318200003CBAFF000000002D
:1032300001850005105805B4400103588020044161
:103240008840818940006F7FFF00000000018018E6
:1032500001041801B4000100180040010190004968
:103260008480000F2CFF0000000000001CC00184BF
:103270001000000001000428009001000000000080
:10328000FF4DFF0000000000151B08180028420039
:10329000000004A0108000000000100000C861FFC2
:1032A0000000000000008800001801800000840A6F
:1032B000020004014804010100000157FF00000062
:1032C0000000000014C0400400C00040414400421F
:1032D000448481148040007CD7FF0000000000007F
:1032E000100A08302344E0000020A0000301002061
:1032F000010020006ABAFF0000000000008D00817C
:103300001811800001800C00510001910011810012
:10331000006C18FF00000000002001040040044081
:10332000000000400421448400002C22C000B2B000
:10333000FF00000000000018348058059040018014
:1033400018040040218004818800000D6DFF0000FA
:103350000000001714010010012C000000000120E3
:103360001011001001000000A8F3FF000000000091
:103370002820090030014200000000480A01030033
:10338000302B028000C90EFF00000000002104D491
:1033900000400404000000000400C0A0000010452C
:1033A00000003AFEFF0000000000050100000000E0
:1033B0000100000001004100100001000800003E73
:1033C00002FF0000000000080000000000002000D4
:1033D0000000000004100004A0080000F815FF0021
:1033E0000000000000022000000004200000000097
:1033F0000000000002002000009963FF00000000B0
:1034000000021851801001800000001841B1011025
:1034100000042028000050D7FF000000000050C327
:103420000000480041400000009002000400410CF0
:103430000280006788FF0000000000000801A0086B
:1034400000808000001800840000000000000000E0
:103450007B79FF000000000000100005000B400019
:10346000000010010000080080000000007829FF23
:103470000000000000000088C40A00880200060066
:1034800000000000000000000000B4E2FF000000A7
:103490000000000800010002400000001800880041
:1034A00020000000000000058AFF0000000000006E
:1034B0001888000410090400000000040010010036
:1034C000000000009EF2FF000000000040590400D0
:1034D000440000400000400400410401400400405A
:1034E00000D992FF00000000010018018210058041
:1034F0000000001800000000000001800000BFADC7
:10350000FF0000010001000001841219800000008A
:1035100018018000000080018000004D84FF000041
:103520000100012020838030018020000038030842
:1035300020A20020030020008802FF0000000001FC
:1035400000051180100380000000180180000000B9
:10355000000100000043CFFF0000000001800021B7
:1035600080100380400000180000000000200300CD
:1035700000002D0EFF0000000001800001805001BE
:103580008000000018018010000000010040001CB5
:1035900035FF0000000001841841801001802000E8
:1035A000481D010000000000010000006B26FF0024
:1035B00000000001801853803001800000001805D1
:1035C000805000004005000000A148FF00000000FE
:1035D00001C01D098C50018000000218000000008D
:1035E0000000018040000C03FF0000000001801A71
:1035F0008180180380200000380080000200000154
:10360000804000CD75FF0000000001800041801067
:10361000078040000058010008040020030000005B
:10362000907DFF00000000018000018A18018000E9
:10363000000C190480400000400500000099E0FFE4
:103640000000000001A20315805000000000201AB5
:1036500000800000000001002004D2C3FF00000031
:103660000001801C31801801848000001801A490A2
:1036700028000001000004BC12FF000000000180CF
:10368000188180100400000000180190080000005C
:10369000010000049A02FF00000000018018018070
:1036A0005801C28000001801A018000000010000AD
:1036B00004E7ECFF0000000001A01421800409A42D
:1036C00080000018002200018018000C00003E84D9
:1036D000FF00000000018014A9800000C00000006D
:1036E0001802129051801800000004F471FF0000CD
:1036F00000000180191100200300000000180001E3
:1037000015110018000000004253FF0000000001E6
:103710008008010000000000000018000010008078
:103720001800000004F448FF0000000001820C01B2
:10373000800401C000000010040010208018000068
:103740000000B929FF00000000018018810020015D
:1037500080000000300040110100180004000083C8
:10376000BCFF0000000001A2083180000D84800031
:10377000001000031448001800100000E2A1FF0030
:1037800000000001801AA100800980A00000300024
:10379000001000001840002000ED04FF00000000B1
:1037A00001801901A02005800000003000001801F0
:1037B0008018000080405E32FF0000000001800899
:1037C000098400878A00000210000A18018078002E
:1037D00000000010C4FF0000000001801809220151
:1037E000018C4000021800141001801800010040F4
:1037F000CA27FF00000000018008010400018000CA
:10380000000058202410018018000040002726FFE7
:10381000000000000180022100801B80A000001039
:1038200000001801901820102000D1E8FF000000CF
:103830000001800801020001800000001000201833
:1038400001805800040000A00EFF0000000001806D
:1038500000018000098000000010000210018018A3
:10386000001400002E50FF0000000001803801808D
:1038700000018000000010400010018818020000C4
:10388000003593FF0000000000001B500000020400
:1038900020000000000004500120000020005FB064
:1038A000FF00000000000018000000000100000000
:1038B0000000000000420000000000F5CEFF000004
:1038C0000000010020008000004000000000000017
:1038D00009A0B810020000004058FF0000000000DE
:1038E00000000000200090000000050000000040E3
:1038F000080000000052F0FF000000000100054039
:10390000000001000000000004000410041000008A
:103910000000E68CFF00000000018002A8CB000040
:10392000C00000000020000A808C1802000000CEB9
:1039300027FF000000000000000800200025000014
:10394000000004000000010000000000FC1CFF005B
:1039500000000001802551810001C200000000002C
:10396000000800809800000000E24FFF0000000007
:1039700000004000020000080000000100000100FB
:10398000400000000000FB89FF0000000000000074
:10399000003000000400000002200002000D0004BE
:1039A000000000872EFF0000000000000000000063
:1039B000080080000000000000000000000000007F
:1039C0007067FF00000000010010010018010000F6
:1039D00001801006001001D51D01D00010C7A0FF06
:1039E00000000000000000010000018000018000D4
:1039F000000000008020018001008662FF000000BE
:103A00000000000000800000000010000000000026
:103A1000002AA280000010B17EFF00000000040018
:103A20000001800000800000800000000000800095
:103A300001D00100BAC0FF0000000000000001003A
:103A40000009000000040000000000000001000068
:103A5000007764FF00000000000000000000040088
:103A60000008020000000000000000804000AE3CA2
:103A7000FF00000000000000018000008080008046
:103A80000000000000800001000000F65BFF000065
:103A90000000020000000000020000000000000022
:103AA0000000000000004000EEF2FF0000000000F7
:103AB0000000000000000000000000000000000006
:103AC0000000000000C0D7FF0000000001800021BE
:103AD0008010118000018000800000018000819032
:103AE00000009820FF000000002900040180300041
:103AF000880001A002000000018000018020001663
:103B000047FF00000000008200458018019000017E
:103B1000800000000001800001800000F098FF009C
:103B200000000001840005881080800021800700CB
:103B30002000018001018000003A00FF0000000029
:103B400051800201807009000001C00000000000E7
:103B5000000001900000B313FF010000000280028A
:103B60000185100000850180200010000010024136
:103B7000B24000E226FF00000000050002018819A3
:103B80000108000180028020000002808180000086
:103B9000FC13FF008000000180000182900076800D
:103BA000999821020F80018D0321AA000042F5FFA0
:103BB0000000000001800001801006000C41800020
:103BC000040000018000018000000199FF00000056
:103BD00000010000218050110000014000000000A1
:103BE00001800001A800003F72FF0000000000807B
:103BF0000041801000080001800180000001C00227
:103C00001980A00041F5FF0000000001800009803C
:103C10001001000801800000000001A020038000C6
:103C200000F379FF00000000018040098010008847
:103C30000001C0000000000180040180200011226A
:103C4000FF0000000000C10001A81005890081806C
:103C5000804000000180240380A000E0D4FF000029
:103C6000000001100001801008C400018040000025
:103C70000100400011A88000154CFF000000010168
:103C8000804001A815C5800001800000000001816E
:103C900000018000002A4DFF0000000001C89801CB
:103CA000801820280001801800000101808209800E
:103CB000800427F9FF0000000101801801001C00AA
:103CC00002810180B840000001A00001800000795D
:103CD000AEFF000000000180180180180000000104
:103CE000801800000001800001802004B370FF00F4
:103CF0000000000180180100180000000180180079
:103D0000000001800001800000F957FF0000000062
:103D100001801901001800200001001800000001B6
:103D20008000018000009E2FFF000000000180182D
:103D30000180180000200108380000000180000107
:103D40008020000778FF000000000180180500189F
:103D50000000000110180000000180000180000038
:103D6000108CFF0000000001841805C07C000100D9
:103D700001001800000401800001804000E2DDFF26
:103D80000000000001801801801880002001003828
:103D9000000000818000018000004F8EFF000000C5
:103DA0000001801801001800000001001800000147
:103DB000018000018000005692FF00000000018495
:103DC0001801C0180000800180100000040180006C
:103DD0000180000078ABFF00000000018018810026
:103DE0001D00200001801000000001800001800003
:103DF0000051EFFF000000000180180100180400CE
:103E00000001001000000001800001800000F48C1F
:103E1000FF00000000018A1A11821C2400000140EA
:103E20001400000001A30201A20000C34DFF000026
:103E300000000181580511189404000103101400BA
:103E400000118841118940003E5DFF000000000123
:103E5000801801981800040001401000000001CDF6
:103E60008581C80000FCF9FF00000000018102000C
:103E700000443008800028001000001010001004DA
:103E80000000B9F3FF00000000019400002081C091
:103E900000400005800800000000000011000080C4
:103EA00001FF000000028888100181380000000036
:103EB0000218000000010000090080007ADBFF000A
:103EC00000000000020410044000000000004480D4
:103ED000000000A242008240002A0BFF0000000107
:103EE000100A300308108208400000910A00000107
:103EF000002001002000B438FF1000000200801CE8
:103F000000A11820010000540800000001D5050997
:103F10009480000AFEFF000000000000080000403E
:103F20000040000000400000000050400000400041
:103F300089D5FF10000000008210018058000000A9
:103F4000040058040000018140058040005D64FFCA
:103F5000040000000011000000000001000000004B
:103F6000000010012E10010000003FF6FF000000CD
:103F7000000000800400100A0020020480020000FB
:103F800003543003002000D9E9FF020000000003C1
:103F90000000004000000004004004000000014058
:103FA00004004000FCD5FF000000000004000000F9
:103FB00041000000000800000000000100000000B7
:103FC000005C7CFF000000000010000200000041C7
:103FD0000000000000000000000000000000B9B078
:103FE000FF0000000000190006000200220000216E
:103FF0002000000000040000000000B02FFF0000BF
:10400000000000021801000010000001AC180000C0
:104010000000808800800000844BFF00000000004A
:1040200000000080450444400400400400000450A7
:1040300040040040002837FF0000000000000A0193
:10404000802008282001821880000000800800805D
:1040500000002A9BFF000000000000100B00000081
:10406000000005000000000000000000200000DB50
:1040700008FF000000000000048000200040200035
:1040800080000000000000000000000081EDFF0043
:1040900000000000200A918000020000010C0800CE
:1040A00000000080080080000066F7FF00000000AC
:1040B0000180188000001010000000008000000047
:1040C0000000004000005E8DFF000000008180388D
:1040D000021022804020000040040001040040043F
:1040E000004000D6BCFF0000001000000005801159
:1040F000002000038018000001018098018000006A
:10410000581AFF00000008198000198012000000F2
:1041100001801800000001811801800000B958FFDB
:104120000000000881C03A838830000020018838F0
:10413000020000038038038020001C2AFF000000DA
:10414000100000180180100200000180180000001B
:1041500001801801800000B47CFF0000000800000E
:104160000001801000000005805800000001803828
:10417000018000000865FF0000001001C4000180FC
:104180001000000001801800000001801805804028
:104190000095B1FF00000010018018018510060095
:1041A0000001843800000001801801800000584F91
:1041B000FF000000080044580180500400200180E6
:1041C0001800000001805801800000F05DFF000031
:1041D000000000220001800800000801A818C000AB
:1041E00000000000040040005B85FF000000180094
:1041F00080000580000000000180580400000400D9
:104200000004004000E8E6FF000000180144180127
:10421000851000000803801A0000000080280000BC
:1042200000003408FF0000000001805801805004A5
:10423000000001801D200000010050018000001BD3
:1042400071FF000000180000000380180000480102
:10425000D2380200000300100380200006A8FF00EF
:10426000000001088000018010400000018018005B
:104270000000008308480280003D3AFF000000046F
:104280004108990180548000080180180000000155
:10429000881881C840000CBDFF0000001801C49CB4
:1042A00041801000000001801800000001E29C091C
:1042B0008280001C0BFF000000180188180180207C
:1042C00081800001801800001001C11A11A5200092
:1042D000058BFF0000000289A21AA1802401800042
:1042E00001802800001001801C01C00000BD1FFFDC
:1042F0000000000900450541801C09800001800084
:1043000000001001841941100000690FFF00000037
:1043100010201000018018C18008018000000010EA
:10432000019019209000009B92FF0000000029C41A
:104330001C41802001800001002800001001D81CD1
:104340000080000082DBFF00000018D18818018087
:104350005B01800801801800001001801881400076
:10436000003857FF00000010000081018018118004
:1043700000010000000018018518480AA0004A1733
:10438000FF00000008000000018018038000018089
:10439000020000190180380000002045C1FF000024
:1043A00000080005180180200180010190088000AC
:1043B00011018018818540009EF4FF00001010015B
:1043C0008518838800298800819008080090018062
:1043D000180182E00023A1FF000000180180008185
:1043E00088182988000180189001100180188180A8
:1043F00000208A71FF0000000000000015841805ED
:10440000808081A00800001021805841800000D6E3
:1044100049FF0000181040001801800001800001D1
:10442000000A02001001803801800000435BFF0099
:1044300000000801901D03804445800001A0085041
:10444000001001801821804000EBD7FF0000000021
:104450002188000B821C4180810100080000182186
:10446000801801800000AEECFF0000101800000270
:1044700081803801802001801828001801803803CD
:1044800080000016D2FF00000000019018000060BC
:10449000D200000000042200000000600404A0001C
:1044A000B3BCFF000000055180990000040000002B
:1044B000000000080000000000004800005FBBFF93
:1044C0000000000000440C41800021802000800B8F
:1044D000800008010010008200008B6EFF000000C9
:1044E000005000000000084800000000000000002C
:1044F00000800800020000965CFF00000004A84451
:10450000154100208900000000404C00000100100F
:104510000010000029B5FF00000000002A8AA180D9
:104520003D03800000828880000901801800C800D7
:1045300000DB5AFF000000000008800000420080FD
:104540000000004004000000000000210000EC27F3
:10455000FF0000000000441C418019010020018080
:104560001A0000082180780680800064C4FF0000E3
:104570000000500080000004000000000005000062
:10458000010000000040000065B4FF0000000000D2
:10459000080100002052004000030000000020003D
:1045A00000000A8000FD0FFF000000000000000076
:1045B00000000000000000000000000000000000FB
:1045C0000000C0D7FF0000001000001000005001E4
:1045D00080400180180500000185000000000047B0
:1045E000BAFF000008180000180000100380200126
:1045F00080580200000080000000000004E2FF007C
:1046000000000000000000004810410050002000A1
:1046100000000002800000000029CBFF0000081805
:10462000000008000018038000018008000000005E
:1046300080000000000057C0FF00000010000010C4
:10464000020010090000010000020000000000004C
:10465000000000610EFF00000000000000020000EA
:10466000000000400000000000000000000000000A
:104670008866FF0000001800000800001801A10073
:1046800011800800000000800000000000B1B2FFAF
:104690000000000001801800000000000000000081
:1046A000020000000000000000005D3AFF00000072
:1046B0000001801800000000000000000000000061
:1046C000000000000000001D11FF000000180000A5
:1046D00080010018018000018018000000018000A6
:1046E00000000000D64AFF00000018018010008082
:1046F00018018000018018000000018000200000E7
:10470000006A86FF00000018618008208018018080
:104710000001821802002001800000000000869144
:10472000FF0000009800001849001801A002018C49
:10473000180000000180004000000080A3FF00007E
:10474000001800008004001801800001801800009B
:104750000000000000000000924AFF000000180165
:10476000811421A898018000018298060040000071
:1047700000000000002193FF0000011801800821C3
:1047800080180180B009829800000000000000003D
:1047900000003E30FF0000001900009A02001801DE
:1047A000990271801800060001800000000000AE30
:1047B0006AFF0000001900000008A89801C020014D
:1047C0008810000000018000000000002159FF0057
:1047D0000000182900100120180182000180100437
:1047E0000000018000002000007E6CFF0000001827
:1047F00000800811423803840801801A000000017B
:10480000800200400000A6DFFF00000018018218AF
:1048100008801801800001803880000001800000BD
:10482000000000DA0CFF00000018000000018418EE
:104830000180080180148000000180000000000059
:10484000CD05FF00000018010012A00058098000EB
:1048500011AAB0000000000800000000008988FFD5
:104860000000001828820800003801840501801823
:10487000000000018002000000002EC9FF000000BF
:104880001801801AA1951801C00001A218000000AB
:10489000018000000000003575FF00000018018055
:1048A00018008018038202818098010000000040F7
:1048B00000000000BA73FF000000000180080195AD
:1048C0001811A0000988180100000008200000004D
:1048D00000FB2DFF00000000000010018058018047
:1048E0000001801801000000000000000004D6ABA9
:1048F000FF0000001800000001001801800801807E
:1049000018010000000000000000000345FF000047
:10491000000001801851001851801001801801809A
:1049200000000000000000009BB9FF00000018011B
:1049300080080180180380080180180180000000B1
:104940000000000000EF28FF0000001800001041E8
:1049500080185180000180380180000000000000B4
:104960000000611EFF000000000000000080180130
:10497000800001801801800000000000000000702D
:1049800056FF00000000040018008018038000019A
:10499000801801000000000000000000CC53FF0060
:1049A0000000180180080180180180000180580172
:1049B0000000000000000000008B38FF000000181D
:1049C000058010018018018000018018010000009E
:1049D000000000000000DB26FF00000000000000D7
:1049E000090018018000018018010000000000008B
:1049F000000000FDD8FF000000180000180100189A
:104A0000018000018018010000000000000000008B
:104A10004F15FF0000000049C809218418118100CA
:104A200001851A110000002A0000000000D3A8FF31
:104A30000000000401841001B01C05B24305D058E9
:104A4000C5080000010000000000B73EFF000000A4
:104A50001800000000801801B00001881A01000051
:104A600000048000000000D0D3FF0000000031E00F
:104A70001AC40000004304000101001000000000FF
:104A8000000000003E5CFF00000000419A19041085
:104A9000000204800000005000000011000000002F
:104AA00000EF6DFF0000000408000804249C1800BB
:104AB0000001200002000000000000000000F2BB26
:104AC000FF00000002040400204800A0802304D45A
:104AD0004C82000000404000000000A6ACFF000037
:104AE00000040844108451114A20220308200400C5
:104AF000000000000000000078D5FF00000000402A
:104B0000100C4000180182C001A01D00000000012F
:104B1000000000000037B0FF00000000040080002B
:104B200022000480004400400000000040C000005B
:104B3000000065A6FF00000000001018100918050D
:104B400000000180580000000008000000000087FD
:104B500003FF000000000044044000000000400487
:104B60000000000000010680000000000C7DFF0036
:104B70000000000000000428800000000000200267
:104B8000002001252000000000C7CEFF000000002B
:104B90000032822824000000202200400000000093
:104BA0004000000000004CF4FF00000000004C0535
:104BB000400000020020020005000000001000007C
:104BC000000000BCA2FF00000000000000040880FC
:104BD00002000000000000000000080000000000CB
:104BE0007798FF00000000004584400000000001AD
:104BF00080000000000000040000000000FB30FF07
:104C000000000000000008005010058040058000F2
:104C100000000000000000000000451DFF00000033
:104C200000001000800088000000000045040040E3
:104C30000050C0000000006495FF0000000000006C
:104C4000080002082380000180000020000000000E
:104C500000200000DC9FFF000000000000120000A8
:104C60001089002003000000000080000008000000
:104C7000006B69FF000000000000048800000200D3
:104C80000000000000460000000000000000BF849B
:104C9000FF0000000000000828001961A8800180C2
:104CA0002020000000000000400000FBF1FF000099
:104CB00000000180188804000800000200000000C5
:104CC0000100000010000000CD8EFF000000010375
:104CD00080180241020A0021000000040044000084
:104CE0004000000000DE42FF00000018000000014C
:104CF000A098018040018010000004000000000026
:104D0000000043BBFF000001088180000000122961
:104D10008000818010000000000000000000004BB7
:104D200064FF000001080380182A001003A8A001F6
:104D30008010220020000020000000005755FF00D6
:104D40000000180811180182180180040180300049
:104D50000000000000000000006BAFFF0000000436
:104D6000C0000010101801804001805002000000B7
:104D700000000000000041F1FF0000001089C404A1
:104D800041811001800205801000000000004000F9
:104D90000000007B01FF0000001211881801801044
:104DA0000180002980100040000000000000000089
:104DB000743EFF0000000442449C540418018030FB
:104DC00001803004004000000000000000C6B6FF73
:104DD00000000000A02282A0131801802005805846
:104DE000000000000040000000004183FF000000C0
:104DF0001001080001889005800001801800000063
:104E00000000400000000017D8FF0000001000D490
:104E10001C4181100180080180180242000000003E
:104E200000000000A83FFF0000000431809804103B
:104E300018018040018018040440000000000000B8
:104E40000069A0FF00000018840000818218038020
:104E50000851805000000000002000000000D350E6
:104E6000FF0000000A011080001310018000018083
:104E70001800000000000000000000C4DDFF00007A
:104E800000094A8019004010018040018050000054
:104E900000000000000000005B6EFF000000180131
:104EA000C41C41801805800001801800000000002B
:104EB0000000000000FB41FF0000001C0180180101
:104EC000AA9801800001803A018000018000000062
:104ED00000043627FF0000000020A28AA0AA980341
:104EE000804001805801800001800000000000AB7C
:104EF00056FF0000001043D41D4000180F80200111
:104F00008018418000018000000000009021FF0017
:104F100000000D0890080100180180480180580128
:104F200080000180000000000059F1FF0000000037
:104F300001C49C40801881800001801C0980000110
:104F400080000000000099DAFF0000001A4080088D
:104F500001D01909801801801809000001800000A3
:104F6000000000C832FF00000008058919010298FE
:104F70000180400180582180000180000000000075
:104F8000BC12FF000000100080080040180F8020B5
:104F90000180B803000001800000000000AFDEFFC8
:104FA000000000000580180000188580400180582E
:104FB000098000018000A0000000E9B9FF000000A6
:104FC0001800800809001801800001801801A00065
:104FD000018000000000001E5DFF0000000800804E
:104FE0000809A01903800001803801C00001800178
:104FF0004000000086FCFF0028101001801800808F
:1050000018018230498018058000018400000000EA
:1050100000E310FF00000118018018010018098149
:105020000001809849800001800000000000959EEA
:10503000FF0000080598800850001D03C200018091
:1050400058018000018000000000008643FF00003E
:1050500000100080080080180180802980182180BD
:105060000001840000000000B2EFFF0050010C01BD
:10507000801829801A83A0200180380580000180D3
:105080002000000000BCEBFF0000000009911800A8
:10509000028002000000006000000000000000002C
:1050A00000002B9CFF000000044180180048000015
:1050B000000000000002000000000000000000648A
:1050C00087FF0000000008440550001803802601F7
:1050D0008010008000010020000000007CF0FF0034
:1050E00000000508000000000000000100000800AA
:1050F0000000008000000000002C13FF00000004EE
:105100004055055050100100000100100000000142
:105110000000000000005D59FF0000000020220296
:1051200020501801806031807800C100018020008B
:1051300000000053ABFF00000000000000000280F0
:10514000000030000020000000000000000000000F
:105150007AC9FF00000000004404400018078001E5
:1051600001801803820001800000000000FDF5FFAF
:1051700000000001080000005000000000080000CE
:1051800002048000000000000000BCC8FF00000016
:10519000024000000000000000404000200020000D
:1051A00000004000000000738DFF001000000000B0
:1051B000400000000000000228002800000000005D
:1051C000000000007ACFFF00000010150010010061
:1051D0001801800001801001010001801D01D00034
:1051E00000C9A7FF00000018030210018018018009
:1051F000000180400180000000200000005057089E
:10520000FF000800000080080000011051000000AD
:105210002000008000000000000050BD71FF000071
:1052200000180982180080080180000180000080B9
:10523000000000050050000078DFFF0000001001B2
:1052400000500300100104200100000000000000D5
:105250004000000000B004FF00000000000000005B
:1052600000000030200000400000000000000000AE
:1052700000008049FF00000018010018008009119B
:10528000848001D020288000000000000000005F22
:10529000E6FF000000000000000200000000000423
:1052A0000000000000000000000000009622FF0047
:1052B00000000000000000000000000000000000EE
:1052C000000000000000000000C0D7FF0000001A2E
:1052D0000980180180180190000180000000004042
:1052E00000000000000032BAFF0000001801803802
:1052F0000020010180800180000000000000000803
:10530000028000A619FF0000001C1180180180090E
:10531000018000018000200000000000000000006B
:105320006FA7FF0000001803801A80401003800060
:10533000018882810000000000020120000050FF6F
:1053400000000018018038058010038900018000EA
:1053500040000020000008040000AEFDFF00000037
:105360001801A83820000823880089840020002024
:10537000000000000000002CCAFF0000001801A877
:105380001821800001880101820020000000000037
:1053900000000000FD84FF000061980180380000DB
:1053A00018038006698002810020000000000000D0
:1053B0000073E8FF0000001801801C8000182180A5
:1053C000100190E0000000000000000000000E3D11
:1053D000FF0000001A2B8018058000A1900001C07A
:1053E00000000000000000020020004270FF0000EA
:1053F00000180180180018080180000182000000D8
:105400002000000000000000DC74FF000000188194
:105410008018018010018000018000010000000060
:1054200000000000001922FF080000188180180009
:1054300000102180000180400200000000200200D6
:1054400020007978FF100008180182188185081162
:10545000800041822002500000000000000000DFB8
:1054600016FF0800411A29901800000085C8051190
:10547000E340000000000020020020000047FF1869
:1054800000001801801811821909900001800001A4
:10549000800000000000000000A153FF18002098C9
:1054A00001881881809881B00289A2B8018020000B
:1054B0000000000000041F5AFF18001018018200AD
:1054C00009801803800021801801D000000000002E
:1054D000000000E678FF1000001801801801801815
:1054E0000180000180180180000000000000000021
:1054F0003F40FF000000180180000180180180007B
:1055000001801801800000000000000000A8E5FFF5
:105510000000001801811001801011800001801826
:105520000180000000000000000086A4FF020000CF
:105530001803800811801001800005803801800068
:1055400000000000000000C253FF000000180181AD
:10555000100380100180000180180180000000000D
:1055600000000000CE34FF00000018018008058014
:105570001003800505801801800000500000000025
:1055800000FD35FF040000180380081180580380D7
:105590004001803801820000000000000000B7FEDA
:1055A000FF100000180180100180180180000180A8
:1055B0001801840000000000000000E50AFF000060
:1055C0000018078008018018018000018018018000
:1055D00000005000000000008D0DFF1000001801B9
:1055E00080100180180980250180180180000000CA
:1055F0000000000000699CFF00000018018000010D
:105600008018018000018018018000000000000067
:105610000000A8E5FF0000001951811B21885A9164
:10562000C40001901801A2000021021021000022F4
:10563000B5FF04C0001C05D44001A0580588C10571
:10564000A15C0588C0000800A00A000022E7FF0155
:1056500000001801A11801801801C40281891801F5
:105660009100001103501500007FCEFF0480000060
:1056700000440085C2000000010010000048000046
:105680000000000000006DE6FF10000005C80A01E0
:1056900049B805020020084000000080000000001A
:1056A000200000C8DFFF100000181190880480005F
:1056B00020000021801C0880000048048048000071
:1056C000543EFF0040000004004404002A10BB8048
:1056D0000400C000044000000000000000CFCDFF27
:1056E000108000100340308804200228A2A301305B
:1056F0000A00A00000040000000065A6FF000000F2
:105700001911928800D01C41820011881801900064
:1057100000100100300000E62BFF00000000040034
:10572000400440400C80410400400010C0000000D4
:1057300000000000EBE9FF0000001805805805801C
:10574000188500400580580180400000400400405A
:10575000005E95FF000000000000000001800000D6
:1057600000400000000080010010010000002F2B0D
:10577000FF10000000020000000000000002000016
:105780002000040001003003002000F71BFF000090
:105790000000040040042000000000000040000859
:1057A00040000040040040006524FF00400000006D
:1057B00000200441000000008000000051000000B3
:1057C0000000000000E2B5FF000000000000000043
:1057D00000009200212200000000000000000000F4
:1057E000000001B1FF100000000000400400002A8A
:1057F000002500000000000000000000000000057F
:1058000054FF0000001801801000001841800001C2
:10581000800001810001801801800000530BFF000F
:105820002000000400080041000C0040000040007F
:105830004A00000040040040002D5EFF00000018F8
:105840000180180A200A818880038080018000017D
:10585000801801800000A775FF000000100100B251
:1058600000001009022001220001000001001001C7
:10587000000000043DFF1000000000080482000545
:10588000600010028100000000008008008000001D
:10589000686DFF000000188181188000281383A024
:1058A00001002001800001001001000000ABBAFFE0
:1058B0001000000000080111C01800120000440090
:1058C00000000000000000000000A296FF0410008D
:1058D00000020020038018100005080000020040AC
:1058E000000040040040009DFBFF041000190180EF
:1058F0005800000001804511800001800001A018BF
:1059000001800000F23CFF100004180180180180A3
:105910000C01FA0001800001800001C01801800024
:10592000004100FF000004180380388380120980C2
:10593000800180000380200180380380200002ABBA
:10594000FF1000001801801A080038038031018020
:105950002001800001801801800000C05BFF00046E
:105960000018018018000000018002018000018001
:1059700000018038038020007693FF0000001801AA
:10598000801801C40801805005804001800001801A
:105990001801800000C325FF0002001801801801D3
:1059A00080140580000180200180000180180180A2
:1059B00000007B2FFF0000001803801804445801EA
:1059C000800201800003804001805805804000B9BA
:1059D00017FF0020001801801850220023805485F2
:1059E000800001800001801801800000B943FF1091
:1059F00000001801805C08000805802081802001DB
:105A0000800001801801800000294DFF100000185F
:105A100001801801C4100180510180400180000103
:105A2000803803802000D93CFF0000001801801856
:105A30004580584180000180000580400180580564
:105A40008040008DD6FF0040001805803808000413
:105A500003800401800001800001801801800000A3
:105A6000EB6BFF000000180180180008880180011E
:105A700009800001800001801801800000A1C5FF9D
:105A800000000018018038058011018000018000AD
:105A9000018000018018018000006115FF080000EE
:105AA0001805801801CC1C41800001804001800055
:105AB00001801801800000D8E1FF08000018018073
:105AC0001803901801806201800000000001801816
:105AD000018000007B56FF080000180200380323F5
:105AE00012A180210980200000200180280280204E
:105AF00000A644FF0040001803806000C50C4180F0
:105B0000414180200000000000500500400019C401
:105B1000FF0000001800000000000001800001806C
:105B200020000000018008008000007093FF00400A
:105B3000001803000803D41C498005018000000000
:105B40002001801801800000B1D2FF000000180081
:105B50008008010010098020018020000000000062
:105B600018018000004CE1FF000000180100100443
:105B70008108018000418000000000000010010049
:105B80000000CAE9FF000000180680700042000B08
:105B900080200182A0000000000018018000800821
:105BA00069FF06000018A2805024401901802009D6
:105BB0008D201800000180180180000014B1FF0042
:105BC0000000180102100180908180000180000611
:105BD000002009801801800000118EFF00000019CC
:105BE00000820841810805800011902000002011EA
:105BF0008008008000000D47FF0410011803004AD0
:105C000000000201834001800000000011800810A4
:105C1000800000BF67FF000000182000400002184D
:105C200019800001802002000001801001000100A5
:105C300039E8FF0000001805800201841161D205D7
:105C400079800000000001801801800000CCBEFFB8
:105C5000041000980200180180080980800180006B
:105C600000000011801011000000D96CFF0000003E
:105C70001803801800020281A8250180200000007E
:105C800001801801800000B626FF000000000020FF
:105C9000A0218018000004000060020000000282C1
:105CA000C02C0000E36BFF00000000020001018037
:105CB00099000000800000000000005000080080F3
:105CC00000B9E4FF0000001800800800540C418077
:105CD00022190000000000008008088080001640A3
:105CE000FF000000000400000408000000434080A2
:105CF0000000002000100100100000E8EBFF000091
:105D00000010014050004515410001010000000055
:105D10000000004144144000621AFF0020001800F7
:105D2000850D00228A29800001806000000000802B
:105D30000808808000086FFF000000000400C0A277
:105D40000800000040000020000020004D440440F6
:105D50004000E70DFF0000001807801800441C41B8
:105D6000802001800000000000A28A20A200001113
:105D700010FF0000000000000500080000002200E5
:105D80000000000000004800800800001B19FF0010
:105D900020000000048000010010000140002000ED
:105DA00000000002823023000081C0FF00000000DC
:105DB0000000200001001000028000000000000030
:105DC000000000000000F902FF00000010010010B8
:105DD0000000100180000100100100000000000020
:105DE0000000001FE2FF00200018018018000018CA
:105DF0000180000180000000000000000000004061
:105E000077C6FF14000000000000000000005400EE
:105E1000000100000000000000000000005252FFDE
:105E2000102000180180180400880C8000018000F8
:105E30000000000000000000004030BCFF00000037
:105E4000100100100000100100028100200000007D
:105E500000000000000000427FFF0400000000007E
:105E600020020000024A00000020000000000000A4
:105E7000000000005C47FF000000180180180000CF
:105E80000800800001808000000000000000000089
:105E9000001B98FF000000000000000180180000B7
:105EA00000000000000000000000000000008F73F0
:105EB000FF1000000000000001801800000000003A
:105EC0000000000000000000000000DC8DFF00006A
:105ED000001801801800000001808011801000006F
:105EE0000000000000000000A196FF120000180151
:105EF0008018018010018A0001A0900800000000B5
:105F000000000000007ADBFF00000018018018018B
:105F1000800828000001811000000000000000003F
:105F20000000426BFF00000018018038200018427A
:105F3000040021C218000000000000000000004121
:105F400063FF040000180180380000000889000980
:105F5000801810000000000000000000EA86FF002A
:105F600000001801801801801002AA000180923000
:105F70000000000000000000000FB6FF1000001835
:105F800001803821800801320001831A00000000DE
:105F9000000000000000559DFF0000001E01801859
:105FA00000001983000001E018080006000000004E
:105FB000000000AD0CFF1000001801803800000048
:105FC0000100084180702000000000000000000077
:105FD000942BFF0000001A01809A01001023280072
:105FE000018090000000000000000000008B88FF8E
:105FF0000000001C25801C04E78808820001813015
:1060000000000000000000000000512EFF00000012
:106010001801801801801800800801801800000015
:106020000000000000000032AEFF000000184180B8
:106030001800000008000001803800000000000087
:10604000000000042BBEFF000000180182180110A0
:106050001000000001803008540200000000000021
:1060600000F570FF000000180380D800C10821AAC5
:106070000001901900000100000000000004B0E8D9
:10608000FF0000001801801805801813910041805E
:106090001CC0000000000000000000AAF8FF000083
:1060A0000000000018018818098000018818080005
:1060B0000080000000000000EBADFF0000000000C9
:1060C000023801A08001888841801C4054020000F1
:1060D0000000000004A334FF0000000000001800CE
:1060E0000018038000018030000000000000000064
:1060F0000000602CFF0000000000001800000001FC
:10610000800001801800000000000000000004BFB3
:10611000D7FF000000000000180180180181000175
:10612000801800000000000000000004F175FF105E
:1061300000000002001801800001800001801800AA
:10614000000000000000000000505AFF1000000096
:1061500000001800001801800001801000000000FD
:1061600000000000000017D1FF0000000000001830
:1061700006000001800501803800000000000000DA
:10618000000000EBD5FF0000000000001800001820
:1061900005800009801800000000000000000000D9
:1061A0008A3EFF000000000000180380000180000C
:1061B000118050000000000000000000008B77FFFD
:1061C000000000000000180180180180000180100C
:1061D000000000000000000000005A6BFF000000FB
:1061E0000000001800000001808501801000000000
:1061F000000000000000001049FF00000000000047
:106200001800001801800001801800000000000044
:10621000000000006E2CFF000000044201192D80D8
:106220000035840001841010100000000000000000
:106230000013EAFF0040000000301805C41805C82C
:10624000C2B5A855000000000000000000000137A2
:10625000FF0000000000001800000001C086418A15
:106260001000000000000000000000B18BFF0000E3
:10627000000000680019801A2200010004000010CC
:10628000000000000000000063C2FF10400000405A
:10629000020141EA180200309800010000000000ED
:1062A0000000000000BAE1FF1000000000111A0019
:1062B000000811010001E0041800000000000000C7
:1062C00000001CEEFF100000048400408404004025
:1062D00096000410C080000000000000000000B123
:1062E0009CFF000000010022109242100102A30B4B
:1062F0004B20080000000000000000003106FF00F5
:1063000000000000081C00100C218000018001002A
:106310000000000000000000005490FF000000009A
:106320000400400408000400402400400000000075
:10633000000000000000EDEAFF000000000000582F
:10634000000098158040858040000040000000005B
:10635000000000535DFF00000000000000004C043E
:1063600040140000000000000000000000000000D9
:10637000B897FF0000000000002000090000002086
:1063800080002022000000000000000000716CFF6F
:1063900000000000000040002202280000A200408F
:1063A0000000400000000000000016C9FF000000CF
:1063B00000000000004404C02004020001080000A6
:1063C00000000000000000C16BFF000000000000A2
:1063D0000000008002122000000000000000000009
:1063E00000000000749EFF00000000000000004458
:1063F0000440180100000000000000000000000040
:1064000000151EFF0000000001000000090881A027
:1064100010018000118000000000000000007200E8
:10642000FF10000000008040000000000044040055
:106430004124000000000000000000F804FF0000FC
:10644000000001802000200801A08001C08281801E
:106450000000000000000000CEA0FF1000000001BE
:10646000000200001009000003000001000000000D
:106470000000000000452EFF000000000002240084
:106480000000800000000800000000000000000084
:106490000000DCC5FF000000000180002A000803A6
:1064A0008020018120018800000000000000000F12
:1064B000D3FF0000000000020001C0188841000264
:1064C00048050000000000000000000028AEFF00AA
:1064D00002000002102281C41828000008000002F7
:1064E0000020000000000000000C58FF1000000019
:1064F00001801800000029A0001180100180000018
:106500000000000000002790FF000000000180084C
:1065100001820001C001C180100180000000000064
:106520000000000DF0FF00040000038822A9A0185D
:10653000018000218010038820000000000000007E
:106540000628FF00000000018010021118038022BD
:106550000180300180000000000000000035E6FFEF
:1065600000000000018008000000118040818018B8
:1065700001800000000000000000917CFF0000008E
:106580000001801801C4844180000180180180004E
:1065900000000000000000AE99FF00000000018034
:1065A00010018018018020178018898000000000E9
:1065B00000000000A91CFF0000000003800004444C
:1065C0001C5180040180380580400000000000005C
:1065D000009105FF00000000018000002A82298050
:1065E0000C21801401800000000000000000CDEFAD
:1065F000FF0000000001805001880005802081809C
:1066000018018000000000000000046D84FF1000ED
:10661000000001801800441C4180000180100180AE
:10662000000000000000000012C9FF00000000018F
:10663000800805809809800001801A1580000000FC
:1066400000000000047E39FF0000000005803000DB
:106650001000038044518051018040000000000080
:106660000004017FFF0000000001800231808001F2
:106670008000018018018000000000000000009EE2
:1066800020FF000000000180088400190180000143
:10669000801001800000000000000004E1EEFF1007
:1066A00000000005801A01D41C41800101805801BE
:1066B000800000000000000000027CFF100180004C
:1066C00001807C0391180180040180180000000003
:1066D0000000000000007CD0FF000180000180303D
:1066E00020A28AA180210180380000400000000023
:1066F0000000047735FF0001800003804101C41DC4
:1067000041800001803C40000000000000000000CB
:106710009490FF0001800001800910900801800022
:10672000018018000020000000000000042ACEFFB5
:106730000001800001800001C51C418024018038D7
:1067400008000000000000000000365DFF0001802E
:1067500000018008049008018000018018000000FA
:10676000000000000000004404FF000180000580DC
:106770001B01801901800001801C2800000000001E
:1067800000000000BBCDFF0001A000018050008090
:10679000080180A001A258000000000000000000D5
:1067A00000BFA4FF1001800005802003A0182180F5
:1067B0000001C0B8000080000000000000008488D4
:1067C000FF00018000018008228008098000018804
:1067D0007800000000000000000000B883FF000106
:1067E000A00001801842A00849800001891800001B
:1067F00000000000000000005BCEFF0001A080410F
:1068000081100188184180240180180020000000B8
:1068100000000000006DDAFF000180000180180315
:1068200080180190800182180000800000000000A4
:1068300000009DD4FF000180002190950080080198
:106840008040798018002000000000000000001E39
:1068500009FF1001A00001800000880821802401A8
:10686000807800000000000000000000B668FF0013
:1068700001810001882D01801801884001803802C3
:10688000000000000000000000B98FFF00000000C1
:10689000000002C39018000000000000000000008B
:1068A0000000000000003417FF100000000000008E
:1068B000018098000004800000000000000000003B
:1068C0000000009202FF000000000180400044052B
:1068D000510020018058020000000000000000006C
:1068E000E5B7FF100000000000012000000080104C
:1068F00000000000000000000000000000F74DFF55
:1069000010000000010040405505510041010010F9
:1069100000000000000000000000111AFF0000004D
:106920000001800210220221802421807800004092
:10693000000000000000009EBFFF1000000000806B
:1069400044800000000044000040000020000000DF
:10695000000000004CAAFF100000000100210044CC
:10696000044180008980180600000000000000003B
:10697000007E4BFF00000000000020080000000027
:1069800041100020000000000000000000007D6AAF
:10699000FF10000000000004400000000004400060
:1069A00000000000000000000000008897FF0000C9
:1069B00000000000000200420028000028800800BB
:1069C0000000000000000000E563FF00010010016E
:1069D000001001851D0380000180100100000000EF
:1069E00000000000002D9EFF00400018000018016C
:1069F00000000180000100180000180000000000E5
:106A000000009439FF000000000000000080808238
:106A1000040000800000000000000000000000747E
:106A20003CFF0040000800000801840401800001D0
:106A3000800804000800000000000000DC07FF00E0
:106A40000000000000100100424100000104150098
:106A5000003000000000000000B702FF000000004E
:106A60000000000000000004100080600200200010
:106A700000000000000053EAFF00000008000008CA
:106A800001000041D0000155050800000000000091
:106A900000000097C7FF0000000000000002000097
:106AA00000000000000000000000000000000000E6
:106AB0006824FF000000000000000000000000004B
:106AC00000000000000000000000000000C0D7FF30
:106AD000000000182080180180040180000180005F
:106AE00001000000000000000000D8D8FF000000F6
:106AF000180202B801800001881001884009800056
:106B000002000000000000F028FF0000001A408092
:106B100018018004018000018000010000000000D5
:106B2000000000009340FF0020021C040018878032
:106B300000018000019858010818080000000000BA
:106B40000045A6FF00000010048550018000019060
:106B50000001805809000802000000000000E9352B
:106B6000FF0000001120004021800001A0000182F0
:106B70000021A0080000000000000066EBFF0040BC
:106B8000001080801821800001A002018C182120B3
:106B90001000000000000000900DFF000002100235
:106BA0008648018000018004018018010999800055
:106BB0000000000000E402FF00000058208018815F
:106BC000800001800001800001001008000000002A
:106BD00000006DCCFF0000005828801A01800001E1
:106BE0008201018058018010000000000000003C7C
:106BF0002CFF0000001810801C01800001800001A3
:106C000081800580080000000000000042E9FF00CC
:106C100000001D00801801800001801001803801F3
:106C20008018000000000000005BFCFF000000581E
:106C300002805001800001820001801801001800CC
:106C4000000000000004783FFF0010003A0089387F
:106C500021800021800001803A21C018000000003E
:106C6000000000F01AFF0000001BA2841101800048
:106C700001800081801801801800000000000004DD
:106C80000209FF0000001A418018218000019001D4
:106C9000018018159018000000000000002D30FF42
:106CA00000098018808A1881801801000001801A6C
:106CB00021801800000000000004BE3FFF0001809A
:106CC0001020809001801821080101801809A8185F
:106CD0000000000000000469FDFF00018000018049
:106CE00018018018010000018018018018000000C0
:106CF00000000004755BFF00018010018018018016
:106D000018010000018018010018000000000000B8
:106D1000042337FF0001001001840811D01801007E
:106D2000000180180100100000000000000079BC84
:106D3000FF000180100180400180180100400580A3
:106D40001803001800000000000000875EFF00012B
:106D500000000184180180180100000180380180C2
:106D600010000000000000008393FF0001003001CC
:106D700080180380180100400180180100180000ED
:106D800000000000003DFAFF000180400180180370
:106D90008018010000018018038018000000000026
:106DA00000008406FF000180400180280180180156
:106DB000000005805801801000000000000000CA9B
:106DC00046FF0001804001805801801801800001C9
:106DD0008018018018000000000000007199FF0079
:106DE00001800001801809A81801800001801801A5
:106DF000001000000000000000C795FF0001801097
:106E0000010010018018010000018018010010002D
:106E1000000000000000685EFF0001931241A8A07E
:106E2000A9811A8102004180180130114000000040
:106E30000000008D57FF0001200081001A058858CE
:106E400005110105B35A2584101000000000000050
:106E5000C86FFF0000211001991881811D010002F7
:106E6000C1849CC10010100000000000001A2AFF1D
:106E70000000004084004158000000080100180094
:106E800000100100000000000000F175FF00000C80
:106E9000806022000002000013000000002C460069
:106EA00004000000000000DED7FF0000802C0AC0B4
:106EB000480000882004002100180008004000005D
:106EC000000000009F11FF00005003040006249002
:106ED0004008005004C14000000080000000000095
:106EE00000E384FF00000100200C12C20320020214
:106EF000052311305208008400000000000010EB50
:106F0000FF0000D00B10C008118018280800018075
:106F10001884040000000000000000CA54FF0000B4
:106F20000000020400148040000040048041200062
:106F300000A00000000000007392FF00018018050F
:106F4000909C25005804004005005A08004210009B
:106F500000000000007C94FF0001001001401000C0
:106F600000000000014000000000020000000000DE
:106F70000000C06AFF000000004010000000000296
:106F80000020000021202882400000000000009F17
:106F9000AAFF000000000442820C00000400400030
:106FA0000042480040A00000000000000014FF0064
:106FB00000000000048100000000000080000214B6
:106FC000004108000000000000927CFF000000006B
:106FD0000010004000200000014200008000000876
:106FE0000000000000009138FF0000000200610670
:106FF0002800000000030000010011400000000014
:10700000000000390FFF00000008200A18818010DE
:107010000180000100004DC00030000000000000B1
:10702000E8D3FF000000020000004800080400440C
:1070300000804400000280000000000000AFEBFF71
:107040000000000A00000828A20801800003802038
:10705000018000000000000000006242FF0000010B
:1070600010080110010020030000010000010000D1
:10707000A8000000000000D711FF00000000800100
:1070800002D0000800800002802000000000000004
:10709000000000007CCFFF00000008B00008008066
:1070A000200102200900000188000000000000000B
:1070B0000084B6FF0000010280000280440000004E
:1070C0000000000000000128000000000000A25B9A
:1070D000FF00400800000A00000000021102A000AA
:1070E0002082002002000000000000D339FF004091
:1070F00080082080180180580DA0001180100180A8
:107100001000000000000000897CFF0001842802BC
:10711000803803001811C8800180108180100000A1
:107120000000000000077EFF00008C20828C2802F7
:107130000018038204C18030038830020000000080
:1071400000009659FF00018082808019208038015C
:10715000802301801001801800000000000000DB87
:107160003CFF0000D20840901009801801804001C7
:107170008010018010000000000000004928FF007E
:1071800001800A98CC1621005801800085805801A2
:107190008010000000000000003E87FF000080001B
:1071A00001C4841000180594040180300180122865
:1071B0000000000000006335FF00018400418009E9
:1071C00010801805802401805803803800000000DA
:1071D0000000002ADFFF00002C0B018018C080484F
:1071E0000180408580180192980000000000000096
:1071F00091DBFF0001512803A458040040018000E6
:1072000001801001801000000000000000E41EFF5B
:10721000000004C939814C05000803A0050180184D
:1072200005901800000000000000E0A3FF0001B07E
:10723000080540181180000584000180500180DAA3
:107240001000000000000027C4FF0000010A418276
:107250001920803801C840018018018218400000C0
:1072600000000004172AFF0001248811C411100037
:1072700000818001098018018010000000000000DA
:1072800000E75BFF0001080CA1801C01502C51801D
:10729000400180380180180000000000000421B483
:1072A000FF000188180190184180000180000180D2
:1072B0001801801800000000000000CE53FF0001FC
:1072C000280801810808089809800201803A118085
:1072D0000000000000000000DAC8FF0000A088489D
:1072E000520888501A81802109805801804000008E
:1072F0000000000004FFC6FF0001010C00C814409C
:10730000003A01806141801821800488000000005B
:107310000004726DFF0001820D0000144000182966
:107320008000018000008020000000000000049325
:10733000EDFF0001901981161880001801800101ED
:10734000805811800100000000000000B48BFF0095
:1073500001A09001009908115811800001801801C6
:107360008000100000000000003D29FF0001001A0D
:1073700000201A40001C01800441803A41000400B2
:1073800000000000000075E8FF0001801880101860
:1073900050001801805001A83800000000000000D3
:1073A000000000C36DFF00010008018616000058B0
:1073B000418021A1D2580981820000000000000014
:1073C000DD7CFF00418008010010000038278000AC
:1073D00011801A0700000000000000000071DFFFAC
:1073E0000021800880881850005801800041801CCE
:1073F000118004000000000000008BFAFF000180F3
:107400000800001800001801C481018820018000D4
:10741000000000000000005313FF00018000014045
:107420000400001841900009820000800000000064
:10743000000000007221FF000180006100180000C0
:1074400018018086798044141000000000000000BC
:1074500000D974FF0001800800200800001801A274
:1074600011018004000800000000000000009C8959
:10747000FF00018008000012000018238820018806
:1074800020080000000000000000001058FF00006D
:107490002000002018000000000002000020020070
:1074A00000000000000000008220FF0000090240F0
:1074B0000518000000000010100005002200000068
:1074C00000000000004DD1FF00000E00001005502C
:1074D00000100300418180205019000000000000CE
:1074E000000022F5FF00000005100200000000006F
:1074F0008035000000004000000000000000004255
:107500005CFF00000104204905500010010000014B
:107510000050014000000000000000000CE3FF00EC
:10752000004B00200102A800180180200180288063
:107530008B40000000000000004B70FF0000400086
:10754000000200000008000034100042D004A00037
:10755000000000000000BD62FF00004101000504C2
:1075600000001003800021801A79810000000000D3
:107570000000000DF6FF0000100208000088000067
:1075800000004000000200040000000000000000B5
:10759000EF43FF000002002000002000000400056F
:1075A00020004080500000000000000000687BFFC9
:1075B00000000000040200000000000000002A009B
:1075C000000000000000000000007A5CFF000000E6
:1075D0001001000001851501D0800100100000009D
:1075E000000000000000006D40FF000000180008CF
:1075F0000000001800000001804001800000000031
:1076000000100000CDEBFF000000000210000000A1
:107610000000400000010000000000000000000029
:10762000007217FF0000000800080000051D005050
:107630008001802000800000000000080000B90BDD
:10764000FF000000100008000000105200000100C0
:1076500000010000500000000000002806FF0000AC
:1076600000000004000000001020000000000000E6
:107670000000000000000000E432FF0000000800ED
:10768000000000001820000001D48000000050001D
:107690000000000000CE5EFF0000000000001800A7
:1076A00000000200000000000000000000000000D8
:1076B00000008883FF0000000000001800000000A8
:1076C00000000000000000000000000000000004B6
:1076D0008CFF00000000018000500218000801012A
:1076E000801000000000000000000000646EFF0039
:1076F00000200283821A00081800208001A0900058
:107700000100000000000000003850FF00000000F1
:1077100001E418500018080000018010000100006A
:10772000000000000000355CFF0000000001801830
:1077300000003802000001C09800020000000000B4
:107740000000008F27FF0000401501801C00121868
:107750000A28808180900080000000000000000066
:10776000A009FF00000005018000000018000000D3
:10777000018213018000000000000000003C30FF87
:107780000000001005004080003800000001801259
:1077900001800000000000000000AC3CFF00000081
:1077A00012818001000018004001818098C1800092
:1077B0000000000000000070DCFF000000000580F9
:1077C000580000380020000182182102000000004B
:1077D00000000000A46BFF000000050B801C880067
:1077E0003810000001C410018000000000000000FB
:1077F000002F2FFF0000080801B0186000182206B3
:1078000000018018118000000000000000004B9E65
:10781000FF0000000001891800001800000001802E
:1078200018098000000000000000001399FF00000C
:10783000101A09A11A8800185000000180180000D1
:107840000000000000000000B112FF00200010A1A5
:1078500080000800180000810182900182800000F1
:10786000000000000024BEFF00000018818000001E
:10787000001800000001A2181180000000000000A4
:10788000000036CFFF000000102380000000180029
:1078900000200180190980800000000000000436EB
:1078A00096FF0000001800800009800003802081FE
:1078B00000180180180000000000000018EBFF0015
:1078C0004000090000000180000181000104908156
:1078D000821800000000000000F6E7FF000000082A
:1078E0000280000180000180000100180180180062
:1078F00000000000000093CCFF0000000801001809
:1079000001800001800001001801801800000000C3
:107910000000006C26FF0000020800001801800033
:107920000180000101180180180000000000000023
:1079300071A5FF000000080200180180000180000E
:1079400001001001801800000000000000751FFFFA
:1079500000000008010018018000018000010610ED
:1079600001001800000000000000F72DFF000000DB
:10797000080000380180000180000100100100189B
:1079800000000000000000681BFF000000080180EC
:107990002001800001800001001801001800000093
:1079A000000000009FDEFF000000080600000180CC
:1079B000000180000180100100180000000000009C
:1079C00000FAD6FF000000080100000180000180DD
:1079D0000001001801801800000000000000A87DD0
:1079E000FF00000208010018018000018000010072
:1079F000980180180000000000000000F2FF000065
:107A000000000000180180600180000000180100E3
:107A10001800000000000000460FFF00000008AC46
:107A2000281809800001840000C01141201C0000BA
:107A300000000000008CF5FF0100000A01051C0198
:107A4000D54489A140011212110018000000000065
:107A50000000104BFF0000000C0001842180010198
:107A6000800001201029001C040000000000009E7E
:107A700036FF000000004050188000000008200081
:107A80000200000000080000000000008811FF0054
:107A900000000108081A100904084400004085800D
:107AA0004200000000000000005D10FF0000000028
:107AB000900200014000112280001000000010021E
:107AC000000000000000F850FF0100000024040046
:107AD000001680A40100000C4050002000000000AF
:107AE000000000280CFF000000003000822102216D
:107AF000292D000000009000100000000000000090
:107B00009847FF0000000100120081908001800072
:107B1000002A8040025808000000000000F5A3FF82
:107B200000000002240000008000048000000040EB
:107B3000000500000000000000005455FF00000098
:107B40000008004149004005004000004004401882
:107B50000000000000000094BDFF0000001189003B
:107B60000400000000000000000000100000000001
:107B700000000000A5A4FF00000000080000C100F4
:107B800020020020000020002C0000000000000067
:107B9000005E1EFF00000002000043480040040099
:107BA0004000004004320000000000000000ECDC57
:107BB000FF0000000100530410000000000000005E
:107BC0000114010000000000000000BC95FF00004F
:107BD0000000400000000000000000000000000065
:107BE0008000000000000000867FFF0000000230DF
:107BF0000004000000000000000006045000000027
:107C00000000000000BF84FF0000000081AC81097B
:107C10008018018000018018000280000000000030
:107C20000000C0B0FF00000002400000200040043F
:107C3000004000002108000000000000000000C615
:107C400034FF0000000000800010801881820001D5
:107C5000A01800020000000000000000ED70FF000E
:107C60000000000100808100300100200110300080
:107C70000000280000000000006E1AFF0000000154
:107C80008018000088000080000040000000000014
:107C9000000000000000B266FF0000000008800045
:107CA00010001801002001803880040050000000FE
:107CB000000000A0C5FF00000000000099000801BE
:107CC00000040000080000000000000000000000A8
:107CD000612FFF0000010080021820040004000052
:107CE000080002420020020000000000004DB1FF29
:107CF0000000000800000001845801804021805CE1
:107D000000000000000000000000E72AFF00000063
:107D100008020038018038618184498418200000FD
:107D200000000000000000F70CFF000000888B043A
:107D3000382180380380020182188200200200006E
:107D40000000000020A6FF0000000C010418318094
:107D50001801802001C2380000000000000000006F
:107D600000B02AFF00000008D031190180580180BE
:107D700000018018000000000000000000002BC877
:107D8000FF00040008200804018018018040019AC7
:107D900018000000000000000000009D4EFF0000E1
:107DA0000008001400018038018020019018004470
:107DB00000000000000000001689FF00000000091C
:107DC000C42411801805800001C058040000000080
:107DD00000000000007BEDFF0004001A49209B28F2
:107DE000001801800001A098201000000000000091
:107DF00000006F57FF0000001B030098A08058018F
:107E000080400180180000000000000000000072A7
:107E10002BFF0000001985101C01001801800001D3
:107E200090198C500000000000000000710CFF0051
:107E30000000185105192080180580100180D830E5
:107E4000000000000000000000655AFF0000000A6A
:107E500000405810003801803001C01800040000B4
:107E60000000000000009885FF0000000A212300A8
:107E70005149180180100180180000000000000026
:107E80000000004319FF00000008001001018018E5
:107E900003801001801800000000000000000000B6
:107EA0007276FF0000000801800401841801801030
:107EB00001801800000000000000000000BF38FF33
:107EC00010000002208088818018018010018078D5
:107ED000018000000000000000009A24FF10000054
:107EE0000A00348329889803804001803803800089
:107EF000000000000000006957FF10000009108218
:107F00000C51A218078000018018018000000000B9
:107F1000000000013C4AFF0000000820801001A47E
:107F200018018040018018010000000000000000DE
:107F300001D85BFF1000000800881C0188980180B0
:107F40000001805803800000000000000001DBC534
:107F5000FF1000000AD08299018098018000018002
:107F600010018000000000000000002DEBFF000069
:107F7000000801881831D41805800001804801806C
:107F8000000000000000000182D5FF100000080082
:107F9000A81801A03801800001800801000000003D
:107FA0000000000000069BFF10000008018208018D
:107FB00080180580000180580108000000000000C2
:107FC0000001E79DFF0010000C01800801801901ED
:107FD00082A001880801800006000000000000F473
:107FE000A1FF0010000C018008018058018280016F
:107FF00088100110000000000000000079FCFF0064
:1080000000440C01801851C51801884401801201F8
:10801000000000000000000000B3FCFF00000008AA
:1080200001AE1001A0198181200190180100000209
:1080300000000000000026B9FF0000201801E21532
:1080400009825801880001880201800000000000B8
:108050000000003DA3FF0000020C01801C21C1189C
:108060000180840180000100000000000000000089
:10807000AAC0FF0000001801800901803883802019
:1080800001804001000000000000000000E0E0FF6F
:108090000000000220109800002000006000000096
:1080A000800000020000000000008D75FF0000004D
:1080B00000104219280000000000000000400000ED
:1080C00000000000000000F26AFF00000000000055
:1080D0008401803005800001004410000000000091
:1080E00000000000C6EAFF000000001002000000CF
:1080F00000020000000040005000000000000000EE
:10810000000186FF00000004285404310010010023
:1081100040010013440000000000000000008971CD
:10812000FF00000003203102B1801801803001807F
:108130000AC0010000000000000000A516FF0000BA
:108140000000000000808000028040008040140099
:1081500000000000000000005744FF000000001075
:1081600000054100380300000100381851000000EC
:1081700000000000008B32FF000000030011000827
:10818000000002001000004240000000000000005B
:108190000000526EFF00000000204400000040007C
:1081A0000040000000800000000000000000008D82
:1081B000FFFF0000000000000000000000000000C1
:1081C000100000000000000000000000472CFF002D
:1081D00000001000051501001001000001801000D2
:1081E000000000000000000020C250FF0000001846
:1081F00000001801801801002001804000000000EC
:10820000000000000000A806FF004000000000027F
:10821000800000008020000020000000000000001E
:108220000000005279FF0000000800029801805809
:1082300001800000900000000000000000000040ED
:108240000F08FF00000000000010030010010000F4
:1082500001000000000000000000000000E308FF33
:10826000000000000000000000200000000080006E
:1082700004000000000000000000BDC1FF0040003D
:10828000080000100180180100000000000200003A
:1082900000000000000000A8B2FF00000000000085
:1082A00000020000000000000000000000000000CC
:1082B000000000006824FF00000000000000000033
:1082C00000000000000000000000000000000000AE
:1082D00000C0D7FF00000018001118018298018229
:1082E000000182100100000000000000000027FAD9
:1082F000FF0000001820001801803841808001280C
:108300001081000000000000000000B70CFF00001A
:10831000001E00911801801801800000C4100100A7
:1083200020000000000000009BA5FF0000001800D6
:10833000801801811829810001001801A0000000A7
:108340000000000000EB89FF000000084100180554
:1083500082382582000108110100000000000000A1
:1083600000009521FF0000000AA28018018018017A
:10837000A000800011030840000000000000006120
:108380002AFF1000000800801801803841C0010059
:10839000801001000000000000000000AE3DFF0062
:1083A000000018008018019838018000010018832F
:1083B000AE0000000000000000C1C5FF0000000B7F
:1083C00020001801801809800001001801800000B9
:1083D00000000000000004D3FF00000008248A18F9
:1083E0000580988D800001801801800050000000F9
:1083F000000000E23BFF0000000800801801841824
:108400000180000006106100001000000000000064
:10841000062EFF000000180080180182182181003C
:10842000018018018000000000000000009446FF59
:1084300000000008000A18018018038080018018DD
:1084400001800040000000000000E163FF00000028
:108450000024801801841821820001001A89AB00D1
:1084600000000000000000B61CFF00000008208093
:1084700018018098AB80010000104100000000004E
:108480000000000092E6FF00000018348018018010
:108490001801800001903881A00000000000000059
:1084A00000E30DFF0000000805800001820001804C
:1084B00000810018118040000000000000000C9DA9
:1084C000FF00000008150000018000418400010841
:1084D0001A418AA0000000000000006898FF000018
:1084E0000000010000018000018000018030018057
:1084F000000000000000000026D4FF000000100172
:1085000000000180000180000180100100000000D7
:108510000000000000D8B4FF00000018018800012E
:10852000800001800001041801000000000000002C
:1085300000003FBBFF000000180100400180000365
:10854000800001001001000000000000000000C6D3
:108550000FFF100000108910000180000180000151
:108560000418018000000000000000003DEFFF0043
:1085700000001001000001800001802001001001B6
:10858000002000000000000000479BFF00000019D1
:10859000118000018000038000010298018000002A
:1085A000000000000000ED09FF000000180100407D
:1085B00001800001804001001801800000000000DF
:1085C0000000001049FF0000000001800001800051
:1085D0000180000185100180000000000000000003
:1085E00047D0FF0000001001004001800001800022
:1085F0000180100100000000000000000046F3FFB1
:108600000000001801804001800001800001001876
:10861000010000000000000000006888FF0000006A
:108620001909A90401800001C000014010010020C7
:1086300000000000000000EEEBFF0000001221022D
:1086400000C1A54421824001035931A480000000EB
:1086500000000000AAFDFF00000018414700018053
:1086600000018000010011694900000000000000C5
:10867000000599FF000000048000010000000000D8
:108680000000268000000000000000000000C4CAB6
:10869000FF100000010A1000C80484000820000038
:1086A0000080020000000000000000D35AFF00001C
:1086B000000010000401482049C200008902100097
:1086C0000000000000000000E3B8FF000000000010
:1086D0000880040140242400004040000400000001
:1086E0000000000000DE5AFF000000000005000D41
:1086F0000080415420000022B01000000000000063
:108700000000AE5BFF000000009408010188000932
:10871000800000CD0000020000000000000000CB3F
:1087200065FF00000002A00C800000400400400033
:10873000404000000000000000000000C703FF00F0
:10874000000000082000058000058000008B40002C
:10875000000000000000000000945CFF000000101A
:10876000A000000000100100000100000000400017
:108770000000000002001A13FF000000004011007A
:1087800000000000000000022006002000000000A1
:10879000000000050FFF000000040022000400009C
:1087A0000000000024C000004000000000000400A1
:1087B0007F1AFF0000000490040000000000000089
:1087C000004104102800000000000000009396FF04
:1087D000000000001011000000000200000008006E
:1087E00004000000000000000000B615FF000000BB
:1087F000000020000000000000000008018011803F
:10880000000000000000001DBAFF00000004B031AD
:108810001800001000000001AADA01A040000000CA
:10882000000000003B7CFF00000000000200000090
:10883000080000000000001400000000000000001C
:10884000000356FF0000000000049800001800001C
:108850000001800800800000000000000000D7EB4D
:10886000FF0000000000001008081022002000088F
:108870001001000000000000000000FE67FF000083
:1088800000000000000000000002000000000000E6
:108890000000000000000000C2DBFF00000000003C
:1088A0000518000010400020008280000000000039
:1088B0000000000000C63FFF0000000000000010A4
:1088C0000800000200000800000000000000000096
:1088D00000002601FF00000000000000040040022C
:1088E0000000400020820020000000000000001A6C
:1088F00034FF00000008000018000018040840C100
:10890000800200000000000000000000FC34FF00B6
:108910000000080380180000180010010180048086
:10892000000000000000000000536FFF000000087E
:108930000200180200380200000182A0020020009C
:108940000000000000002A64FF00000010098018E9
:1089500000001800002001800801800000000000D5
:10896000000000B85AFF0000000B4100180000187A
:10897000000000018058018000000000000000009D
:10898000B63DFF00000008010018000018000000BC
:10899000018018018000000000000000009911FF14
:1089A00000000018010518000018000000018230C6
:1089B000000C00000000000000001A4CFF00000046
:1089C0001411001804001800002001801805800010
:1089D00000000000000000F52FFF0000001CA82888
:1089E00018000018000000018800A80080000000A6
:1089F000000000005A68FF000000192380180000E2
:108A0000580200000180500000000000000000003B
:108A1000004273FF0000000C010018000018040061
:108A200000018018019400000000000000002712DF
:108A3000FF000000008988980400180000000182EF
:108A400018898080000000000000040D16FF00005F
:108A50000010454218000038000050019028258081
:108A60000000000000000000903CFF0000001931F1
:108A7000081800001800001001801801C80000004C
:108A80000000000000A927FF000000040122980058
:108A9000003804001001801A21820000000000004C
:108AA0000000F150FF000000082100180400180029
:108AB00000500180193183000000000000000026F2
:108AC00072FF0040001D090080000000020010013C
:108AD000801C01C00000000000000000155EFF00C7
:108AE00000001B08488002000002000001801A01FB
:108AF000A8000000000000000008F9FF00000010BE
:108B00004100000200200000200100194194800073
:108B10000000000000008557FF00000008018200EF
:108B2000000000000000010018918080000000009B
:108B30000000004106FF00000018000200020000D3
:108B400002000000801819810000000000000000F1
:108B5000D518FF0000001C810080000040000010BC
:108B600001801C41C40000000000000000402FFFF5
:108B70001020001030020004000004004001001822
:108B800081880000000000000000FFE2FF100000EC
:108B9000080195000000000000800100180180001D
:108BA0000000000000000064D8FF00000018011061
:108BB000000400200406400180180190000000001D
:108BC0000000000050F2FF0000001801000000202B
:108BD000E208002001801801880000000000000069
:108BE000000AF7FF0000001001028000410410009D
:108BF0001001001801800000000000000000D1BD3D
:108C0000FF000000080180010000001010528100E8
:108C10001841800000000000000000A419FF1000AF
:108C2000001001000000000000009000001801800A
:108C30000000000000000000DAD1FF100000180161
:108C4000000000004000000001C01C218000000066
:108C50000000000000F47CFF100000100100008004
:108C600000001000650000180180000000000000F6
:108C700000007378FF000000080180000000000081
:108C8000081001205A05802000000000000000D6D6
:108C900035FF000000000000000000200000100070
:108CA000024000004000000000000000C33DFF0043
:108CB00000000100528000000000000000290004B4
:108CC0000000000000000000008168FF00000000BC
:108CD000100000000000000000010018010000006A
:108CE0000000000000003023FF0000000000010031
:108CF000040000040010000000000000000000005C
:108D0000000000E02FFF0000000000420000000013
:108D100000000001545001000000000000000000AD
:108D200074D9FF004000049008000000000000001B
:108D300000AB180380000000000000000083A0FFCB
:108D4000000000011010800200000200000000C0BE
:108D500000000000000000000000BE93FF000000C3
:108D60000020000000000000000001801801806069
:108D7000000000000000000D17FF00400001000887
:108D800000000000000010002900000000000000AA
:108D9000000000009714FF00000002300080000077
:108DA00000000000000200020000000000000000BF
:108DB00000A3EDFF0000000000000000000080287C
:108DC0000000080000000000000000000000E8D1E2
:108DD000FF00000011000010518018010000018008
:108DE00050010060000000000000008264FF0000ED
:108DF0004018000040000018010000000038018009
:108E00000000000000000000C761FF000020048097
:108E100000000000000080000004000000000000CE
:108E20000000000000DE2AFF0000000800002050C3
:108E30000008008000000018018000000000000011
:108E4000000038E5FF0000001002000002018681EA
:108E500000000000100100000000000000000017EA
:108E600016FF0000000000004002000000000000AB
:108E7000000000000000000000000000F663FF009A
:108E800000000C0000000000080050000012180153
:108E90000000000000000000005229FF0000000058
:108EA00002002000000000000000000000000000A0
:108EB0000000000000006DDAFF000000000000006C
:108EC00000000000000000000000000000000000A2
:108ED000000000C0D7FF00000018200A00000010AA
:108EE00000010000001801800000000000000000E8
:108EF000C3B9FF0000001800008000001002042029
:108F000000001801822000000000000000C269FF7C
:108F100000000018C0000000001008040000001845
:108F2000018000000000000000002059FF00000048
:108F30001900010000007030A0800000382FA080D0
:108F400000000000000000D48AFF00000018001498
:108F5000400400100300A0000038018260000000FF
:108F600000000000EF1BFF000000180000002000C0
:108F700010018002800018818200000000000000C3
:108F8000001433FF000000180000404000102100D2
:108F90000000001901A08000000000000000C6359C
:108FA000FF0000001802000002003001800080076E
:108FB00098038206000000000000001ABEFF0000B7
:108FC000001804000000005000C10A0000182D80A5
:108FD0000000000000000000D05CFF00000018004E
:108FE000000000001A41208000201801804000008D
:108FF00000000000004FFAFF00000018000780008A
:10900000001401C2000000180180000000000000F0
:10901000000057FDFF0000001808000000001801C4
:10902000800800025801800000000000000000BF1E
:1090300026FF00000018080000000010008000005B
:10904000003801800000000000000000F966FF0009
:1090500000000000000400031827D00404001801D9
:1090600080000000000000000018C5FF000000188C
:10907000000040400010218280022218018401007B
:10908000000000000000E440FF00000018000000A5
:1090900000101801800180001841830000000000CA
:1090A000000000E04AFF0000001805001A018400DB
:1090B00001A802018018400080800000000000002C
:1090C00025A1FF00000018048058218900410008F4
:1090D00001801800000000000000000000177CFF65
:1090E00000000000010018018000018000018018CC
:1090F00000000000000000000000309EFF000000A3
:109100001800801801800001800001801800000014
:10911000000000000000007C56FF000000180180E5
:10912000180100000180000180180000000000000C
:1091300000000000E77FFF00000018018018010018
:109140000001200001801800000000000000000065
:109150000044BFFF0000001801881801000001C092
:10916000002D8018000020000000000008002C9452
:10917000FF0000001801801801002001800001801C
:1091800018000040000000000008009464FF000088
:109190000018018018008020018000018018000064
:1091A0000000000000000000BBB8FF000000180134
:1091B000801801000001000001801800000000007C
:1091C0000000000000647FFF00000018018018010B
:1091D0008000010000018018000000000000000075
:1091E0000000EE40FF000000180188180180000117
:1091F000000029801800000000000000000000AA04
:10920000E1FF00000018018018000000018000014B
:109210008018000000000000000000007304FF0040
:1092200000001C288018002802410001039018004B
:10923000000000000000000000448DFF0000001846
:1092400001401C8D0540012C0045835C104400004A
:10925000000000000000B1EAFF00000018044019FF
:109260000100000140000184980C00000000000093
:10927000000000E53BFF000000003180000000001E
:109280004800000010000002000000000000000084
:10929000D06DFF00000004018004A0048420004081
:1092A0002000001000800000000000000062CBFFE2
:1092B0000000000A8200181102200036830081108D
:1092C000004000000000000000008DB3FF0000001F
:1092D000004A0000007900040000C40004040C20CF
:1092E000000000000000006477FF00000010000094
:1092F00010C302800025042200B012080000000004
:10930000000000009D19FF0000000D54001800D05F
:1093100000480000818018000340000000000000A9
:109320000062CAFF0000000220000000800004204C
:109330004004000004000000000000000000C22300
:10934000FF00000018900018050040041241418001
:1093500058000040000000000000004FA6FF000081
:109360000010000000000010010300800000000059
:109370000000000000000000027FFF000000022C3F
:109380000000000020000201040020000020000076
:1093900000000000009574FF00000004520000006F
:1093A00000400421000000400000400000000000D8
:1093B000000082C0FF000000010000000000020861
:1093C000490400000000000000000000000000262A
:1093D00018FF0000000080000002000000082022AA
:1093E000000000000000000000000000C426FF0094
:1093F0000000000000000000000004010600000062
:10940000000000000000000000C4C8FF00000018B9
:1094100010001801801401D00001800001800000BC
:10942000000000000000E353FF00000003200000E4
:109430000000480801040000400000400000000057
:1094400000000009A3FF0000000800001829A01870
:109450000280000180200180000800000000000060
:10946000E985FF00000000000010000020410222FA
:1094700082440029000000000000000000E1E2FF3B
:109480000000000000000000400802000000002072
:1094900000000000000000000000D16AFF00000092
:1094A000080800100080020080050080000188008C
:1094B00000000000000000A00AFF00000000018082
:1094C0000050000040040000220050000010000086
:1094D000000000001F47FF0000000041800004045E
:1094E000A002202010002002002000000000000048
:1094F0000049FDFF0000001800001801805801809D
:109500004015800001800000000000000000487746
:10951000FF0000001823801801821A01A0000180BA
:1095200000018000000000000000009698FF00008D
:1095300000180A00180380B00380200180200388EF
:10954000200000000000000086A7FF0000001A2194
:10955000811801CC90018001018000018000000091
:109560000000000000ABEEFF000000189180180121
:1095700080380580000180000180000000000000AC
:1095800000005275FF0000001801D4180180180176
:10959000800405800001800000000000000000D968
:1095A000A9FF000000180190180180100388102BFB
:1095B0008040018000000000000000008410FF00D7
:1095C00000001801D5180595300380400180200166
:1095D000800000000000000000983AFF0000001426
:1095E00051A298018A9801A10C01804001800000DD
:1095F0000000000000003F32FF00000012AD8018A4
:1096000001C01801800501800003802000000000D7
:10961000000000A8AFFF0000001185C51801A038A8
:10962000058004018000058040000000000000006B
:10963000FC4AFF0000001011801805801801B0409E
:109640000180000180000000000000000491F5FF8F
:109650000000001221901801CB5800010029804021
:10966000018000000000000000007A28FF000000D8
:1096700010018018018018018200818000018000A3
:1096800000000000000000E306FF000000100000E2
:109690009801801800010001800001800000000096
:1096A00000000000009EFF00000010005418018020
:1096B0001801C0800180000380400000000000000D
:1096C0000089B6FF000000180080000180100180B2
:1096D0000001800003800000000000000000377ED1
:1096E000FF0000001001AB000500100180010180A7
:1096F0000001802000000000000000EEFAFF0000E2
:10970000001C005400040014018304018000018047
:109710002000000000000000C763FF0000001801E7
:109720000000018010014210018000018000000053
:1097300000000000003E57FF0000000801D5800136
:10974000001081E000018000018020000000000086
:1097500000009C14FF00000008018000000014813C
:10976000800201800003804000000000000000C66D
:1097700089FF0000001C01800000801801830001A7
:109780008000018000000000000000001809FF00B8
:109790000000180180000100120100050180200175
:1097A0008000000000000000004E5EFF0000001876
:1097B0000180000180180106000180000380200064
:1097C0000000000000009310FF000000180180005E
:1097D000070A1809000001AC00138800000000000F
:1097E00000000061FAFF0000001801800000141A58
:1097F00011800281A800019000000000000000001C
:109800001D76FF0000001801800001801801300063
:1098100001802283A00000000000000000E144FF5E
:1098200000000008010401018038010000018600E9
:109830000B8000000000000000002433FF00000047
:109840000811800005401801000079800001A00087
:1098500000000000000000A45AFF000000180002F1
:109860000000001801A00001800501800000000038
:1098700000000000C39AFF0000001808800081A0CB
:10988000180110000182200180200000000000006B
:10989000004AAAFF000000008180000205200000AD
:1098A00003000000020000000000000000003F650F
:1098B000FF000000004188000030000000000000B0
:1098C00000000000000000000000009792FF000070
:1098D00000000045000000000000000100200180A1
:1098E00040000000000000009FCFFF0000000000CB
:1098F0000000028040100900088000000000000005
:1099000000000000004D82FF000000010045000142
:1099100051000400040100000100200000000000CC
:10992000000048D3FF00000002C82A8000A882C0BF
:109930004004A1804001800000000000000000976A
:10994000DAFF0000000040080002844004000080AC
:109950008020000040000000000000007492FF0022
:10996000000000005500010200000000010020017D
:1099700080200000000000000033D9FF000000023A
:10998000C00000002002881100100000000000004C
:10999000000000000000F65AFF0000000008000070
:1099A000001480204004C0002000002000000000BF
:1099B0000000005E3FFF000000000000000000000B
:1099C0000000000000000000000000000000000097
:1099D000C0D7FF00000000000010050010010000CB
:1099E0000000100000600000000000000030C9FF0F
:1099F000000000000008000200180000000000182D
:109A0000018018000000000000005F03FF0000005C
:109A10000000000000000040000000000000000006
:109A2000000000000000004151FF0000000000089D
:109A3000000000180000000000180180180000005D
:109A400000000000F7F0FF00000000000000000030
:109A500010000000000010010030000000000000B5
:109A600000952FFF00000000000000000000200013
:109A70000000000000000000000000000000801452
:109A8000FF000000000000000000180000000000BF
:109A90001001001000000000000000A543FF0000BE
:109AA00000000000000000000000000000000000B6
:109AB00020000000000000004018FF00000000002F
:109AC0000000000000000000000000000000000096
:109AD0000000000000C0D7FF0000000000041001DB
:109AE0000018010400012098018018000000000007
:109AF00000009A84FF0000000000001001281829CF
:109B00000000890018118018000000000000003AD1
:109B100016FF000000000000100100180500000101
:109B20000918118038000000000000008F14FF00A9
:109B300000000000041001281829208081D038017D
:109B40008858000000000000003E02FF00000000F6
:109B50000000180150185382010980180580180070
:109B6000000000000000FCFCFF00000000000010EE
:109B700001003801800001005A0185180000000032
:109B800000000071EBFF0000000000001801A818A1
:109B9000A1000005801A01801800000000000000EC
:109BA0009643FF0000000000001001803901000012
:109BB000818018018298000000000000006B0FFFF8
:109BC000000000000000100180181141100500186D
:109BD0000188180000000000000022DAFF000000E9
:109BE0000000001801801801000501001805801808
:109BF0000000000000000099B3FF0000000000001A
:109C00001201041805C68001001801801804000024
:109C100000000018ADA9FF00000000000298010A32
:109C20001801A00001881801801800000000000041
:109C3000004F03FF0000000000029C038818018011
:109C40008281881801803800000000000000460E64
:109C5000FF0000000000001821801821A000010072
:109C60001801809800000000000000F3DCFF0000F5
:109C7000000000001803841C01800001801801C04E
:109C80003800000000000008582AFF000000000013
:109C9000001801821825800001801901A498040091
:109CA00000000000001763FF0000000001801801A1
:109CB0008018018000018000000400000000000006
:109CC00000100E10FF00000000018018218012011A
:109CD000C000018000800000000000000000006F54
:109CE00057FF00000000018018018018018000016A
:109CF00080000000000000000000000017F0FF00DE
:109D00000000000180180180180180000080000020
:109D1000000000000000000000E873FF00000000E9
:109D2000018018010018018000018000000000007F
:109D30000000000000009DCFFF000000000180181F
:109D4000010010008000010000020000020000007D
:109D5000000000D6A2FF000000000180180180185A
:109D60000100100980000000000000000000000059
:109D700078EAFF000000000180180380380100002D
:109D8000008000000000000000000000008103FFD0
:109D900000000000018018018078018040018000EF
:109DA00002000002000000000000D23EFF000000A0
:109DB00000018018018010010000018000000000F7
:109DC000000000000000002453FF0000000001809C
:109DD00018010010008000010000000000000000D9
:109DE0000000000014AAFF0000000001801801001C
:109DF000500080300900000000000000000000005A
:109E000000DD95FF000000000180180100180180AE
:109E10000000800000000000000000000000624C14
:109E2000FF0000000001C01C030010002100000022
:109E3000000041000000000000020056DBFF0000AF
:109E40000000018059250810501000540400A002A1
:109E500002000000000000A84143FF0000000001D4
:109E60008018013210102000002600004900000078
:109E70000000000000E0FFFF0000000000000460A0
:109E800008806040600000612006848000000000BF
:109E90000000CBBEFF00000000000802800002802E
:109EA000120040000080000000000000000008B325
:109EB0000EFF00000000010019000000000082B841
:109EC0000000400000000000000000A05D4BFF000B
:109ED0000000000040000800000C0900040000041D
:109EE000004004000000000200F1C6FF0000000076
:109EF000010034C22501513305532200C00D010079
:109F0000000000000000071FFF0000000001901883
:109F100010100200800000800004004000000000DB
:109F20000000003BE6FF0000000000000000000011
:109F300004001024000000000004000000000000E5
:109F4000C2BBFF00000000018018040040018040F7
:109F500001800000000000000000000000CCF2FFC3
:109F6000000000000000000000000000018400006C
:109F7000000040000000000000007EC9FF0000005B
:109F80000000000228080000200400000002002059
:109F900000000000000000586BFF000000000000FF
:109FA00000000040000040000000000040000000F1
:109FB000000000000409FF00000000000000000095
:109FC000000004008002800000000000000000008B
:109FD00000248DFF000000000000000200000000CF
:109FE0000024000000000000000000000000E60364
:109FF000FF000000000000041022200208050009F4
:10A00000200000000000000000005865F7FF00007D
:10A01000000000001821B00001D000000200018003
:10A0200040000000000000005392FF00000000000C
:10A030000000000440040400001040040000000080
:10A0400000000000405FB2FF0000000000000801B7
:10A05000A000098200022000018000000000000032
:10A0600000000802FF00000000000010810A8201C9
:10A070000000900000510000000000000000003BC4
:10A080002EFF000000000000000040040000061247
:10A09000400000000000000000000000C36DFF0051
:10A0A0000000000000010185000986000000000199
:10A0B0000000000000000000003199FF00000000D7
:10A0C000000000001000100001000000500000001F
:10A0D000000000000000E4F4FF0000000000004465
:10A0E0000410424408422000400200200200000008
:10A0F00004000017B9FF00000000000000018014F8
:10A100000180040100008180000000000040000088
:10A1100086BCFF00000000000002018818298A00A8
:10A1200021000101800000000000400000EF16FF48
:10A130000000000000002003803003802001002088
:10A1400003802002000000040000B6ADFF00000004
:10A150000000001001801001900081B0000180001B
:10A1600000000000000000F5F0FF0000000000000B
:10A170000801801001C200030400018000000000FB
:10A18000000000006BF3FF000000000000180180D9
:10A1900018018106010B0001800000000000000092
:10A1A00000A5CDFF00000000000008018010018024
:10A1B00082014480018000000000000000006A224B
:10A1C000FF0000000000001803805005D4B001C05B
:10A1D0008003800000000000000000C182FF00003A
:10A1E000000000001001B41281A8008188000180E5
:10A1F0000000000000000430C28FFF0000000000DB
:10A2000000080180180180008180000180000000AA
:10A2100000000000009960FF00000000000018012D
:10A220008418198301030100018000000000000070
:10A230000000DCC6FF0000000000001801905A81F9
:10A24000A24001820001800000000000000000F731
:10A2500062FF0000000000001005C010059004011E
:10A26000B00005800000000000000230F166FF0031
:10A2700000000000001831801801800009800001F2
:10A28000800000000000000000EAF0FF0000000075
:10A2900000001A01801801800101000005804000C3
:10A2A000000000000000118CFF0000000000001BF7
:10A2B00001801805800081800001800004000000FA
:10A2C0000000008A22FF0000000000001AD1801C5C
:10A2D000018000018098018000000000000000441F
:10A2E0008CD5FF000000000000112980380180207B
:10A2F000018018018020000000000000005564FF6C
:10A30000000000000000180180180B0001018818EF
:10A31000038020020000000000085F43FF000000EF
:10A32000000000180080180100000980180180005A
:10A33000000000000000004B04FF000000000000CF
:10A340001911803981804321B0180180200000005C
:10A3500000000000E3B0FF000000000000142180B6
:10A36000000D800000C09801800000000000000087
:10A370000034C2FF0000000000001001001C01803A
:10A380000441001801804004000000000030AF2D9F
:10A39000FF00000000000010028800018000A8807B
:10A3A00018058000000000000000001D08FF0000EC
:10A3B000000000001801801803800251A01803C09B
:10A3C0004004000000000000642EFF0000000000B8
:10A3D000007001001A81828001101801A80030006D
:10A3E00000000000000173FF0000000000001805DD
:10A3F00080028102848090180190004000000000DB
:10A400000000B026FF000000000800180100192914
:10A41000040001001801800000000410000220A1C7
:10A42000E0FF000000000000180088180140000153
:10A43000A01801800008000000100080531EFF00DB
:10A440000000000000540000000100001800180186
:10A4500080000000000000000014E1FF0000000088
:10A4600000001206000149000000001801800000F1
:10A4700000000008008052BAFF0000000010001029
:10A4800000000001240000001803802000000410D8
:10A490000002205727FF00000000000020000005F8
:10A4A00010000088010004004000000000000000CF
:10A4B000CCEAFF0000000000000000150040000290
:10A4C00000220000000000000000000000C95DFF45
:10A4D0000000000000000000608000000000301854
:10A4E00001000000000000000000DB55FF0000003C
:10A4F00000000000000401000000000C000000400B
:10A500000000000000012013CAFF0000000000004E
:10A510000001043450000511091001000000000082
:10A5200000000000AB8DFF0000000000000130D0F3
:10A5300088485244A080980180200000000000005C
:10A5400010231EFF00000000000000000841000072
:10A550002000040000002000000000000000427401
:10A56000FF0000000000000111801F00000001B08A
:10A5700018038000000000000000008499FF000024
:10A5800000000000002034000030048020000000A3
:10A590000000000000000100A194FF000000000086
:10A5A0000000000100300200400300040020000011
:10A5B0000000000028D6C5FF0000000000000000D9
:10A5C00000000002800000400000000000000000C9
:10A5D00000001245FF000000000000100180100183
:10A5E00080000100000100000000000000000822BF
:10A5F000E0FF0080000000000000004001804001FA
:10A60000801801800000000000000000C453FF011A
:10A61000000000000000000000000020000000001A
:10A6200000000000000000000035CAFF00800000AC
:10A630000000000000000080000180180180000080
:10A640000000000000108770FF0000000000000400
:10A6500000004101500001005001002000000000F6
:10A66000000000EE85FF00800000000004000000F4
:10A6700000000000000000002000000000000000BA
:10A680008B61FF0000000000000000000080D5008A
:10A6900001801001800000000000000000D078FF61
:10A6A000000000000000000000000000100000009A
:10A6B0000000000000000000000050C4FF00000087
:10A6C000000000000000000000000000000000008A
:10A6D00000000000000000C0D7FF000000000000E4
:10A6E00000010010018000018018018000000000BE
:10A6F000001000005FF2FF000000000000000100F9
:10A700001011B340298018018000000000000000F3
:10A710002041D0FF0000000000000009003011D1EE
:10A720000051E21801800000000000000020070B2B
:10A73000FF000000000000001300180384400180A7
:10A74000B80988800000000010000070DAFF0000E7
:10A75000000000000001001001801001821801803B
:10A7600040000000000000004FC5FF000000000096
:10A77000000005227005800001801A0180000000A1
:10A780000000000000D0E8FF00000000000000030F
:10A79000221001801001801A0188000000000000D2
:10A7A0000000D576FF000000000000000300380123
:10A7B00086000180180186200000000000000017BC
:10A7C000F9FF00000000000000018018018008016E
:10A7D0008118098080000000000000002FC2FF00E7
:10A7E00000000000000201811001801001A2382148
:10A7F00080000000000000000005D1FF0000000004
:10A8000000200401801A000E06398058458000009F
:10A8100000000000060013C4FF000000000000005C
:10A820008184180800C90180180180000000000020
:10A83000000000F4BEFF0000000000400081011A8B
:10A840000980B0C1821801800000000000000000F3
:10A85000AEE9FF0000000000008001AA1021800086
:10A8600001801801A200000000000018003202FF61
:10A8700000000000000000010218018C0001A03857
:10A8800003814050000000000000FF3DFF00000079
:10A890000000000001A818018000018019018280D9
:10A8A00028000000000000F631FF0000000000005A
:10A8B0001801801801820001800001802000000042
:10A8C000000000045CABFF00000000000098018263
:10A8D0001821800801000081A00000000000000095
:10A8E00000FB78FF00000000000018010018018044
:10A8F0000001800001800000000000000000D44C36
:10A90000FF0000000000001801001801800801008D
:10A910000001800000000000000000E384FF000050
:10A92000000000001801801801C0000180000180B3
:10A9300000000000000000001FF3FF000000000006
:10A94000001801801801804801000001800000000B
:10A950000000000000A9F8FF00000000000018013E
:10A960000018018000298000018000000000000024
:10A970000000D864FF00000000000018010018016A
:10A98000804001000001806000000000000000AA7B
:10A9900098FF0000000000001801801801800001ED
:10A9A0008000018000000000000000005E73FF00D6
:10A9B00000000000001801801803802001800001C1
:10A9C000800000000000000000725FFF0000000037
:10A9D0000000180180180180000180000180000043
:10A9E0000000000000005E73FF000000000000187F
:10A9F00001801803A02029800001800000000000D1
:10AA00000000005EB7FF0000000000001801801881
:10AA10000180000100000180000000000000000033
:10AA2000E1B0FF0000000000001809881A09800248
:10AA300001000001800000000000000008DCFAFFB7
:10AA40000000000000001825A21825B2414542026E
:10AA500021C2C0000000000002A08E10FF00000014
:10AA60000000001861805821820201048049A10081
:10AA700000000000000000DB31FF000000000000CB
:10AA80000002380000000000000480008000000088
:10AA90000000000057DEFF000000000000009800EA
:10AAA000844800240002000048000000000000026A
:10AAB00000389CFF000000000000100084380154A2
:10AAC0008120400001000000000000000008D3D0F9
:10AAD000FF00000000000000004200108000CC08D1
:10AAE00040040440000000000000A06422FF0000B9
:10AAF0000000000011480090530362CA10010109D0
:10AB0000200000000000000007E7FF000000000038
:10AB1000001800D41801800000028009A000000085
:10AB20000000000000F229FF00000000000000000B
:10AB3000000000CA00C40040040040000000000003
:10AB40000000877EFF00000000000018018058050B
:10AB5000004004004001804000000000000000EFC1
:10AB6000EDFF0000000000000000000001000000F8
:10AB700000000000000000000000000046D2FF00BE
:10AB800000000000000002202280020100000002FC
:10AB9000000000000000000010E44FFF0000000073
:10ABA000000000000040000000A000400000400045
:10ABB00000000000000024F7FF000000000000007B
:10ABC0000005000008040000000000000000000074
:10ABD0000000208867FF0000000000000000000067
:10ABE000024C2002000000000000000000000000F5
:10ABF000DE50FF00000000000000000000182021CF
:10AC000002000000000000000000000000EE65FFF0
:10AC10000000000000000001801A01820001800095
:10AC200001800000000000000040958CFF00000043
:10AC30000000000004234080484404000004000099
:10AC4000000000000000085A1CFF00000000000087
:10AC50000201800800800001840051800000000093
:10AC6000000000000864FF00000000000000010078
:10AC7000100102200B000001000000000000000095
:10AC8000008D5BFF000000000000040088008000D1
:10AC9000000000000000000000000000000008A408
:10ACA000FF000000000000000100000080000180A3
:10ACB0000001800000000000000000C7F2FF00005B
:10ACC0000000000000001000800200080400500096
:10ACD0000000000000000000F964FF000000000018
:10ACE00000000405200422A0000040020020000013
:10ACF00000000000001D7DFF0000000000000201B8
:10AD000088000184400580000180000000000001EF
:10AD1000000021D2FF00000000000004019000614B
:10AD2000A080018000018000000000000100000AF6
:10AD300079FF00000000000000038520038020014F
:10AD40008020038020000000000000002138FF0068
:10AD50000000000000000180180180000180000157
:10AD60008000000000000000009A28FF00000000A2
:10AD7000000000018010018040018000018000007F
:10AD8000000000000000EAC8FF0000000000000012
:10AD9000018008018004058000018000000000009F
:10ADA000000000016AFF0000000000000001805068
:10ADB00000002029A0000180000000000000002801
:10ADC0008980FF000000000000000380380380003D
:10ADD000018000018020000000000000007C98FF3E
:10ADE0000000000000000001A82801800805840080
:10ADF00001800000000000000100EA34FF000000B4
:10AE000000000000018010018024018020018000EA
:10AE100000000000000000A6A3FF000000000000EA
:10AE20000001800801804801C0C0018000000000CE
:10AE3000000000005CE2FF00000000000000018054
:10AE40001805800001820001800000000000000061
:10AE500048837FFF0000000000000005D0580180FB
:10AE60000829808001804000000000000080AC12B2
:10AE7000FF0000000000000001801C018C00018028
:10AE800000018000000000000000000E53FF0000E1
:10AE9000000000000001801828008001800001806F
:10AEA0002000000000000000EF91FF000000000003
:10AEB0000000018019218000018040058000000011
:10AEC00000000000000CB7FF0000000000001801A7
:10AED000801C21810001801800000000000000009B
:10AEE0000010299DFF0000000000001801803A09B1
:10AEF000000001803800004000000000000000A4B5
:10AF000064FF000000000000180180181188000193
:10AF1000803802002000000000000000F0D3FF0095
:10AF2000000000000018018019018D080180180040
:10AF3000004000000000000000F2C1FF000000001F
:10AF400000001801803981820001003800000000F3
:10AF5000000000000040A3B5FF0000000000001842
:10AF600001801A098008010058000000000000005C
:10AF70000000402A26FF0000000000001801801099
:10AF8000218C80010018040020000000000000084F
:10AF9000B3CAFF00000000000018038010018020E9
:10AFA0000100180000000000000000000077D8FF3A
:10AFB000000000000000180180100080000180588F
:10AFC00004004000000000000000971EFF00000089
:10AFD000000000180180900E000001801800006041
:10AFE000A000000000000040B4FF000000000000CE
:10AFF00018010118118040010018000001400000F4
:10B000000000000025A6FF000000000000180380DB
:10B01000982182800100184000000000000000001C
:10B02000002A4EFF0000000000001801801013D01D
:10B0300020018018000000000000004100A8DB8310
:10B04000FF00000000000018058010018000018052
:10B0500018200040000000000000001218FF00004F
:10B06000000000001801009029AA800100180000CB
:10B0700000000000002080A824C8FF00000000009D
:10B080000018038010018000010018020000000079
:10B09000000000000097D0FF000000000000000248
:10B0A0000000022C20000000000020000000000032
:10B0B0000000E82FFF00000000000000000000007A
:10B0C000001400000000000000000000000000D498
:10B0D000C3FF000000000000180280000082000092
:10B0E000001002000000000000000000B361FF003B
:10B0F000000000000000001101000C0010104000D2
:10B100000020000000000004002881FF0000000073
:10B1100000001000002001080200001000000000E4
:10B120000000000000005DF4FF00000000000018B7
:10B1300000A004408100A0201802000000000000D0
:10B140000000501771FF00000000000000000040E8
:10B15000004000000020000020000000000000006F
:10B160002C92FF0000000000001803800101800005
:10B170001002180000000000000000000037C2FFAD
:10B180000000000000000002208440000080280031
:10B1900000000000000000000200B9FAFF000000FB
:10B1A00000000000000800000C80400200040000C5
:10B1B000000000000000500DD7FF0000000000005C
:10B1C000000000000000000000000000000000007F
:10B1D00000000000C0D7FF000000000100100100C7
:10B1E0001801000001000001004000000000000004
:10B1F000008BC2FF000000000180200180180410B5
:10B2000000000000018020000000000000004165F7
:10B21000FF0000000000000000000002001000001D
:10B2200000000000000000000018008CCBFF0000B0
:10B230000000018020048018000800040040018004
:10B2400000000000000000002A62FF000000000073
:10B25000000000000000500000000001002000007D
:10B260000000000000F1EFFF0000000000000000FF
:10B2700000000000000000200000000000000000AE
:10B28000000068DBFF000000000080000280080072
:10B29000500000000001000000000000000000EB72
:10B2A000C4FF0000000000000000000000000002D9
:10B2B0000000000020000000000000003F1BFF0015
:10B2C000000000000000000000000000000000007E
:10B2D000000000000000000000C0D7FF00000000D8
:10B2E0000180100188100050000042000180000021
:10B2F0000000004100009A89FF000000000180105A
:10B3000001A010140000A80000218200000000002D
:10B3100000000049F4FF00000000018010018030AF
:10B320001002014000000180200000000000000029
:10B33000B0A2FF0000000001801001901224040060
:10B340000000004182C000000000410000EE40FF0C
:10B350000000000001805801C010002800082400EF
:10B36000018200000000000000007F66FF00000076
:10B370000001A01801847008000000200401800072
:10B3800000000000000000ED3CFF0000000001A0F4
:10B39000100188140000000020200182000000003D
:10B3A00000000000402CFF000000000180300192EE
:10B3B0003008000000002301C00000000000000071
:10B3C000006AF7FF000000000180100180102600D5
:10B3D0000000000081A08000000000000000E08567
:10B3E000FF0000000001801001801040008000007C
:10B3F0000001800000000000000008F0F7FF0000DE
:10B4000000000180100180100C070FF81800018067
:10B410000000000000000008013AFF0000000001E9
:10B42000801001801000006000000001800000001A
:10B43000000000000091A1FF000000000180180141
:10B44000001028000800000001800000000000003B
:10B45000000040CCFF00000000018018018018802F
:10B46000008000000429AC00000000000000003053
:10B47000A3FF0000000001801001C01002000000C6
:10B480000000018100000000000000007EB0FF000D
:10B49000000000018010018018500000000002012F
:10B4A000A80010000000000000E407FF00000000FA
:10B4B00000000001801900000001000001837800F5
:10B4C000000000000000AD58FF0000000000000078
:10B4D00001A01848010001000029801808000000A0
:10B4E0000000001805FF00000000000000018018A7
:10B4F00000000001000001801800000000000000B2
:10B5000020BBFF00000000000000018018000008C0
:10B5100001000001801800000000000000A8B0FF3A
:10B520000000000000000001801800000001400041
:10B5300001801800000000000000BF58FF0000005C
:10B5400000000000018018000008010000018018C0
:10B5500000000000000000A8B0FF00000000000094
:10B560000001801800000001400001801800000068
:10B5700000000000BF58FF00000000000000018430
:10B580001800000001000001801802000000000007
:10B590000072CBFF000000000000000180180000D6
:10B5A000000100000180180000000000000020BB26
:10B5B000FF000000000000000180380000000100D2
:10B5C0000001801804000000000000E67BFF00007E
:10B5D000000000000001841800000001000001804C
:10B5E0001800000000000000F0E8FF00000000006C
:10B5F0000000018018020000010000018018000016
:10B600000000000000ACB4FF0000000000000001DA
:10B610008018040000010000018078000000000094
:10B620000000B9F4FF00000000000900018058404C
:10B63000000001000001811800000000000000135C
:10B64000C2FF0000000000020441A35C142000853A
:10B65000054001D25C04000000000000CE21FF0084
:10B6600000000000000021801A800003A9000001F2
:10B67000889C000000000000101F74FF0000000004
:10B68000002A804040004002000004000001000049
:10B690000000000000007BC3FF0000000000110458
:10B6A000000800000000000300000000000000008F
:10B6B000000000A911FF0000000000000000801041
:10B6C00010001001800001C0100000000000000008
:10B6D000D3E6FF0000000000044000054C2C4000B1
:10B6E00004000000144008000000000000F291FF78
:10B6F00000000000000100000830820402AB0220BC
:10B700000100300A000000000008BD4FFF000000EB
:10B710000000540041801C50000000800001889807
:10B72000000000000000008673FF00000000000021
:10B730004000004004000024000000004000000021
:10B74000000000004C31FF000000000000400180BC
:10B750005800000001800001805800000000000037
:10B760000005A2FF00000000000000000000010032
:10B770000005000000000000000000000000475726
:10B78000FF00000000000020001120000000000069
:10B790002000002000000000000000F0E7FF000093
:10B7A0000000000040000040000000000000000019
:10B7B00040000000000000005A0DFF0000000000E3
:10B7C0000000C02400020000800000000000000013
:10B7D00000000000007CA4FF00000000000000004A
:10B7E0000000000000240000000000000000000035
:10B7F00000004EF0FF000000000000000210062CC8
:10B8000000210000000000000000000000000074A3
:10B81000D0FF0000000001800001A2001000000025
:10B820000000018000000000000000005DD4FF0067
:10B83000000000000040C401402000400000400023
:10B840000040000000000000006D46FF0000000006
:10B85000018000088000002090020000018000208C
:10B860000000000000004DF8FF0000000001000093
:10B87000010000000000002800010000000000009E
:10B88000000000A9A1FF0000000000000000080067
:10B890000040000200000000000000000000000066
:10B8A000DEF7FF00000000018000018000282A80F0
:10B8B00000500001000000000000000000E58EFFC5
:10B8C000000000000000001008000001000000005F
:10B8D0000000004000000000000062F7FF000000D0
:10B8E000000000200212200200208000200004201E
:10B8F000020000000000001325FF0000000001808E
:10B900000001021000001000000001800000000093
:10B9100000000000C454FF0000000001800001800E
:10B9200010282A80000000018200000000000000B2
:10B9300000201FFF000000000180200308300200EB
:10B9400020800020018020020000000000007FD342
:10B95000FF000000000180000180100000000000D6
:10B9600000018000000000000000007653FF00008E
:10B9700000000180000100100400000000000180B0
:10B9800000000000000000006477FF0000000001DC
:10B99000800001801000000404000001800000000D
:10B9A00000000000000C52FF0000000001800001B8
:10B9B0008010020000000000018000000000000074
:10B9C0000000FA5CFF0000000001802003803000CE
:10B9D000000200002001800000000000000000398B
:10B9E0000FFF00000000018000010018000000842B
:10B9F000000001800000000000000100744BFF0007
:10BA000000000001800001801802002000000001F9
:10BA10008020000000000000006A13FF000000000A
:10BA2000018000010010040051000000018040006E
:10BA3000000000000080B7BDFF0000000001800092
:10BA400001801000000000000001800000000000E4
:10BA50000000007653FF0000000001804005005800
:10BA6000000008000040018000000000000000000D
:10BA7000DE7BFF0000000001800001801800000054
:10BA8000100000018000000000000000003EE2FF06
:10BA90000000000001800001801800000800000084
:10BAA000018000000000000000004EFBFF000000CD
:10BAB00000018000018018000004000000018020C7
:10BAC00000000000000000C238FF000000000180FC
:10BAD0001801921801800001800001802000000000
:10BAE000000000002E4CFF00000000010038008024
:10BAF0003801800201800001804000000000000049
:10BB0000001526FF000000000000180000D541804D
:10BB1000002180000180000000000000000010787B
:10BB2000FF00000000000018008010018000098064
:10BB3000000180000000000000000006A2FF0000DD
:10BB400000000000380080180180000180000180A2
:10BB50002000000000000000C5E6FF00000000001B
:10BB60000018018C18238000018000018000000073
:10BB70000000000000624FFF0000000000001800FD
:10BB800000948180004180000180000000000000DE
:10BB900000008185FF0000000000005800A0100395
:10BBA000800001800001806000000000000000EBC8
:10BBB0003BFF000000000100380082180210000165
:10BBC000800001E0200000000000000031B4FF0010
:10BBD00000000001001800807CA81000018000A176
:10BBE000800006000000000000EC3CFF00000000A8
:10BBF0000000180104192B80000180014180000021
:10BC0000000000000000EEE7FF0000000000001947
:10BC100000801821800001820011812000000000B6
:10BC200000000075B7FF0000000000001800A41A13
:10BC3000118000018040018000020000000000002F
:10BC4000A6A1FF00000000000018808018058000F9
:10BC500001800009804000000000000000EF1EFF8E
:10BC60000000000000001800021809800001840094
:10BC7000018080000000000000005AE1FF00000089
:10BC80000000001801801821800001800001802040
:10BC9000000000000000009E7FFF00000000000484
:10BCA00000000500022A0008002000002002000019
:10BCB0000000000010CFFF00000000000000005056
:10BCC00000000002800000000000000000000000F2
:10BCD00000C60CFF000000000090080080080088EB
:10BCE0000000800001802000000000000000C43936
:10BCF000FF00000000000020000080001010000085
:10BD00000000002000000000000000C543FF00000C
:10BD10000000000400000000010005100000010008
:10BD20000000000000000000BF94FF0000000000C1
:10BD30008A9800880A8084052180200180200000E4
:10BD40000000000100D399FF000000000010200057
:10BD50002A800042000000000000400000000000B7
:10BD600000009CFEFF0000000001A01807801801E1
:10BD7000A00501800001800000000000000000B963
:10BD80001AFF000000000010800010028040000038
:10BD9000000000000000000000000000E2AAFF0018
:10BDA000000000004200000080000A004000200067
:10BDB000004000000000000080BC50FF00000000B8
:10BDC0000000000000000008000000022A2000001F
:10BDD000200000000000EC6FFF00000000000010D9
:10BDE00001001801820000001006000000000000A1
:10BDF00000000011ACFF00000000004000018010B6
:10BE00000100000000180180000000040809024041
:10BE1000FF5DFF000000000020000000080082001D
:10BE2000000000000000000000000000005359FF67
:10BE30000000000000000001801801804000001890
:10BE400001800000000208108440DC14FF000000A4
:10BE50000000000000001143400000001001050434
:10BE6000000004000000000785FF00000000000043
:10BE700000000008008020000000000002002004F4
:10BE8000000000007299FF00000000000000008028
:10BE90001141500000001451450000000000000056
:10BEA00000992FFF000000000000000000000200C9
:10BEB00000000000020000000000000000000CF381
:10BEC000FF00000000000000000000000000000073
:10BED0000000000000000000000000C0D7FF0000CC
:10BEE000000000040001801801808000001801801B
:10BEF000000000000000000040A8FF00000000005B
:10BF0000000001831823AA4028001801C220000065
:10BF10000000000010A663FF000000000000000108
:10BF20008018098100000018018000000000000056
:10BF300000001558FF000000000002000180384199
:10BF4000D6405000180B8000080000000000085286
:10BF50009EFF000000000002000182980B8000009C
:10BF6000001803C420000000000000000931FF0099
:10BF700000000000000081805901800000101D01B8
:10BF80008482000000000000016641FF0000000004
:10BF9000000200818018018A0000001809828208CE
:10BFA000000000000000479BFF00000000000000B0
:10BFB00001801883900000081A8180004000000072
:10BFC000000000DCD7FF0000000000000007801820
:10BFD0000580000000180180002000000000000023
:10BFE000E765FF00000000000000018018098000E4
:10BFF00008501801800000000000000008F07CFFDD
:10C00000000000000000000180181182806000180C
:10C0100001800000000000000028D612FF00000090
:10C020000000000001801807800200001801804015
:10C0300000000000000220BF23FF000000000000FD
:10C04000000180180185040800180180200000000C
:10C0500000000000D9B2FF000000000001000180D4
:10C060001A0180800040180180820000000000005A
:10C0700000ED0AFF0000000000000001801841D020
:10C08000000028180180000000000040040065073F
:10C09000FF0000000000000001801811880000006F
:10C0A0001901908100000000000000AC4BFF00006F
:10C0B000000000000001800A0180000020000180D3
:10C0C0000000000000400000BDF0FF000000000084
:10C0D000010001800849A0800000008188028000E2
:10C0E0000000000000C261FF00000000000000012D
:10C0F00080080180000000000180000000000000B6
:10C100000004BB30FF0000000000000001800801B7
:10C110008000000000018000000000000000003BE3
:10C120002BFF000000000000000100100180000053
:10C130004000018000000000000000007F17FF00A9
:10C14000000000000000010010418000000000031A
:10C150008000000000000000002159FF00000000E6
:10C1600000000001803043800008000001800000D2
:10C1700000000000000059C8FF000000000000009F
:10C1800001801401800000080001802000000000F0
:10C19000000008719BFF00000000000800018018EB
:10C1A000018010004002018020000000000000001B
:10C1B000B75DFF00000000001000018058058000FE
:10C1C00000080001800000000000000000D598FF7A
:10C1D0000000000000000001801C0180000000043D
:10C1E000018000000000000000009738FF00000000
:10C1F000000000000180180180000800000180009C
:10C20000000000000000082652FF000000000000AF
:10C210000001001801800000000001800000000003
:10C22000000000005057FF00000000000000010067
:10C230001801800000000003C000000000000000A2
:10C2400000887AFF0000000000000441C01B2DC5DB
:10C250004004000291884000000000000000AB6D27
:10C26000FF0000000000000001A018018210000083
:10C270000489B000080000000000003771FF0000D2
:10C2800000000000000000443200100000012048BF
:10C290008000000000000000DEE0FF000000000061
:10C2A00000008000000420400000000000000000AA
:10C2B00000000000000470FF00000000000000000B
:10C2C000C02B010140000000010000000000000040
:10C2D000000090BEFF00000000000004400240404B
:10C2E000C410040000140040000000000000003BE7
:10C2F00090FF0000000000000080001241040002D6
:10C3000000014130201000000000000026D3FF0093
:10C3100000000000000000C20805A00000000009A5
:10C320008080000000000000003927FF00000000AE
:10C3300000000000004000805104000004004000A4
:10C34000000000000000E848FF00000000000000BE
:10C35000018018010040000000058040000000003E
:10C3600000000098E6FF0000000000000000001040
:10C3700001000000001000000000000000000000AC
:10C38000F397FF0000000000000002002000000200
:10C3900000000002002002000000000000EA61FF2F
:10C3A000000000000000000000000000410000004C
:10C3B00004004000000000000000805BFF0000005F
:10C3C000000000000000000000000000000000006D
:10C3D00000000000000000C0D7FF000000000000C7
:10C3E000000000000000000000000000000000004D
:10C3F00000000000C0D7FF000000000000000000A7
:10C400000002002400000000000000000000000006
:10C410000068FCFF00000000000000000000018038
:10C420000000001001800000000000000000C1CAF0
:10C43000FF00000000000000040040040040000075
:10C44000080400400400000000000063E7FF000053
:10C45000000000000000000002800000401A05906B
:10C460000000000000000000B2F6FF000000000025
:10C4700000000000000800A01005100100000000EE
:10C4800000000000005DC4FF00000000000000008C
:10C490000000020000700004000000000000000026
:10C4A0000000F1AAFF0000000000000000220000D0
:10C4B000800000401801000000000000000000683B
:10C4C00081FF0000000000000000000010010000DB
:10C4D0000500020800000000000000001319FF0022
:10C4E00000000000000002002042022000000402C0
:10C4F00000200200000000000012C5FF0000000044
:10C50000000004010000410040000018018000000C
:10C510000000000000005C91FF000000000000042B
:10C5200001220001020002001A0180000000000048
:10C53000000000E07FFF00000000000000038020FA
:10C540000300200400180380200200000000000007
:10C550000C10FF000000000000000100042100009A
:10C56000000018018000000000000000002422FFED
:10C57000000000000000000100000500000000189D
:10C580000180000000000000000064A9FF0000001E
:10C5900000000000010002010001000018018000FD
:10C5A00000000000000000F19BFF00000000000000
:10C5B0000001800403804200001801800000000098
:10C5C00000000000A393FF000000000000000180B5
:10C5D0000001802000001801800000000000000021
:10C5E0000055AEFF000000000000000114004100F3
:10C5F00020000018018000000000000000004C0234
:10C60000FF00000000000000030020230000840061
:10C610001805800000000000000000E4DFFF0000BB
:10C620000000000000059040050004000018018093
:10C6300000000000000000007F32FF00000000004A
:10C64000000001000001000000001801800000004F
:10C650000000000000FCB2FF00000000000000012C
:10C6600002042100400400180380000000000000C4
:10C670000000F267FF000000000000000100000160
:10C68000000000001801800000000000000000FC15
:10C69000B2FF0000000000000001800001800000E7
:10C6A000001803800000000000000000B5A6FF0095
:10C6B000000000000000018000018000000018015F
:10C6C000800000000000000000F58DFF0000000069
:10C6D000000018018298078060000018018078002F
:10C6E0000000000000003761FF000000000000189B
:10C6F00001800001000000001803803800000000E5
:10C700000000007267FF0000000000001801901890
:10C7100001820000001803805800000000000000A3
:10C72000E299FF00000000000018010018018000DD
:10C7300000001801801800000000000000EA5CFF03
:10C740000000000000001801811801880000001896
:10C75000058018000000000000007C12FF000000AF
:10C760000000001801805801802000001801801886
:10C77000000000000000004546FF0000000000002F
:10C7800018018A18019400000018018018000000A8
:10C7900000000000FC93FF000000000000180100F2
:10C7A00018058000001018058058000000000000E7
:10C7B00000F471FF000000000000180180480380B1
:10C7C00020001118038038000000000000002F6BCB
:10C7D000FF00000000000018018810010820000080
:10C7E0009881A83840000000000000CA20FF000027
:10C7F000000000001801901801904000001881A866
:10C80000184000000000000040A6FF0000000000EB
:10C81000441C118A1C21828000001801803800000D
:10C820000000000000345AFF000000000000180162
:10C8300080190180000010180180180000000040DD
:10C840000000E48CFF000000000000180182188145
:10C8500082C00000180180380000000000000009BC
:10C8600042FF0000000000241801881A41802000C7
:10C87000001801803800000000400000AEE5FF0015
:10C8800000000000001C1380180180000010180335
:10C89000803802000000000000ABCCFF0000000068
:10C8A000000000040004400000000000040000003C
:10C8B00000000000000088B7FF000000000000003A
:10C8C00000000080000000000000000000000000E8
:10C8D00000000043DEFF0000000000001800800898
:10C8E0003080000000100100300200000000000055
:10C8F0002B28FF00000000000000000100C0110014
:10C90000000000020000000000000000000702FF1D
:10C910000000000000001000001480000000001063
:10C920000100500000000000000008B3FF000000FC
:10C930000000001802B008108000000018018018E4
:10C94000000000000000001804FF000000000000CC
:10C95000000000000800000000000200400000008D
:10C9600000000000B154FF0000000000001801802A
:10C970001811820000001807803802000000000033
:10C9800000409DFF000000000000000020808000AB
:10C990008000000000002000000000000000CB1715
:10C9A000FF0000000000000004080040120000002A
:10C9B0000000000002000000000000205EFF0000F8
:10C9C00000000000000000008000000000000400E3
:10C9D0000028000000000000E908FF00000000013E
:10C9E0000010010518018060010000040000000033
:10C9F0000000000000CD3CFF000000000180180096
:10CA0000001001000000008828001800000000004D
:10CA10000000723CFF004000000000000000080021
:10CA20008000000004000000040000000000007707
:10CA300079FF000000000180180005180180000047
:10CA4000010850001002000000000000618FFF008C
:10CA50000000000100100000100110000000004064
:10CA60000010000000000000002443FF0040000010
:10CA700000000000000800800000000000004000EE
:10CA8000000000000000A7A2FF00000000018018C5
:10CA900000001101100000000A40003050000000AA
:10CAA000000000BC59FF0000000000000000000072
:10CAB000000000000008000000000000000000006E
:10CAC000EAD4FF00000000000000000000000000A9
:10CAD00000000000000000000000000000C0D7FFC0
:10CAE0000000000001801801009801800040001043
:10CAF00001801800000000000001338CFF000000DE
:10CB000000018019018018218000800000030018B6
:10CB1000000000000000000FE0FF000000000180A6
:10CB2000190182180180400000580100180000001F
:10CB30000000000089F9FF000000000180BA010533
:10CB400018418040000248018018060000000000E3
:10CB500000B79EFF000000000180780100180180EE
:10CB600000C0001803001800000000000000B246DA
:10CB7000FF0000000001881801801C2180000000D7
:10CB80000841A01900000000000001E4B2FF00000D
:10CB9000000001881A01801801800000021001A025
:10CBA0001880000000000000AF7BFF0000000001C3
:10CBB000803801001B01800000000421001E027863
:10CBC0000000000000CD32FF00000000018098014D
:10CBD0008018A1800000000A010078040000000015
:10CBE0000000CD24FF00000000018018010018297A
:10CBF000AA80000018018018000000000000002931
:10CC00004EFF0000000001801801001801800000A4
:10CC10000000018018000000000000008DC4FF002B
:10CC200000000001807801801801800000001001E0
:10CC3000001800000000000000F292FF0000000059
:10CC40000180180180180180000000000180180098
:10CC500000000000000007FBFF0000000001A81812
:10CC600001009C21806000005025205C1000000025
:10CC70000000007FF9FF0000000001841901101876
:10CC800029AEC00000280305780000000000000065
:10CC9000A2F2FF0000000001A818018419818000A1
:10CCA00000001823909900000000000000F1ADFF83
:10CCB0000000000000000081889A218220000018F6
:10CCC0000182180000000000000050A9FF000000D1
:10CCD0000000020001840001800000001001285AB9
:10CCE0008800000000000013B5FF000000000000F5
:10CCF0000001800001800000000003001800000017
:10CD000000000004FBE4FF000000000000000180C0
:10CD10001801000000000801801800000000000059
:10CD200004F325FF000000000000000180080180DE
:10CD300000000000010018000000000000008B77D8
:10CD4000FF000000000000000180300180000000B2
:10CD500028018058000000000000002B89FF00001F
:10CD600000000000000180100180200000180180F8
:10CD70001800000000000000B4B8FF000000000030
:10CD800000000184080100400000110300180000A9
:10CD900000000000009909FF000000000000802949
:10CDA0008000018000000000010018000000000069
:10CDB00000002B90FF0000000000000001825801DD
:10CDC0008000000048858018000000000000000777
:10CDD000FBFF0000000000010051801801800000EE
:10CDE00000180180180000000000000084B0FF005F
:10CDF00000000000000001800001000000001001A0
:10CE0000001800000000000000ECD2FF000000004D
:10CE1000000000018010018000000018018018004F
:10CE2000000000000000149BFF0000000000210033
:10CE3000019008418000001012210038000000001D
:10CE40000000006B9FFF0000000000000021A34CC9
:10CE500009CD4000200085021A34000000000000C7
:10CE600005CAFF0000000000000001A01001000042
:10CE700000400801841808000000000000CFF2FF05
:10CE8000000000000021000000204011800000028E
:10CE9000000084C0000000000000ECADFF000000B6
:10CEA0000000080000088012004000100C00000084
:10CEB000100000000000006723FF000000000000D9
:10CEC00000C1C40200C400000009000010000000FE
:10CED00000000000DC69FF00000000004240021377
:10CEE00004000A00000000640000040000000000CC
:10CEF00000ACFFFF00000000000C40014C00000BE4
:10CF00006000000202011112000000000000971BE7
:10CF1000FF000000000040008180840480000000C9
:10CF20000840001000000000000000809FFF00008B
:10CF300000000000000400000000000000020400E7
:10CF40000004000000000000BFA2FF00000000007D
:10CF5000004001800001800000000810001800005F
:10CF60000000000000EED0FF000000000000000004
:10CF7000001001000001000000000000000000009F
:10CF800000005812FF0000000000000000400004F4
:10CF900000600000202008A002000000000000A5A2
:10CFA000CAFF0000000000000000000000000000B8
:10CFB0000002000000000000000000006A54FF00B2
:10CFC000000000000000001000000000000004004D
:10CFD0000000000000000000005492FF000000006C
:10CFE00000002000000002004000000010000000CF
:10CFF00000000000000082EDFF00000000000020A3
:10D0000000008000000000000080230000000000FD
:10D0100000000009FFFF0000000001800000101860
:10D0200001000000000400540000000000000000A7
:10D030007D6CFF0000000000004000408000804048
:10D04000000040C0004004000000000000C8F2FFE3
:10D0500000000000008000000008038220000000A3
:10D06000000482000000000000006966FF0000006C
:10D07000000100000002000140000000000000006C
:10D0800080000000000000B66CFF000000000000FF
:10D0900000000000028020000000000404000000E6
:10D0A00000000000B660FF00000000008880A004BF
:10D0B0000801000000000020010000000000000046
:10D0C00000ED50FF00000000018000000000002281
:10D0D0000000000000000100000000000000EB80E4
:10D0E000FF000000000180400420404200200000BA
:10D0F0002002002002000000000000D605FF000012
:10D1000000000000810100180180000180180180EA
:10D110001000000000000000AA87FF0000000000CF
:10D12000000021001801800001801001801800001B
:10D1300000000000084B7BFF000000000188200376
:10D140004038238020010030230038020000000016
:10D1500000087E6AFF0000000001800001001B4102
:10D16000800001001A410010000000000000005C77
:10D170004AFF0000000000000001001809800001C3
:10D180000010818010000000000000004127FF0017
:10D1900000000000000001001809800001001801D3
:10D1A00080180000000000000061B7FF00000000D0
:10D1B00001800001001A05804001801831491800E3
:10D1C000000000000000BD3AFF00000000018000E8
:10D1D00003003B018040018010C1001000000000EE
:10D1E000000000421FFF00000000000000010010CE
:10D1F0008B91200180150104180000000000000040
:10D20000935DFF0000000000004001001025800039
:10D2100001803A050010000000000000002A9BFF7A
:10D220000000000001800001001805800001005C82
:10D23000018410000000000000004CAFFF0000005F
:10D240000001800001801C918040010010B5809891
:10D2500000000000000000D965FF00000000000091
:10D260002005005001890001001801481800000045
:10D270000000000028D9FF000000000000000100AD
:10D2800010018000010010010010000000000000EB
:10D29000007B1DFF000000000190000100180180CC
:10D2A00040018010018010000000000000008CB8D8
:10D2B000FF0000000001C4400580180380000180C9
:10D2C00018018018020000000000009C6CFF0000A4
:10D2D000000001800001911803800001881A018874
:10D2E0001802000000000000BCE7FF000000000181
:10D2F000AA000080180180200100100180180000A1
:10D300000000000000C4F6FF0000000000542002EE
:10D31000400281802001801101801800000000007F
:10D320000000A841FF000000000000000100000113
:10D33000802001001801801800000000000000207B
:10D3400047FF0000000001C4000000080180000148
:10D35000821029B01A880000000000008092FF00AF
:10D360000000000180000500080580000104184944
:10D37000C01C02000000000000BE98FF000000007A
:10D3800000102001C91501802001901B0180188820
:10D39000000000000000FD9DFF00000000000000F4
:10D3A00000803201810001001007C2180000000057
:10D3B0000000004E76FF00000000018040040000E5
:10D3C00003804001181403841A02000000000000CA
:10D3D0008EE9FF0000000001800081000101D401FE
:10D3E00001001B018018060800000000000E82FFEB
:10D3F0000000000000000101805A01810081001836
:10D4000085A01C001000000000006D96FF000000C9
:10D410000000000300821801800001001001801844
:10D4200000000000000000C560FF00000000018057
:10D430000041C03181AA00010018018018000000DD
:10D440000000000084E4FF00000000018000008074
:10D450001041800001001041C01D040000000000C8
:10D46000000473FF00000000000002C04208A18019
:10D47000000100100180180000000000000032923E
:10D48000FF000000000000000100080180200100F2
:10D490001821C03A82000000000000A0AAFF00008E
:10D4A0000000018000005322000000000000000086
:10D4B00000020000000000006DA6FF000000000157
:10D4C000900000000080000000000000000000004C
:10D4D0000000000000CB51FF0000000000C400006D
:10D4E0000000410020008000010030020000000028
:10D4F000000092A0FF0000000000000000400400B7
:10D50000004000010100000000000000000000C811
:10D51000E7FF000000000154000015028100000038
:10D520000000010010000000000000010C80FF005E
:10D5300000000000AA0000080101802001A0224193
:10D54000803802000000000008C9BEFF0000000093
:10D55000000000002000200020000000000000006B
:10D56000000000000000A2BBFF0000000001C4009A
:10D570000002000180000180000980180000000006
:10D5800000000844F4FF0000000000000000100448
:10D590000000000040C31000000000000000000078
:10D5A000C894FF00000000001000002401000020CB
:10D5B00000000040004004000000000000A5A5FF9E
:10D5C000000000000000000000000040000000809B
:10D5D0008000008000000000000023C8FF00000061
:10D5E0000001000000000000000000000002000038
:10D5F0000000000000000091EAFF00000000018030
:10D6000038018018098000018008008000000000B7
:10D6100000000040336BFF0000000000000000002D
:10D6200001400400000000020000000000000000B3
:10D63000008375FF0000000000800001001008203A
:10D640000001000800800000000000000040C99DAB
:10D65000FF00000000010050030020000020010036
:10D660000000400040000000000000B5BAFF0000CC
:10D6700000000000000000010002000000000000A7
:10D68000000000000000000044CCFF00000000008B
:10D69000800001000040000001010900C0014000BD
:10D6A00000000000002116FF0000000001800002C1
:10D6B00000200000200000080080000000000000A2
:10D6C00000000913FF0000000001800000000000BE
:10D6D000000000000000000000000000000000D971
:10D6E0004AFF0000000000001801A019008400019A
:10D6F000901800801800000000000000C149FF00E1
:10D7000000000001001841911000204001801085A8
:10D710000001080000000000002773FF0000000067
:10D720000080184391180140000180100100211071
:10D730000000000000009202FF000000000182983B
:10D740000582102182C081823900801A0000000009
:10D75000000000815BFF0000000000001801A01025
:10D760008104000188200200000000000000000089
:10D77000538BFF0000000001001A01811C01800092
:10D7800001800CA1A2D90000000000000016E1FFFA
:10D790000000000000801A01809000828101802931
:10D7A00041A01880000000000000CF63FF000000CF
:10D7B0000001901803981A00000001C2420002A064
:10D7C000000000000000002C64FF00000000000AC0
:10D7D0009805821827000001A00001004200000007
:10D7E00000000000E820FF00000000010018018494
:10D7F0001001800001800828A21A0000000000002B
:10D8000000071AFF0000000000841805A83C0080F3
:10D810000001820810801800000000000000564D32
:10D82000FF0000000001821801805200000001800A
:10D8300000810040000000000000003277FF00007F
:10D84000000000003801A830008020018418818089
:10D85000380000000000000052BAFF000000008104
:10D86000081841831C28012001C4902002030000F5
:10D8700000000000006626FF000000000084380160
:10D88000C210010440018014206202040000000064
:10D8900000004868FF000000000189380580180179
:10D8A000920001809B01821800000000100000D649
:10D8B000F5FF0000000001801821A09A01900000EF
:10D8C000221801A01A80000000100000887CFF00D0
:10D8D000000001000298000400298080000008A1D7
:10D8E0000000000000000000003B7BFF0000000083
:10D8F000018038000020018040000000000000028C
:10D9000000000000000417CDFF0000000000001818
:10D910000180180180000000100080180000000045
:10D92000000000AA77FF000000000180180000003E
:10D93000018000000008011000000000000000004D
:10D940003403FF000000000000180180180180402F
:10D9500000001801801802000000020000A228FF49
:10D9600000000000018018018038018000000010D4
:10D9700000801800000000000000F169FF000000B6
:10D98000000000382000000180400000200000005E
:10D990004000800000000011EBFF0000000001804B
:10D9A00018000008018000000000000000000000D6
:10D9B0000004000028E4FF0000000000005803807D
:10D9C00050038000000010008018040000000000D8
:10D9D00000A12AFF000000000180182180100180B2
:10D9E00000000018018018400100000000007A517A
:10D9F000FF00000000000018000008038000000085
:10DA000008010800000000000000004432FF000090
:10DA100000000180180180100180000000100080CB
:10DA200018000000000000000349FF000000000093
:10DA3000031804008829A0000040252005002800C4
:10DA4000000000000071A4FF0000000001801A0423
:10DA5000304A818D4000000811504204000000004F
:10DA600000009DB6FF000000000001180190116148
:10DA7000AC00004819118018080000000000008365
:10DA8000A4FF0000000001A044000100000000000D
:10DA9000000000000280000000000000B8D2FF007B
:10DAA00000000001820028C0008812000000002051
:10DAB000A708500000000000001160FF00000000F7
:10DAC00000801000000611400000000040800800A7
:10DAD000000000000000C93AFF0000000000044000
:10DAE0000402C00401C000004604504420000000AD
:10DAF000000000A782FF000000000104703204A2B1
:10DB00002112A0000000000220020000000000001E
:10DB1000ADDDFF0000000000C01000000109400062
:10DB200000080440C00CD00000000000001CA3FF4F
:10DB30000000000000000004004004024000004219
:10DB4000041045000000000000000328FF00000052
:10DB50000001815801800005A80000004024A0C8F1
:10DB60002C000000000000D35EFF00000000004415
:10DB70000000000000000000000000000080000025
:10DB800000000000E8D5FF000000000000000200D7
:10DB900020020000000002022A2080000000000095
:10DBA00000B70FFF000000000022800000000428E2
:10DBB000000000424448C00C000000000000464342
:10DBC000FF00000000004C00000000502D0000008D
:10DBD0000110010410000000000000A738FF000041
:10DBE0000000000020000000000200000000000013
:10DBF0000240000000000000A9F5FF000000000046
:10DC00004400000000000000000000201000200080
:10DC10000000000000267DFF0000000000880000DA
:10DC2000001840080001800AA8A00B0000000000B6
:10DC300000005CD2FF00000000000000040040145F
:10DC400025000000000404C030000000000000E1D6
:10DC5000E9FF000000000080000000000800000153
:10DC6000000A008008000000000008008756FF003E
:10DC7000000000010000000400004002010000005C
:10DC8000280208280000000000AA37FF000000005A
:10DC90000000000000000018000000042002000046
:10DCA00000000000000003ECFF0000000000820004
:10DCB00008000010000001000A00D4080050000015
:10DCC000000000D136FF00000000018000000408C1
:10DCD00000400200000820800C100000000010002E
:10DCE000D3B2FF0000000001804402412002002066
:10DCF0000000200202200200000000008094B6FF15
:10DD00000000000000000001A018010000018018C0
:10DD1000010408000000000000004C1BFF00000090
:10DD20000000020001060601800001991001981010
:10DD3000000000000000009ACDFF000000000180FC
:10DD4000220B80A00380200180A20200300200008C
:10DD500000000080711EFF0000000001800001092A
:10DD60001AC9000001800D20800CC00000000000D6
:10DD700000047EFF0000000000010001A40001007B
:10DD80000001801001D00000000000000000C90761
:10DD9000FF0000000000440001009A09800001809B
:10DDA0001819281818000000000000AF20FF00001C
:10DDB000000001800001851809800001800800CD65
:10DDC00018900000000000089055FF0000000001BE
:10DDD000C500013000410000018001400002400008
:10DDE0000000000000E435FF000000000022800178
:10DDF0002800C180000180040080140000000000A1
:10DE0000000078B7FF000000000000400182188188
:10DE1000000001800C02004884000000000000CED9
:10DE200093FF0000000001C4000100180100000180
:10DE30008018819008300000000000000B1EFF00D9
:10DE400000000001808001AA80818000018010050F
:10DE50000510A00000000000003C06FF00000000CC
:10DE600000002001001849800001800C80203A0247
:10DE700000000000001065EBFF0000000000000043
:10DE800001800009000001800400C00208000000B9
:10DE9000000000FD66FF000000000190000100434B
:10DEA00021000001805081100000000000000000EF
:10DEB000DD33FF0000000001C40001801801800074
:10DEC00001801801801900000000000000CDE2FF71
:10DED0000000000001801801801881800000003AD5
:10DEE00011809890000000000000631CFF000000FB
:10DEF0000000AA1800000328800000002400001081
:10DF00000800000000000098A9FF0000000001D4F4
:10DF1000180000A2102800000040C00210000000FD
:10DF200000000000F37BFF0000000000801801806B
:10DF30001801000000001881D01D00000000000042
:10DF4000004F50FF0000000001C418002004200012
:10DF50008000000400201220000000000000FCE50A
:10DF6000FF0000000000801801A09901508000000F
:10DF700018C1835800000000000000B0D2FF00006C
:10DF800000000190180180184980000000380DA0A1
:10DF90001D480000000000002137FF0000000000C5
:10DFA00080180000400480200000000002300200C1
:10DFB00000100000007C75FF0000000001801800C8
:10DFC0000020220000000058040036000800000075
:10DFD00000009DA7FF000000000080180782780164
:10DFE000400020001801A0182000000000000022BE
:10DFF000F7FF0000000000801801841841C0404075
:10E00000000801A0182010000000000062A8FF0016
:10E010000000004181180002008880000000080014
:10E020000050040000000000009636FF00000000D1
:10E0300001801805801801804000101001C61800EA
:10E0400000000800000068E3FF0000000020809D41
:10E050001042000084000008147800100000000046
:10E0600000000062EFFF00000000008018000000C8
:10E0700088000000000000221000000000000000E6
:10E080007F98FF0000000001801A8BC01801020079
:10E0900000000201801800000000000000EE95FF63
:10E0A00000000000018000025500800AA00000006E
:10E0B00008130000000000000000B439FF00000059
:10E0C00000018000008008400000000004C08000C3
:10E0D0000000000000000008AAFF0000000000553A
:10E0E0001002280610420000000A00E200000000B2
:10E0F00000000000DA41FF000000000000000040C6
:10E10000040844000000040009420C000000000064
:10E11000006506FF00000000005510000081481156
:10E1200000000040C4010000000000000000FA50A0
:10E13000FF00000000002200000D0124000000008C
:10E140000948C020A00000000000819181FF00006C
:10E150000000000000000200042000000040141035
:10E160002002000000000000E5D4FF0000000000D5
:10E170004418018078024800000009408200000035
:10E180000000000080ECC9FF00000000000000005B
:10E190002880C410000000041041000000000000AE
:10E1A00000002834FF0000000000000000040410FC
:10E1B0000200000000001243280000000000009B45
:10E1C00069FF000000000000028000400000000025
:10E1D0000000000020000000001000008891FF00F7
:10E1E00000000001041008000003006000000000AF
:10E1F000000000000000000000FBBCFF0000000069
:10E200000020140180180180000080180000180010
:10E2100000000000010009B3FF000000000020081A
:10E2200000000012000000000000000000000000DC
:10E23000080000CDF0FF0000000000040A090008FB
:10E24000018000018010000010000000000041006B
:10E250008793FF0000000000001001005100000043
:10E2600000001000001400000000000000A517FFCF
:10E27000000000000000000000010E80000000000F
:10E280000000000000000000000061E7FF00000047
:10E290000000000D01000800000001801000005483
:10E2A00000000000000000EBFBFF00000000000089
:10E2B0000000001800000000000000000000000046
:10E2C00000002000D134FF0000000000000000002A
:10E2D0001800000000000000000000000000000026
:10E2E000009137FF0000000001801C21A018018070
:10E2F0000001801901001A0000000000000850AD64
:10E30000FF0000000000800081822A11800001804F
:10E3100018018A38200000000000002A63FF000076
:10E3200000000100100180001182200180180360AC
:10E330001C04000000000000812CFF000000000110
:10E34000800F49C01003860001809809845800009E
:10E350000000000008ED84FF0000000001800801BB
:10E36000842403800001801901901820000000001F
:10E370000000B803FF0000000000801001800A03C5
:10E38000804001841825503C04000000000001C3B7
:10E39000D8FF0000000001000221801C0180000164
:10E3A000801A218058000000000000003B71FF002F
:10E3B00000000001C01841C01803820001981D81AF
:10E3C0002E1800000000000000FC54FF00000000B8
:10E3D00001A01809A01801800001849809801C0080
:10E3E0000000000000005BA3FF000000000100002F
:10E3F00001801801800001A01D014C980000000060
:10E40000000000BB61FF0000000000801041801090
:10E4100001804001D0180180180050000000000069
:10E420009DD1FF000000000180082182740180005E
:10E4300001883801001800500000000000EDD1FFF5
:10E440000000000001800801820201800001801D9F
:10E45000012A9800000000000000CB75FF000000BA
:10E460000001001027820821A00001803A018818CD
:10E4700028280000000000F6AFFF00000000009018
:10E480000001811804812001801801011804000096
:10E4900000000000E4E4FF0000000001891821C032
:10E4A0009C0120A001819913849808280000000095
:10E4B00000F56AFF0000000001811801A01C018026
:10E4C0000001801811821800000000000000D7E64B
:10E4D000FF000000000180180002182380400000A7
:10E4E00002840810220000000000005E60FF0000AF
:10E4F00000000180100000180100000180000100F0
:10E500001000000000000000A90FFF000000000143
:10E5100080100180000100000080180080180000B9
:10E520000000000000B703FF000010000180100091
:10E5300000000180000180000000100000000000C9
:10E5400000007CAFFF000000000180100180180176
:10E55000800000001801801802000000000000B8D0
:10E5600014FF0000000001801801800001802000DD
:10E57000081800801800000000000000EBD5FF0420
:10E5800000000001801800003843D00000000001A6
:10E59000001000000000000000E391FF00001000E8
:10E5A00001801800001801800001A0000080100206
:10E5B000000000000000D35FFF0000000001801891
:10E5C0000180504380400000180300180000000044
:10E5D000000001F1B6FF0400000001801001801866
:10E5E0000100000180180000180000000000000079
:10E5F0007D94FF0000000001801000000001500029
:10E6000000C80001801000000000000000FA99FF1F
:10E61000000000000180100180000180000180786E
:10E6200001001800000000000000E38FFF00100050
:10E63000000184102003120FA00000228004C010EB
:10E64000000000000002003B79FF0000000001B064
:10E650005C0428414595000110029581129020002C
:10E66000000000001ED4FF0000000001829881809D
:10E670001901900000401C0028198048000000008B
:10E6800000A0ABFF0000000001880422119808449C
:10E6900000000603204084000000000000004B8EB4
:10E6A000FF0010000001900002441E4000200021E5
:10E6B0000890000010000000000000FBF3FF0000C5
:10E6C000000000E418000008000A00001008000024
:10E6D0000020000000000200B740FF000000000022
:10E6E00000004822409401000008200401000400BA
:10E6F0000000000000815AFF00000000004031408F
:10E700002031120000000A44021001200000000025
:10E710000000B342FF00000000008C8811030C00D1
:10E72000140000200920208000080000000000756F
:10E73000B9FF00000000000008140040041240006F
:10E74000000004000004000000000000DE5CFF0088
:10E7500000000000B110058018842140000008006E
:10E76000000004004000000000D17DFF0000000018
:10E7700000080040001451000001000000000000EB
:10E780000000000000007730FF00020000001000D1
:10E79000000020030020000000022300020000000F
:10E7A000000000576FFF000000000020000400037D
:10E7B000540240000000000000040040000000007F
:10E7C00098D8FF00000000004080000000501000BA
:10E7D0000000400000000000000000001099E0FF71
:10E7E0000000000000008050000000290000000030
:10E7F000000000000000000000008C31FF0000005D
:10E80000000000008800008063800000000000001D
:10E8100000000000000000BEEBFF0000000000311F
:10E8200018000019018A00000000000108018000A2
:10E830000000000011A9FF0004000000000090008B
:10E8400040340040000040042200040000000000AA
:10E8500010076DFF00000000002018000008218054
:10E860000000000000020AA9000000000000DCA770
:10E87000FF00020000800010020012000A000000E9
:10E88000008010000100000000000004C9FF00002B
:10E89000000000000000000040A000000000000098
:10E8A0000400000000000001228CFF0000000000B6
:10E8B00040180200080824000000000004090100BC
:10E8C0000000000000C4D6FF00000001018000002D
:10E8D000001C00280000000100080050000000009B
:10E8E00000005D2FFF00000000018040000138A201
:10E8F0000020000020024000020020000000005222
:10E900009EFF00020000002018058018A1000000F2
:10E91000001801880801800001800000153EFF00FA
:10E9200000000001C6180000000180000000100077
:10E93000100001800001800000E7ABFF0000000034
:10E940000180380000A00B202001003002201003BD
:10E95000802001800000FD1CFF0000000000001866
:10E9600003C40101800001289849848001800001CE
:10E97000800000991EFF00020000000018011080B6
:10E9800021000001841000200801800001800000A7
:10E99000B1C5FF0000000001C418008018118000FC
:10E9A00001801D01800001800001800000322AFFEB
:10E9B0000000000001801840C1000108600100183B
:10E9C00081800811800001800000A3FCFF0000008E
:10E9D000000044580109194180000134D01000188A
:10E9E0000180000180000085B9FF000000000022C6
:10E9F0001801021A918200000A90080895218000EF
:10EA000001000040F0B5FF0000000000001802C443
:10EA1000000B802001001B43C2980380000100000E
:10EA200000412FFF0002000001C418C488183500FF
:10EA30000001801E218210118000010000007AF682
:10EA4000FF00000000018059012800419000018270
:10EA5000D0C40D0401800001000040CA47FF00003F
:10EA60000000000018018303018440009018098011
:10EA700010C580000100000026A1FF00000000007A
:10EA8000081800001929800001A91000411D01800B
:10EA90000001000000ED86FF0000000001809800EA
:10EAA000111C0100000184100012082B80000100DD
:10EAB0000000790EFF0000000001C49801881801D1
:10EAC0008000018038058818018000010000008B5B
:10EAD00055FF0000000001880001A2F8210000019C
:10EAE000A23A41A818820000010000007874FF00DB
:10EAF000000000012A00020098890000018A9801A4
:10EB0000428100002001000000EEF1FF0000000043
:10EB100000C50001101B11480001901912010410DA
:10EB20000040012000008203FF0000000000000000
:10EB300000800241000001A01800801C300000018C
:10EB400000000027B1FF0000000001C400028000A7
:10EB50000101800180180112102000000100000056
:10EB60005EF0FF10000000010000015040415040E5
:10EB700001A43803C00A00000001000000E572FF94
:10EB80000000000000910000029B09000001901BA2
:10EB9000308489480000014000000D18FF0000008B
:10EBA000000000010180380180000180180200127D
:10EBB0008410000100000076D8FF10000000000063
:10EBC0000108005801062001A038040A0002500084
:10EBD000010000000C1CFF100000000180000180FB
:10EBE0001841C000018018008018002000010000BA
:10EBF000009A28FF0000000001800008800041000A
:10EC00000001801801881800000001800000B4385D
:10EC1000FF00000000000004010520818101019037
:10EC200019030000002002018000002796FF000069
:10EC3000000000100101000001200001A018008266
:10EC40000A800000010000002A40FF1000000001BF
:10EC50008000848280810000018818407E100000BE
:10EC60000001000000F2B3FF00000000018002017B
:10EC70008000010080818018810010004004018024
:10EC80000000BACAFF0000000000080000001800E1
:10EC9000800001803823800800000001800000C04F
:10ECA00059FF0000000001890002011A100800004D
:10ECB000004000500200000000000000EFB8FF001C
:10ECC00000000001800000A4192022800000000044
:10ECD000000908000000000000AC64FF0000000014
:10ECE00000440000000880A8000180100400080013
:10ECF0000000000000006CACFF00000000000000FD
:10ED0000040101402100000000000905400000004E
:10ED1000400000870AFF0000000000450000451089
:10ED20005000200000100000001000400000000013
:10ED3000A31FFF00000000002A8000080C098A00C1
:10ED40000180100242080200000010002010B5FFF0
:10ED5000000000000010000200020005400000005A
:10ED600000480300004000000000354CFF00000098
:10ED70000000440001A07801802000803800400C91
:10ED800008000000000000F63AFF0000000000004C
:10ED9000000028850040800000200408801000004A
:10EDA000001000403E1FFF0000000000088000002F
:10EDB000005012200000000004014200000040004A
:10EDC00000ADD9FF0000000000000280000000003C
:10EDD00000000282000000020000000000008478B1
:10EDE000FF0400000000001001000000000000000F
:10EDF000000000000000000000000007C3FF00004A
:10EE000000000000100180380380800180000000B5
:10EE100058000000000A05481D5DFF0000000000CA
:10EE20000008000000020040000000000000000098
:10EE30000000000000CF52FF0400000000000801A5
:10EE400080280100A0010000000010000000000A5E
:10EE50000550FDACFF000000000000100100100391
:10EE6000000000420060005400000000000000614B
:10EE700076FF00000000000000000000000000001D
:10EE8000000200000002000000000000E877FF0020
:10EE900000000000000D018008010000004100009A
:10EEA000001400000000000000AD81FF0000000021
:10EEB00001800000001802000000000000000000B7
:10EEC00000000000000004A5FF0000000001800019
:10EED000000018000000000000000000000000001A
:10EEE00000000088AAFF000000000000180180193F
:10EEF00001D4000100000000180000000000000024
:10EF00006214FF0000000001800881A202098080D5
:10EF100001000000801A120000000000005732FFBC
:10EF2000000000000180000180002190000000002E
:10EF300000001C1000000000000043E6FF0000007D
:10EF4000000002110780E24B80000080000380185F
:10EF500000280000000000BCDAFF000000000000F4
:10EF60001801A40493C280010000010018020000EF
:10EF700000000000E4C9FF0000000001800821C07B
:10EF80000101C00001A103490C19020000000000AA
:10EF900000A154FF000000000182002182180B80B4
:10EFA0000000000A000018000000000000007A06BF
:10EFB000FF0000000000001001A41A8386000180F9
:10EFC00088210218C2080000000000707EFF0000C7
:10EFD000000000001001809801C0000140091010DD
:10EFE00078202000000000005D3AFF0000000001D2
:10EFF000800001801801D280010008038018000001
:10F0000000000000000564FF00000000000008018F
:10F01000888083850201800900001800000000003C
:10F02000000045B9FF000000000184180180404144
:10F0300080000180188180580000000000000083DB
:10F04000A0FF0000000000041001802103804001A7
:10F050008000048058020000000000004368FF00A8
:10F06000000000018001018018218AA00180111197
:10F07000A018020000000000001FF6FF00000000C2
:10F0800000000841889821A80201814C02801800E4
:10F09000000000000000C86EFF00000000018018A2
:10F0A00001D01805800001D098419418000000009C
:10F0B000000000A70AFF00000000018018818018EE
:10F0C00041800001B01A09B01800000000000000E3
:10F0D0008C25FF0000000000000021A8180193000B
:10F0E000010051418218000000000000048324FF49
:10F0F00000000000018018018018038000018018C2
:10F1000001801800000000000000B5B1FF00000001
:10F1100000000000018000010000010010018018C3
:10F1200000000000000000A358FF00000000018064
:10F130001801800001800001010801801800000012
:10F1400000000000C3E5FF00000000000000018097
:10F150003805800001002001801802000000000036
:10F1600000D509FF00000000018018018000018027
:10F170000001000001801800000000000000A998B4
:10F18000FF000000000000000180180500000100E1
:10F1900000038078000000000000007FDAFF00001C
:10F1A000000000000201803801A8000180100380E7
:10F1B000180000000000000094D0FF0000000001D3
:10F1C000801C0180000190000100500180180000A7
:10F1D0000000000000DC05FF0000000001800001CD
:10F1E000801801A0000180100180180200000000BA
:10F1F00000007505FF0000000000001801800001FC
:10F20000000001009001801800000000000000478D
:10F210003CFF0000000000000001800001006001D0
:10F22000001001801802000000000000411BFF00D8
:10F230001000000184980180020920800102102939
:10F24000A51802400000000000BC23FF04000000DD
:10F2500001A00021C0C1450A000130148190192C81
:10F2600000000000000053DFFF00000000000E1847
:10F2700021C298012480012A1041D2180000000008
:10F280000000001F02FF0000000001C0004C281811
:10F290000001000004018804400048000000000054
:10F2A000451BFF0010000001A10002011FB010006B
:10F2B00000402400210300000000000000030EFFB6
:10F2C00000000000000008858008400000001000D9
:10F2D00011803078000000000000E83BFF040000CF
:10F2E000000000000000400C4840000000000880C2
:10F2F000040000000000008484FF000000000010F3
:10F30000114144B03231000000410005105210009C
:10F3100000000000C82EFF00000000004208099015
:10F320000D00000000320009B014000000000000D1
:10F3300000D562FF00000000000881140040540066
:10F3400040002880882900040000000000003D697A
:10F35000FF0000000000001805805C84000000042D
:10F3600000248418040040000000002C13FF00005B
:10F3700000000044800000100100000000040100B3
:10F3800000000000000000000E0FFF000000000061
:10F390000000000002000020000005020000020042
:10F3A00000000000006E97FF000000000022000433
:10F3B00000048C0000000880A4020004004000004B
:10F3C00000004F59FF000000000045000000013020
:10F3D000000000112000034000000000000000DBDE
:10F3E000C0FF0000000000100110002040000000DD
:10F3F0004404082900000000000000001FEAFF008C
:10F40000060000004C028000200000000022416045
:10F4100024000000000000000001C4FF0000000004
:10F42000000898010018C0000000041C002098018A
:10F43000800000000000D39CFF10000000000005C9
:10F4400000804210004000308004004004000000B2
:10F45000000000843FFF00000000800018009008BA
:10F4600000000000001000001089300000000000C3
:10F47000A1A6FF1402000000001283003000280043
:10F48000000210000010010000000000000415FF41
:10F49000100000000000000000002002000000003A
:10F4A0000000800000000000000052D5FF100000A6
:10F4B0000100001D2A802A001E000004100800110F
:10F4C0000110000000000072F5FF04000000018040
:10F4D0000000101820400000000000010010400053
:10F4E000000000008B75FF0000000001900000008C
:10F4F00018024020402220020020020020000000CC
:10F5000000FE91FF00020000000098058058018075
:10F510000000401810001801800000000000AD94A9
:10F52000FF0000000001891801810201A80000000D
:10F53000180100180180000000000018D9FF000029
:10F5400000000180182800800382202004380280F7
:10F5500038038020000000004B27FF00000000005F
:10F56000001802002301800000001A418018018069
:10F570000000000000E1C3FF0002000000091A11B2
:10F5800080002180000000180100180180000000A8
:10F5900000002C95FF0000000001C418098018111C
:10F5A0008000000018010018018000000000002BFE
:10F5B000CEFF0000000001801810000421808001AF
:10F5C000029C09801801800000000000A2BDFF100D
:10F5D00000000000541802005D01802001801A41E3
:10F5E0008018018000000000006150FF0020000032
:10F5F000002A9C000018918A00000018C000180121
:10F60000800000000400BE46FF0000000001011A57
:10F610000000002B800000001800805801800000CE
:10F62000000000ABDAFF1002000000C418018018CF
:10F6300015E0000100180100180180000000020020
:10F64000AA95FF0000000001801A018002018200DB
:10F6500001041881801801800000000000238FFF42
:10F66000004000000011180C00412190C000011C56
:10F67000490038018000000000005200FF00000037
:10F680000001009800501909D50000801801A31846
:10F69000018000000000008DC3FF0000000000900A
:10F6A0001801803A208020012418011018038000DE
:10F6B00000000000758BFF0000000001C4180180ED
:10F6C000180100000190180180180180000000005E
:10F6D000001CDCFF00000000018800018010218A6E
:10F6E00080010098018018000000000000045054C0
:10F6F000FF0000000000A280020812A98080012003
:10F700001803909802002000000004C18CFF000044
:10F71000000001C40001D03D11202001441805B1B2
:10F720001802004000000000B730FF080000000091
:10F730009000002008015400010C1801A4180000DA
:10F740000000000000972CFF0000000001C48002B0
:10F75000800801800001881801C018040000000022
:10F760000000231EFF10000000009000010008416F
:10F77000088001915801881802000000000000690B
:10F78000EEFF0000000001808000D05B09C2000194
:10F79000A21801809800000000000000E1F7FF00BF
:10F7A00000000000800001003801004001801809BD
:10F7B000C038020800000000003D46FF10000000B5
:10F7C00001800001005C4180200100580186180280
:10F7D000000000000000E069FF1040000000800011
:10F7E00000801A21D5000100180180182000800037
:10F7F000000000C7EEFF00000000008000010028AC
:10F8000001550001001809A01824010000000000A3
:10F81000BFD8FF0000000001C00400C00A810880BA
:10F820000100180190580000000000000074ABFFB8
:10F830000020000001950000000001000001801878
:10F8400001805800080000000000D630FF100000C2
:10F850000000800001A14AC106000184190180183E
:10F8600000000000000000D2DDFF0000000000A04A
:10F870000400010001888001821801881806000038
:10F880000000000049ABFF00000000018A800180F9
:10F8900018218000018018838038040000000000D7
:10F8A00000F503FF0000000001880000043810008C
:10F8B0000000000000002000000000000000325F97
:10F8C000FF0000000001810000001C20000000007B
:10F8D0000000000000000000000000A929FF000057
:10F8E000000000440000810100800000001003803F
:10F8F00030040000000000003B33FF000000000067
:10F90000000000208000000000020002000004004F
:10F9100000000000008CC6FF00000000005400033F
:10F9200002821000000000100000100000400000E3
:10F9300000004946FF00000000002200008002A8ED
:10F94000CA8000001003803000000000000000E9C1
:10F950009EFF10000000000080048000A000000056
:10F960000000040000020040000000002BC2FF0065
:10F9700000000000440001010551800001801800D2
:10F980008018020000000000009624FF0000000024
:10F9900000000000000000400000040004004002DD
:10F9A0000000000000008344FF0000000000000091
:10F9B00000400000130000000000000000000000F4
:10F9C00000000056A0FF0000000000000000000042
:10F9D000000A00000000000000000000000000001D
:10F9E000CAEBFF000000000100100000000400004E
:10F9F00000000000000000000000000000CE48FFF2
:10FA000000000000018018000000018800000000D4
:10FA1000000000000000004085408AADFF000000AB
:10FA20000000004000000004000000000000000092
:10FA300000000000000000C68BFF000000000180F5
:10FA40001800000001080000000000000000000095
:10FA5000002085400E2DFF00000000010050000036
:10FA6000000108000000000000000000000000008D
:10FA7000004621FF00000000000000000000000020
:10FA80000000000000000000000000000000C0D7DF
:10FA9000FF000000000180180000000104000000C9
:10FAA00000000000000000000000009F0CFF0000AC
:10FAB0000000000000000000000000000000000046
:10FAC0000000000000000000C0D7FF0000000000A0
:10FAD0000000000000000000000000000000000026
:10FAE0000000000000C0D7FF0000000001801801E6
:10FAF0000000018000000000000000000000000085
:10FB000000008C6FFF000000000180380900020136
:10FB10008020002088000400000000000000089001
:10FB2000FAFF0000000001F9981180002180000018
:10FB30000210040402000000000000001653FF0041
:10FB40000000000180180100184980900104100194
:10FB5000020600000000000008DA21FF000000009B
:10FB600001801801000401803000411000000000F5
:10FB7000000000000000AF97FF0000000001805867
:10FB800001020301A01001041A858800A0000000F2
:10FB9000000000E9FCFF000000000180180388025B
:10FBA000898010000010000001000000000000002B
:10FBB000E502FF000000000180180310180180100A
:10FBC000010210018202000000000000787291FF23
:10FBD0000000000001801801045801A0800000020C
:10FBE00080100020000000000000CCB9FF000000E1
:10FBF0000001C29D018040098000001018008000B3
:10FC00000000000000000069E0FF00000000018823
:10FC10001805901A118000010018010080040000EE
:10FC2000000002000936FF00000000018018118862
:10FC30001801D04001841801804004000000000237
:10FC400000C74BFF0000000001B21A89003C01A868
:10FC500000011200010120000000000000009F8F41
:10FC6000FF0000000001805801802005804001094C
:10FC700018058000480000000000005C03FF000041
:10FC800000000180B803941803800001801903115B
:10FC90000000000000000000BAA9FF000000000101
:10FCA000801801CB1851918001E61C018C040000E2
:10FCB00000000000007EE3FF00000000018018014A
:10FCC000811801800001809C81809A000000000062
:10FCD00000007109FF0000000000001801C0185169
:10FCE000900001080801841048000000000000E9AD
:10FCF000B2FF000000000000180180100180000128
:10FD0000801001801800000000000000BA83FF008E
:10FD100000000001801801801801000000000001AF
:10FD200080100000000000000004CBFF0000000075
:10FD3000000018018018018000018018018018005F
:10FD40000000000000002023FF00000000018018D8
:10FD500001801801804001804801800000000000FF
:10FD60000000007DB3FF000000000180180180103A
:10FD7000008000010010018010040000000000005D
:10FD80009EABFF00000000000018038418400040F4
:10FD9000010104418000000000200000004DF2FF3E
:10FDA0000000000000001801801A010800018018FE
:10FDB00001801002000000000000252BFF00000061
:10FDC0000001801805801041100001004A218010B8
:10FDD00000000000000000D9D8FF000000000180F2
:10FDE00018018412018000018018018010000000B9
:10FDF00040000000D548FF0000000000001801800E
:10FE00001001000000011801801000000000000037
:10FE100000938EFF0000000001801801801801008F
:10FE2000000180100180700000000000000011D966
:10FE3000FF00000000004298098112015080018AF1
:10FE400002A1A10000000000000000664BFF0000BE
:10FE50000000001018258050018000004000018C37
:10FE60001000000000000000D16DFF000000000144
:10FE7000801841811001000000200321D300000000
:10FE80000000000000783AFF00000000001500109C
:10FE900000000003000040000024400000000000BB
:10FEA0000000C3E4FF00000000002000800800887C
:10FEB000000000020040000080000000000000C0C0
:10FEC000FCFF000000000040182100000048000076
:10FED0001C840180A000000000000000B12BFF0086
:10FEE0000000000000C0040004001040000000807A
:10FEF000000000000000000000F12BFF00000000E7
:10FF000000211083102088040000008100410000BF
:10FF1000000000000000033EFF0000000000001889
:10FF2000210000001000004C02418200800000000F
:10FF30000000006974FF00000000000040040000A1
:10FF4000900040000502800C00000000000000004E
:10FF5000E779FF00000000000018018002000000A7
:10FF6000003000488000000000000000002B18FF57
:10FF70000000000000000000000000000000000081
:10FF8000014100000000000000003EA5FF0000004D
:10FF9000000000000011008A0000000C8210200008
:10FFA00000000000000000EF59FF0000000000000A
:10FFB00000000002100000002200480800000000BD
:10FFC000000000001569FF00000000000000004074
:10FFD00004000000000001000320000000000000F9
:10FFE00000C2B5FF0000000000000000000100009A
:10FFF0000000088480248000000000000000EC1352
:020000040002F8
:10000000FF000000000000000000000000000020D1
:1000100004000040000000000000001BBCFF0000C6
:10002000000000000000000200000000200010019D
:100030000000000000000000C43BFF0000000000C2
:100040000000005100940000001480804400000073
:100050000000000000C6F5FF0000000000000000E6
:10006000000000000000000000000000410000004F
:100070000000B893FF00000000000000280000000E
:10008000410000200000220010000000000000F2EB
:10009000AEFF00000000000001800000000800002A
:1000A0000000380000000000000000000FF6FF0014
:1000B00000000000000040000000100000080040A8
:1000C000000000400000000000C841FF00000000E8
:1000D00000000008000000408000200000440008EC
:1000E00000800000000018E1FF0000000000004058
:1000F0000400204210200002000808200000000038
:1001000000000043A3FF00000000010018010010E0
:1001100000100000040010000000000000000000BB
:100120007068FF000000000080080180102080003F
:100130000108018188101000000000000026B6FFB1
:10014000000000000080280300380200200080002A
:1001500001002010000000000000496BFF000000BB
:1001600000011098010010004000018C12918010D5
:10017000000000000000006BF3FF0000000000041E
:100180000001001001080000208040000000000075
:1001900000000000F503FF0000000001C090018096
:1001A000100184000100028180105800000000004E
:1001B000000A55FF0000000001C2100100180140B4
:1001C0000000800001000020000000000000177502
:1001D000FF0000000000144003001000100001891F
:1001E0001041801800000000000000E4B0FF000093
:1001F000000000888001001310008000010500004D
:1002000013080000000000009B68FF0000000001D0
:10021000201001801800A40000C21010005020001F
:100220000000000000CA7EFF000000000100100175
:100230008019008800000E002180100000000000DE
:100240000000C4FEFF00000000008AC001801A0008
:10025000A90001811C01805010000000000000D2A4
:1002600098FF0000000001A0180500101100000018
:100270000801210014C000000000000005F0FF008C
:1002800000000000240CC1801801888001D31C8963
:100290002914000000000000002470FF000000008E
:1002A0000008281180180180400000000182180019
:1002B000000000000000555AFF00000000018118F6
:1002C00005801800840001801801801810000000CB
:1002D0000000000250FF0000000001801C01D10A54
:1002E00001800001C91801A11800000000000004ED
:1002F000F365FF000000000085028180000180009E
:1003000001CB19098298100000000000003B0DFF8E
:1003100000000000004130038019111120018014F9
:1003200081801348000000000000A444FF0000008A
:1003300000015008490010000D0001801401C8148C
:100340000000000000000078B6FF000000000088F8
:100350000021001801200001C018298810000000A9
:1003600000000000AC5BFF0000000001909A050057
:1003700018811100019008C1C11110000000000097
:1003800000ED3AFF0000000001404841D11A092069
:10039000400000920990042000000000000019763F
:1003A000FF00000000000012010038201080001043
:1003B0000041C420C0000000000000FF72FF0000E8
:1003C000000000004025819040804001001F99847A
:1003D00019402000000000005E57FF0000000001EF
:1003E00000180388180040004000100188900000A9
:1003F0000000000000C7E1FF0000000001800A03C8
:10040000901000488021081821A8D000400000006A
:100410000000E896FF00000000008010010030009E
:10042000020000001301801000000000000000C165
:10043000C4FF00000000010018230020005100014B
:10044000001801805000000000500000605DFF00B7
:100450000000000006000100100008000054108198
:10046000C41000000000000000BD04FF00000000F8
:1004700000801003802000248000300A01C40000A6
:1004800000000050000042F2FF0000000001800860
:10049000010018000000000400018040000000007E
:1004A0000000000F60FF0000000000220040001864
:1004B000002800000403200020400000000000008D
:1004C0008F82FF00000000001004100018000100DF
:1004D000005080080000000000000000001FCDFF59
:1004E0000000000000290028000550000000000264
:1004F000098021A000000000000040FFFF00000074
:1005000000000001280000000100000000000002BF
:10051000080000000000003DEAFF000000000000AD
:1005200004000005504800002B01000000000000FE
:10053000000000004EEDFF00000000002802000453
:1005400002A84200002805098020A0000000000049
:100550000080B5FF000000000002800000000001E4
:1005600000000000200000000000000000008DD20C
:10057000FF0000000000000000089C0008000002CE
:1005800000008000000000000000009B0BFF000046
:10059000000000000090000020000000080400009F
:1005A00001000000000000003D57FF0000000000B7
:1005B0004804201501083280002201100024280080
:1005C0000000000000D2B6FF0000000000000000A4
:1005D00000000000200000000000000000000000FB
:1005E000000060F4FF000000000100108100001412
:1005F00000000000000000000000000000000006F5
:100600006FFF000000000180180180180200000048
:10061000000000001802000050408548866DFF0071
:100620000000000000000000000000000000440086
:10063000000000000000000000C5C9FF000000002D
:1006400001800885804008000000002000001002A2
:10065000000028208550CB01FF0000000001003081
:100660000100100200000000000000100000000067
:10067000000000A020FF00000000000000000000BB
:100680000200000000020000000000000000000066
:10069000E65BFF000000000180080380400000408E
:1006A00000000000001000000000000000E914FF3E
:1006B0000000000000002000001800000000000002
:1006C000000000000000000000001E16FF000000F7
:1006D0000000000000001800000000000000000002
:1006E000000000000000009137FF0000000001A0A2
:1006F0001801801900D0000000021000180000004E
:10070000000000008FE2FF000000000180880180EF
:1007100080208100000018802818280000000000B8
:100720000051F3FF0000000001C030218000038170
:10073000000000101180180000000000000089E097
:10074000FF0000000001804041809804800000000C
:100750001D018818400000000000001EA8FF0000D6
:100760000000018140018118C0A80000001000486D
:1007700018080000000000003B07FF000000000117
:10078000801001A8381180A000401089421C800010
:100790000000000000C965FF0000000001800803A0
:1007A00090400B80400080130384188000000000FC
:1007B000000044EBFF0000000001801801A00001D0
:1007C000800000801C0BA05800000000000000CD3D
:1007D00048FF00000000018018038098028100009B
:1007E000C00001085C00000000000000CCA4FF0075
:1007F00000000001804801801C008000008018017A
:1008000000180000000000000071B7FF00000000A9
:10081000018010018018208800008010A100586815
:10082000000000000000B618FF00000000018881F1
:100830002980180080000184580100580000000041
:10084000000000BB24FF00000000018880A9800098
:10085000018800000250C080180000000000000065
:100860009582FF00000000018012018000098000D5
:1008700000209841A01CA00080000000009B90FF79
:100880000000000001800801801B218040018010D1
:100890000580180800000000002816B6FF000000C0
:1008A00000018018018018811C0001901C01BC18F7
:1008B000A00000000000005D87FF00000000018034
:1008C000180180180184000180182380180000801E
:1008D000000000004325FF0000000001801A018095
:1008E0001809800001B09A01041400000000000003
:1008F000289298FF0000000001801801800001008C
:10090000200100180080180000000000000014A959
:10091000FF000000000180180180000000000100BD
:10092000180000100000000000000002B6FF0000E8
:10093000000001801D0180180080000180180180E6
:100940001800000000000000A626FF0000000001C3
:1009500080180180380000400100180100100000DC
:1009600000000000003181FF00000000018018013C
:1009700000180000000180580180500200000000B3
:100980000000E511FF0000000001803801001C009C
:10099000000000501801001000000000000000C915
:1009A00097FF0000000001801801002001002001D5
:1009B0008018058018000000000000000397FF0069
:1009C0000000000180580100000100000180580172
:1009D000805004000000000000AAD3FF00000000C7
:1009E00001801801001C01000000501801001800CF
:1009F0000000000000004083FF0000000001801A9A
:100A0000810018020000010018030010000000001F
:100A10000000003996FF00000000018018018018D6
:100A20000400000180180180180000000000000090
:100A3000A4A0FF0000000001801821C003001400E2
:100A400001001A518210480000000000002839FF00
:100A50000000000001B55D0508004C400000A21830
:100A6000010010000000000000009703FF000000DC
:100A700000018018014A1840008000001A0104108B
:100A800008000000000000F1EEFF00000000001070
:100A90000148101A204800000000040800D000009F
:100AA00000000000EFC8FF00000000000484800088
:100AB00018000000006880500000000000000000E6
:100AC0000023F7FF0000000001A11A00000000143D
:100AD00000000018820200000000000000001AE67A
:100AE000FF000000000048400200459400000004A0
:100AF0000420000224000000000000CA87FF00005C
:100B00000000013034861011021080002804000813
:100B10000408000000000000D6E1FF000000000112
:100B20008118100204400000000099200400A00079
:100B30000000000000682BFF0000000000004808D3
:100B40000040245500000081402C000400000000FB
:100B50000000E555FF00000000018010400019145E
:100B6000000000240810008004000000000000CDF8
:100B700060FF000000000000000000040002800090
:100B80001090200000000000000000002B62FF0019
:100B9000000000000021060000020000002C0244BA
:100BA0004040000000000000007978FF00000000D5
:100BB0000000000200022C48000032008224800065
:100BC000000000000000D19BFF00000000000000BA
:100BD0002000055028000000201008000000000040
:100BE00000000082D2FF0000000000000030000082
:100BF0008000000000001010200200000000000033
:100C0000EEECFF0000000000000000000400138074
:100C1000000400820200020000000000000EF8FF45
:100C20000000000000001940001888220000080899
:100C300011D21800000000000000A8DAFF00000038
:100C400000000040040000240000004042C40000F6
:100C500004000000000000B933FF000000000000A5
:100C60000808000000000000001A402400000000F6
:100C7000000000002488FF000000000000100200B7
:100C80001000008008200091801B00000000000080
:100C9000009639FF00000000000000000000000086
:100CA00000100001500400000000000000003001AE
:100CB000FF00000000000008020022A800800040A1
:100CC0009A80400000000000000000EFC0FF00001C
:100CD00000000000001000180001000000020000E9
:100CE0000280000000000000553BFF0000000000F3
:100CF00000400041180202000010201204A002006F
:100D0000000000000066AEFF000000000000182593
:100D1000001C00808000001A100400000000000089
:100D20000000487AFF0000000000001841A0000009
:100D3000800001009880000000000000000000AE6C
:100D400043FF00000000000020010080AA84000191
:100D500008380200A00200000000000042EBFF0083
:100D6000000000000000038038218B0001091800FA
:100D7000040000000000000000F07BFF0000000005
:100D800000000801001890800001A2180020000057
:100D9000000000000000DBA6FF00000000000008CB
:100DA00001800401880001281800300000000000C4
:100DB0000000002FB6FF0000000000001001001826
:100DC00080C2000100180000802800000000000020
:100DD000E96EFF000000000000500580245184806F
:100DE000010018000800000000000000009E8BFFBA
:100DF0000000000000001001021A319000010918E3
:100E000000000080000000000000591FFF000000EB
:100E10000000001001001881800001849804020085
:100E20000000000000000097C0FF0000000000006C
:100E30000801B81C009080018718042900100000E8
:100E400000000000336FFF00000000000048058034
:100E50005801A1000180180050008000000000002F
:100E6000006A98FF00000000000000012200A88234
:100E70000001901800000040000000000000F14355
:100E8000FF00000000000000A1001831940001D113
:100E900018003404000000000000041201FF0000EC
:100EA000000000001801800100808001841800010A
:100EB00000C80000000000006204FF000000000005
:100EC000001801805C0148000180180180180200B0
:100ED000000000000075E5FF0000000001807800C0
:100EE000011801800001C218018A180200000000E8
:100EF00000000077FF00000000018018000012B120
:100F00008480018088058480B0000000000000E932
:100F1000C9FF0000000001801A80502D5190000090
:100F20001110050101400000000000002CC6FF0068
:100F3000000000018018A0000001C0000034000182
:100F40005004000000000000003D58FF00000000B9
:100F500001801800011C01A68001001000A00208F9
:100F60000000000000009CE7FF0000000001803846
:100F7000000018098800005400008500820000006D
:100F8000000000C2FAFF0000000001801A8028590A
:100F900021C1000000900028045000000000000063
:100FA000BA62FF0000000001801800001801808074
:100FB00000120202020000000000000000281BFFD7
:100FC000000000000180380001C001850000E01829
:100FD000018000A410000000000026AAFF0000000D
:100FE0000001807A0E0A081182004000014180044D
:100FF00000080000000000594BFF000000000180C5
:101000001C081410018000200A10A1820440000076
:1010100000000000DD8DFF000000000180180000CE
:101020001C01A00140001114840000000000000019
:101030000079E9FF000050000180180010180980B5
:10104000000000160040008000000000000079034E
:10105000FF00000000018058040800100600001185
:10106000800401000000000000000075EEFF000099
:10107000000001801800000201800000000293259A
:101080000000000000000000C697FF0000500001B3
:10109000803802001809A000A01000000000000025
:1010A0000000000000338FFF00000000000020025D
:1010B0000018201280002C0540520480000000001F
:1010C000000016F6FF000000000000000000188875
:1010D0000000000080100100200000000000002738
:1010E00005FF0000000001803802000408400000F5
:1010F000020080008218000000000000E3C3FF002F
:10110000000000000000000000000000004204C2D7
:10111000080490000000000010AF68FF000000000D
:1011200001001000001440040001908800081920FC
:101130000000000000006609FF0000000001803888
:10114000020002A0030000090008020020000000C5
:101150000000001BC0FF00000000000008000000AD
:101160008050800040043224000000000000000095
:101170008DC3FF0000000001801000001C08680003
:1011800001801800201810000000000000AD38FF9A
:10119000000000000000000000000000000041000E
:1011A000C048008000000000000033BCFF000000C9
:1011B00000000040040001281280000C0208020414
:1011C000200000000000102DE8FF000000000000DB
:1011D000000000000000400000800000000000004F
:1011E0000000000020ABFF000000000000104124C0
:1011F000000441400040200000000000000000000A
:101200000030CDFF00000000000010018018020037
:10121000000180010000000000000000000051ED0E
:10122000FF00000000000008000000000000002097
:10123000240000000000000000000071E2FF000038
:10124000000000001821A4000020800000008000A1
:1012500000000000000000006DFBFF000000000027
:1012600000100300100000000180200005051000A0
:101270000000000000AC3FFF000000000000000084
:101280000000060000000002000000000000000056
:1012900000007E40FF0000000000001801800000F8
:1012A000000000010000050510000000000000849F
:1012B0004BFF0000000000000002001800000000CA
:1012C000004000000000000000000000E9D9FF001D
:1012D00000000000000000001800000000000000F6
:1012E0000000000000000000009137FF0000000037
:1012F000000018218018018800000810200000104C
:101300000000000000000D40FF0000000000201859
:1013100011808008804000421280080020000000F8
:10132000000000FC2FFF00000000000018538100A7
:101330000180000010084060000000000000000074
:10134000061CFF0000000000001805889801A0009E
:101350000000AD02000000000000000000B7FFFF29
:10136000000000000040180580181188000024309B
:1013700000080028000000000000D85DFF00000009
:101380000000001801A018038000002011040000D4
:10139000001000000400008E0FFF0000000000009D
:1013A0001801A00001A0000020088000000000003B
:1013B0000000000092D2FF00000000000018018031
:1013C0000001800000001800000000000000000084
:1013D0000061C8FF0000000000001801889801802B
:1013E000000000F000000000100000040000E8EE23
:1013F000FF0000000000201805801805C020002212
:101400001040008410000000000000C825FF00000C
:101410000000004818218018818000000808181971
:1014200020000000000000003548FF000000000020
:10143000001809801801800000000800000000006A
:10144000000000000047EDFF000000000010182918
:101450008001018000000230200002000000000036
:1014600000007A56FF0000000000001801A00001F3
:10147000800001C010000000001000000000009675
:10148000F6FF0000000000001801841801A0000110
:10149000A81000000048000000000000EA74FF00EF
:1014A00000000000001801B318010020018059005D
:1014B0000000200000000000004BE0FF00000000E2
:1014C0000000180180180000000100188180380019
:1014D0000000000000009089FF00000000000018DC
:1014E00001889800004000C018000018001000009B
:1014F000000000FFA3FF00000000000018018000B2
:10150000000000018018000018000000000000002A
:1015100024D8FF0000000000001801800000000037
:1015200000801800001800000000000000DB5BFFD6
:101530000000000000001801801800000001801861
:10154000000018000000000000007538FF000000D7
:101550000000001801803800000000801800001C06
:10156000000000000000008820FF000000000000D4
:101570001801801800000001801800001C00000005
:10158000000000003520FF0000000000001801806E
:101590001800000001801D0000184000000000003D
:1015A00000F17BFF00000000000018018020840093
:1015B00000018018000018000000000000007D49B4
:1015C000FF00000000000018018001000000008002
:1015D00018000018000000000000005D4CFF000033
:1015E000000000001801801800000001801D0000AC
:1015F0001840000000000000F17BFF000000000028
:101600000018018018020000008018000018000077
:10161000000000000006B4FF0000000000001801F8
:101620008018000000018078000018000000000011
:1016300000000D29FF0000000000001A01D1004841
:10164000000000801C080098100000000000008DC1
:10165000CBFF0000000000001845800404000000DB
:10166000C219044458440000000000285E49FF00ED
:101670000000000000180198D840008000841B90F2
:10168000401810000000000000D998FF0000000082
:1016900000000000001A200200002004000020804A
:1016A0000000000000100D8CFF0000000000000092
:1016B00048001890000000400000010200000000F7
:1016C000000000760FFF0000000000001801C0407D
:1016D00000000000000000001000000000000540B5
:1016E0000535FF00000000000006842144040000CE
:1016F0000000A02006004000000000002874E0FF69
:10170000000000000000150B291002040000000476
:10171000838211020000000002A8C019FF0000002F
:101720000000001801800540008000409040001239
:10173000000000000000004B69FF000000000000F6
:10174000080400408404000015431000000000005D
:1017500000000000E003FF00000000000010018016
:10176000583430000020582180580000000000004C
:1017700000F76CFF00000000000000000004000BF8
:101780008000000000000000000000000000533D49
:10179000FF00000000000000040020820000003074
:1017A000222000000200000000000056BEFF0000E2
:1017B0000000000000020042AC20000042C4800093
:1017C00000000000000000001AB6FF00000000004A
:1017D0000000020004500800000301100000000097
:1017E00000000000504CD4FF00000000000000008A
:1017F0000000000000000800500020000000000071
:101800000000C7E3FF000000000000000400040027
:10181000638000000002000000000000000028AB10
:1018200075FF00000000000018018018A8000001EA
:101830009000C1800000000000000000A084FF00B4
:101840000000000000000000400414000045420CAD
:1018500000000400000000000069F0FF000000002C
:1018600000000801800000090000000020000000C6
:1018700000000000000016C7FF000000000000107C
:1018800003001000000001090001800080008000BA
:101890000000004292FF00000000000000800000F5
:1018A00000010000000040000000000000000000F7
:1018B000F8BDFF0000000000001803802008180099
:1018C00000080088000000000000000000D12EFF8A
:1018D00000000000000000800018000000001080E0
:1018E0000000010001000000000062C9FF000000CC
:1018F00000000000000018A2400008002422002080
:10190000020000500000201EC0FF00000000000088
:1019100018058018A1288000201110001000000078
:1019200000000000B8F3FF000000000000198180F3
:101930000001810000C190000010000000000000C4
:10194000404F0EFF000000000000100180000B005F
:10195000001008324200300200005000000049B67A
:10196000FF0000000000001003803801000000A507
:101970001000021000000000000000CD87FF0000F2
:10198000000000001001801931000000101000401C
:10199000980000000000000060CEFF000000000082
:1019A0000010018004018000008018001018000061
:1019B00000000002006FC4FF0000000000001801DA
:1019C000801801800000129800021800000000003A
:1019D00000009B86FF0000000000001805804451B5
:1019E000800000C01801C11800000000000000A223
:1019F00095FF0000000000001801801A310000006F
:101A000040100020180000000000005067F5FF00A3
:101A1000000000000018018018818000008C9800F0
:101A2000121800000000000400DC49FF0000000064
:101A300000001001801C810000001418001C980098
:101A4000000000000000A258FF000000000000108D
:101A500001801831000000801800411800000000CB
:101A600000001071D1FF0000000000001005804050
:101A7000810000012110000018000000000000405B
:101A8000ED36FF00000000000010018018298000E2
:101A900001001801C31800000000000000BE7FFF15
:101AA00000000000000018018021018000012018C2
:101AB00000101800000000000000337AFF00000052
:101AC0000000001803801C018000018418018218A6
:101AD000000000000000049DA6FF000000000000C0
:101AE0001803801801930001A01100101C200000B1
:101AF00000000028FFFFFF0000000000000003803E
:101B000042B1800000C408001098000000000000EE
:101B100000B75AFF0000000000001805803D51800A
:101B200000018C9840A01800000000000080449B39
:101B3000FF000000000000000180400180000080E4
:101B400008002018000000000000008706FF0000C9
:101B50000000000010A1801C01800001910A08878C
:101B600098000000000000008124FF000000000039
:101B7000000901801801950001C2090010184000F9
:101B80000000000000E6F0FF00000000000010254B
:101B9000801931800001000C50C01A0000000000C4
:101BA0000150FE8EFF0000000000000A0380780153
:101BB00081000020084200180200000000000035EB
:101BC000C2FF00000000000008058028018000011D
:101BD000801880201800000000000000432CFF0047
:101BE00000000000001001A09801800000800801A2
:101BF00000180000000000000070E3FF000000007B
:101C000000000801C10801808001800924C018007B
:101C1000000000000000ECD2FF00000000000012F5
:101C200005913A01910000A00811A01804000000DD
:101C3000000000A504FF0000000000000203841063
:101C400001400001A008008018000000000500000D
:101C5000A5AEFF000000000000180180C2010400D2
:101C600001B10C41A0180000000000000075DCFF6D
:101C700000000000000002018808010480010088C3
:101C800000801806000000050000FF39FF0000007A
:101C90000000001801825801280000080C29801853
:101CA000020000000000006465FF0000000000006A
:101CB0000202003820000000020408200004000096
:101CC000000000005661FF0000000000000010004E
:101CD00039100000001080A000000000000000008B
:101CE000005D8AFF0000000000000A01800400007F
:101CF000000002820001100000000000000079BC1A
:101D0000FF000000000000002800000004000008A0
:101D10000508010000000000000000AD75FF000094
:101D200000000000100900554000000100180000EC
:101D3000900000000000000089AAFF0000000000E1
:101D40000008018002B02000000200202C100200D8
:101D50000000000450ED69FF0000000000000000DA
:101D60000040100000000800C82000000000000033
:101D70000000E517FF0000000000001801802D5052
:101D80000000019018000018000000000000002E64
:101D9000A2FF000000000000005000000020000032
:101DA0000203081400000000000000007999FF0001
:101DB00000000000000000002000020000000020E1
:101DC0004100020000000002301216FF0000000077
:101DD000000000000000000040000000000000289B
:101DE0000000000000002A14FF00000000000010A6
:101DF0000000104000000000000000000000000093
:101E0000000010A7E3FF0000000000000000000039
:101E100001800001800000001800000000000000A8
:101E200085C7FF0000000000000000000000000067
:101E3000000000040000000000000000004081FFDE
:101E4000000000000000000400404100000000000D
:101E500002001000000000000010D39CFF000000F2
:101E60000000000000000001004001002000001000
:101E700000000000000000517BFF00000000000097
:101E80000000000000000000000000000000000052
:101E900000000000C0D7FF000000000000000200AA
:101EA0004001000001000000001050000000000090
:101EB0000041C1FF00000000000000000000000021
:101EC000000000200000000000000000000068DBAF
:101ED000FF00000000000000000000000000000003
:101EE0000000000000000000000000C0D7FF00005C
:101EF0000000000002C1800001800001000000001D
:101F000019000000000000006697FF0000000000BC
:101F10000000000000818020010282020018000001
:101F20000000000008D376FF00000000000005005C
:101F30000000018200010100000018000000000004
:101F40000008E1D8FF0000000000000001800081CF
:101F50008000018000000018000000000000001850
:101F60008AFF0000000000000040004101822001C3
:101F7000820400001880000000000000E718FF0045
:101F800000000000000001A0000180000182200488
:101F90000218200400000000007F6FFF0000000016
:101FA000000000038000018000018200000418404E
:101FB000000000000000EE0CFF0000000000000028
:101FC0000220400180000180200000180000000075
:101FD00000000082B2FF00000000000000000001CD
:101FE0000180000100000000180004000000000053
:101FF0005C15FF00000000000000818000018000EF
:1020000001088400101C0000000000000048A7FF29
:1020100000000000000004018100E19400011001B3
:10202000800018000000000000009F9EFF000000DC
:1020300000000002200080018A00018000000018DA
:1020400000000000000000FA0DFF0000000000008A
:1020500000018041018000018000000018000000A4
:10206000000000009892FF00000000000000000047
:10207000000180000188000000180000000000003E
:10208000000638FF00000000000000A000011180E1
:102090000001808200081A00000000000000C9331F
:1020A000FF000000000000000181C00180000180ED
:1020B00020001018000000000000004E94FF0000F7
:1020C0000000000018018018880000008818001027
:1020D0000000000000000000DC28FF0000000000FD
:1020E00000180080180000000180180000000000A7
:1020F0000000000000E116FF0000000000001800D2
:10210000001800000001005800000000000000005E
:10211000000004F7FF000000000000180100180094
:102120000000010018000000000000000000004056
:1021300091FF0000000000001900001800000001DD
:102140008018000000000000000000009352FF0013
:102150000000000000180100580000000180180075
:102160000000000000000000007A54FF00000000A2
:102170000000180180180000000100180000000095
:10218000000000000000CAAEFF00000200000018BE
:10219000008018000000010018400000000000004E
:1021A000000000976DFF00000000000018000018FC
:1021B0000000000180180000000002800000000004
:1021C000A729FF000004000000180100180000000B
:1021D00001801800000000028000000000AA84FFB7
:1021E0000000000000001801801800000001001825
:1021F000400000000000000000004FFDFF00000054
:102200000000001880801800000001801800000005
:10221000000000000000005D29FF00000000000039
:102220001801801800000001801800000000000064
:1022300000000000756DFF0000000000001A008221
:102240003800010001A09C00000000000000000018
:10225000000084FF0000000000001884409C44003F
:102260000001005814000200000000000040477FF9
:10227000FF00000000000018010C1C40000001805D
:102280009C00000400000000000000A353FF0000B9
:102290000000000002000198002000004100000042
:1022A00000000000000000000087FF0000000000A8
:1022B0000000000018000100000200000000000003
:1022C000000000000010CDFF000000000000190019
:1022D0000008800000000000000000000000000076
:1022E0000520519EFF000000000000040042020093
:1022F0000040002040100000040000000000001A10
:1023000095FF00000000000010020B028200000098
:1023100003200200000000000000028057A1FF001F
:1023200000000000001C0000080020000040100019
:10233000000000000000000000BEECFF00000000F4
:1023400000000000200000004000004000000004E9
:10235000000000000000D646FF000000000000184A
:10236000000C9800000001805804000000000000EC
:10237000000000419BFF0000000000000000000082
:10238000000000000000000000000000000000004D
:10239000C0D7FF0000000000000006280000000079
:1023A00000002000000000000000000000B3E4FF77
:1023B00000000000000000042800000000000040B1
:1023C00004000000000000000000E350FF000000D7
:1023D00000000000000100000000001500000000E7
:1023E000000000000000501358FF00000000000033
:1023F00000000500000000000000000000000000D8
:10240000000000008493FF000000000000000402B0
:1024100000000000000000000000000000000000BC
:1024200028B9EFFF00000000000018004280000003
:102430000000901800000000000000000000E58E81
:10244000FF00000000000000000800000000000580
:102450004000000000000000000000F1EAFF000062
:10246000000000000800000000090000001000004B
:102470000000000000000000DE2EFF000000000051
:102480000010000004000000010400000000000033
:102490000000000000A168FF000000000000000034
:1024A0000000000000000800000000000000000024
:1024B00000004328FF000000000000088200000226
:1024C0001300010A00000000000000280000005472
:1024D00038FF0000000000001800001C0000000091
:1024E0000C0000000000000000000000CF3DFF00D5
:1024F000000000000018002C980010200000A0022E
:102500000000020000000000005761FF0000000012
:1025100000000000830000000001801000000000A7
:102520000000000000006292FF00000000000000B8
:102530000180180000000100900000000000000071
:1025400000000004C9FF0000000000001881C81846
:10255000001220018A30020000020000500000003A
:102560005DBCFF0000000000001803210002000015
:1025700001051000000000000000000000C896FFE8
:102580000000000000000001140000000001A8107D
:1025900000000000000000000000DDF3FF0000006C
:1025A0000000000001801C4000000100100000003D
:1025B000000000000000003D23FF000000000000BC
:1025C00018018418000000010890000000000000BD
:1025D0000000005092DEFF0000000000001802859D
:1025E0000442000001111000000000000000000083
:1025F000009BDEFF0000000000000000D002200071
:102600000001C01000000000000000000000C9FE32
:10261000FF0000000000000001A81800000001A257
:1026200010000000000000000000003615FF000050
:10263000000000001801800440000001801000002C
:102640000000000000000000175BFF000000000019
:102650000018054218040000018810000000000066
:1026600000000000003260FF0000000000000001D8
:10267000080000000001A090000000000000000021
:102680000028CF75FF0000000000000001889900BD
:10269000000001801000000000000000000000B7F2
:1026A00088FF0000000000001901820008000001FE
:1026B0000030000000020000000000007B01FF006D
:1026C00000000000001C40801C4000000180180039
:1026D0000000000000000000008738FF000000003C
:1026E00000001801881808006001B0188800000276
:1026F00000000000000005BCFF0000000000001A00
:10270000A0928A28000001003000000000000000B4
:1027100000000061E6FF0000000000000540051514
:1027200040000001053400000000000000000048E7
:102730006B2BFF0000000000000001000100000002
:102740000000100000000000000000000086BDFF37
:102750000000000000001C40801C50000001805858
:1027600060000000000000000000B0BEFF0000009C
:102770000000001801820800002001081408000071
:10278000000000000000205F70FF0000000000005B
:1027900001010891000000014510800000040000C4
:1027A000000000101A4FFF000000000000000200AF
:1027B0000000000000001200000000000000000007
:1027C0000096A1FF000000000000180000000000BB
:1027D00020018018000000040000000000001EA975
:1027E000FF00000000000018010018001000018028
:1027F00010264000000000000000001FE1FF000064
:10280000000000000005801800000000001040409B
:10281000000000000000000017C3FF0000000000DF
:102820000000008000000200000010000000000016
:102830000050000000DCF9FF00000000000018015B
:10284000000000080001901A0000000000000000D5
:1028500000008BFAFF00000000000019447018000F
:10286000000001881000000000000000000000339C
:1028700087FF000000000000000280180004000034
:10288000001000000000000000000000E3E5FF0071
:10289000000000000000A1900000000000001000F7
:1028A00000000000005000000038FBFF00000000A6
:1028B000000018000418080000002080000000003C
:1028C0000000000000009AC0FF0000000000001996
:1028D0000050988000000000000000000000000090
:1028E000000000604CFF0000000000000C400204EB
:1028F0004000000010000000000000000000000088
:10290000CAE0FF000000000000000000000000001E
:102910000000001200000000000000000001ABFFFA
:102920000000000000001540400450000000288016
:1029300000000000000000000000905DFF000000AB
:102940000000000AA05002B0000000488100000012
:10295000000000000004509B84FF00000000000005
:10296000000008808000000000000200000000005D
:1029700000000000A95FFF0000000000001C4000F4
:102980000440000001800010000000000000000270
:10299000002FB6FF0000000000000000400008000B
:1029A0000000100100000000000000000050E6A13F
:1029B000FF000000000000010008010000000041CD
:1029C00000000000000000000000004185FF000042
:1029D00000000000000000000000000000000000F7
:1029E0000000000000000000C0D7FF000000000051
:1029F0000012110020000000000000000000000094
:102A00000000000030A668FF000000000000180071
:102A100000000000000000000000000000000000B6
:102A20000000048CFF0000000000000000002000F7
:102A30000000000000000000000000000000008214
:102A400054FF0000000000000A1000000000000019
:102A5000000000000000000000000050B58BFF00E7
:102A60000000000000100000000000000000000056
:102A70000000000000000000004745FF00000000CB
:102A80000000000000000000000000000000000046
:102A9000000000000000C0D7FF0000000000000898
:102AA0000000000000000000000000000000000026
:102AB000000000831EFF0000000000001800001846
:102AC0000000000000000000000000000000000006
:102AD000556CFF0000000000001800001800000006
:102AE00000000000000000000000000000556CFF26
:102AF000000000000000042880001000000000001A
:102B000000000000000000000000E7A2FF0000003D
:102B100000000010012898000000000000000000E4
:102B200000000000000000AAF8FF00000000000004
:102B30000841001800000000000000000000000034
:102B400000000000D898FF0000000000001812C02C
:102B500000800000000000200000000000000800CD
:102B60000065DAFF0000000000000201110008000B
:102B70000000000000000000000000000000413DD7
:102B8000FF0000000000001002801800000000207C
:102B900000000000000200000200004BB2FF000035
:102BA00000000000080080188000000000002000E5
:102BB000000004000008000039C6FF00000000000B
:102BC0000018010000000000002006000000006066
:102BD0000000020000E0C9FF00000000000000004B
:102BE00000000000000000000000000000000000E5
:102BF0000000C0D7FF000000000000102F84180064
:102C00000000000000000000000000000002800240
:102C10006DFF0000000000000801E000000E000051
:102C200000000000000000000000020018ECFF009F
:102C30000000000000180000180000000000000064
:102C4000000000000000000020D5AFFF00000000E1
:102C500000000001820000000000000000000000F1
:102C60000000000000C07438FF00000000000010E9
:102C7000000018000000000000000000000000003C
:102C800010000097E6FF0000000000000828000088
:102C9000000800000000000000001000000000001C
:102CA000A7F3FF00000000000018018018000000DA
:102CB000000000001000000400000000004D2DFF87
:102CC0000000000000001800001800000001800053
:102CD000000000000C00000800003580FF0000002C
:102CE000000000080000180000000180000008003B
:102CF0000000000000000021BDFF000000000000F7
:102D000010000000000000010000000000000000B2
:102D10000000000438DDFF0000000000000000009B
:102D200000000000010000000000000000000000A2
:102D3000003F54FF000000000000180000180000D1
:102D40000001800000000000000000000000152CC1
:102D5000FF000000000000080000180000000180D3
:102D6000000000000000000000000092BEFF000014
:102D70000000000010000000000000010000000042
:102D800020000000000000003809FF0000000000E3
:102D9000000000000000000001000400000000002E
:102DA0000000000000EA57FF0000000000001800CB
:102DB0000000000000010000000000000280000090
:102DC0000000370FFF00000000000008000018009E
:102DD000000001000400004000028000000000B577
:102DE000E5FF0000000000001000001800000001D6
:102DF000000000000000000000000000E926FF00C5
:102E000000000000000000000000000001000000C1
:102E10000000000000000000003F54FF0000000020
:102E20000000180000000000000100000000000089
:102E3000000000000000FB0FFF0000000000000881
:102E40002000180000000100000010000000000039
:102E50000000004472FF0000000000001100109804
:102E6000C0000001000000000000000000000000A1
:102E7000D89DFF00000000000000000100000000DD
:102E800001000000000000000000000000AB43FF54
:102E90000000000000001BC40018800000000000BB
:102EA0000012002000000000000065EFFF0000009D
:102EB00000000018041019000000000000000000CD
:102EC0000000000000000043DEFF000000000000E2
:102ED00008040002200000000200000000000000C2
:102EE000000000001EE9FF00000000000000202894
:102EF0000040000000000000000000000000000092
:102F0000006C72FF0000000000001084000220002E
:102F10000000000000000000000000000000E6715A
:102F2000FF0000000000000C405000800000000482
:102F30000000020020000000000000148AFF0000D2
:102F40000000000000000000080000000000000079
:102F5000000000000000000070E4FF00000000001E
:102F60000018100C81000000000040000000040068
:102F70000000000000EBBAFF000000000000044069
:102F800000044000000000000000000000000000FD
:102F90000000A6F9FF00000000000000045220001D
:102FA000000000000000002000000000000000BF42
:102FB00008FF00000000000002280A0328000000AB
:102FC000000000000004000000000000EAECFF0028
:102FD0000000000000054001044000000000000067
:102FE000000000000000000000CA95FF0000000083
:102FF00000000004010000000000002000000000AC
:103000000000000000002D2FFF0000000000000461
:10301000400005D800000000000000000000000093
:10302000000000F3B7FF00000000000008001200DD
:1030300000000001800000001800000000000000F7
:103040002A66FF0000000000000080214000000010
:10305000000000000040000000000000006EEEFFD5
:103060000000000000000800000000000000000058
:103070000000100000000000002083B8FF000000E6
:103080000000001000000000000000000000001020
:1030900000000000000000C720FF0000000000004A
:1030A0000000000000000000000000000000000020
:1030B00000000000C0D7FF000000000000088A00E8
:1030C0002000000000000000001080000000000050
:1030D00020FE37FF0000000000001800001800006C
:1030E0000000000000000000000000000000556C1F
:1030F000FF0000000000001C00111820000000006C
:1031000020000020020000000000008BF8FF0000FB
:103110000000000004018800400000018000000061
:103120001800000000000000DE45FF000000000065
:1031300000000080980000000180000000180000DE
:103140000000000000D114FF0000000000001888FB
:10315000001800000001002000003882000000007C
:10316000000097A5FF0000000000001803002110D8
:10317000000001000000001800000000000000E353
:1031800025FF00000000000000100000000000010A
:10319000800000001800000000000000C744FF008D
:1031A00000000000000441001C48000001800000F5
:1031B0000018000000000000009344FF0000000021
:1031C0000000180180180000000100000000180035
:1031D000000000000000B4FEFF0000000000001C22
:1031E000548044C0000001000000001800000000EE
:1031F0000000008721FF00000000000002A0800204
:10320000A80000019000000018000000000000006D
:103210003114FF00000000000000018000000000E9
:10322000018000000018000000000000009E86FFE2
:103230000000000000001C41001C400000012000B4
:1032400000001800000000000000D71CFF00000074
:103250000000001804005808000001500000001889
:10326000000000000000005674FF00000000000095
:1032700000810000800000018000000018000000B4
:10328000000000002B8FFF00000000000000002065
:103290008010000001800000001800000000000005
:1032A000006824FF000000000000190092180000D0
:1032B0000001000000001800000000000000319331
:1032C000FF0000000000001C41A81D40000001009C
:1032D0000000001800000000000000F6E8FF0000F9
:1032E0000000000018018418080000000800018098
:1032F0000000000000000000F8A9FF00000000002E
:10330000000AA1808A200000000000018000020065
:103310000000000000FAE5FF0000000000001D4171
:10332000881D400000000000018000000000000037
:103330000004A3CCFF0000000000000801820890F8
:10334000000000000001800000000000000000B646
:10335000A6FF0000000000001C41801C400000008F
:10336000000001800004000000000000F95BFF0085
:10337000000000000008018A081000000010000191
:1033800080000000000000000092F7FF0000000035
:1033900000001901801900000000000001800000F9
:1033A000000000000000655AFF0000000000000857
:1033B0000180080000000000000180000000000003
:1033C0000000007DE7FF00000000000018018018E9
:1033D00080000000000001800000000000000000EC
:1033E000983FFF0000000000000801800810000066
:1033F000000000018000000000000000009D84FF2C
:10340000000000000000080180091000000000001A
:10341000018000000000000000001B93FF0000007E
:103420000000001A01801800000000200001800246
:1034300000000000000000C43AFF0000000000008F
:10344000180180180000000000000180000000004A
:10345000000000001B36FF0000000000000A51D1F0
:1034600008000000002000018002000000000000B1
:10347000002B3CFF00000000000008018008000055
:1034800000000000018000000000000000007DE757
:10349000FF0000000000001829D1580000000000C3
:1034A0000001802000000000000000E27CFF00001E
:1034B0000000000018000018880000000000000054
:1034C00000000000000000006656FF000000000041
:1034D000001800003800000000000000000000009C
:1034E000000000000017EFFF000000000000055181
:1034F00080044000000000000100400000000000C7
:10350000000066CCFF00000000000000000000008A
:103510000000000000000000020000000000004267
:10352000F4FF0000000000000551000450000000FE
:103530000000010000000000000000008D0BFF00F3
:1035400000000000000221800220000000000001B5
:103550000020000000000000008D5CFF0000000063
:1035600000000000000080000000000000000004D7
:10357000000000000000C79DFF00000000000004E4
:103580004180244000000000000180000000000095
:10359000000000AA20FF0000000000000000000062
:1035A00000000000000000004000000000000000DB
:1035B000414CFF000000000000000000200000005F
:1035C000000000000000000000000000008254FF26
:1035D00000000000000000000000040000000002E5
:1035E000040000000000000000007219FF0000004D
:1035F00000000000000000040000000000010000C6
:10360000000010515020002F03FF000000000000B8
:103610000000000000040000000800800000000816
:10362000008002D059E5FF0000000000000000000B
:103630000000000000000000000000000028282515
:10364000503D1BFF000000000000000000000004CF
:1036500000000000028000000008008000003D2DF6
:10366000FF0000000000000000000000000000005B
:1036700012000000000000000000003E52FF0000A9
:10368000000000000000000000000000000000003A
:103690000000000000000000C0D7FF000000000094
:1036A000000000000000000000000000800000009A
:1036B0000800800000791EFF0000000000000000EC
:1036C00000000000000000000000000000000000FA
:1036D0000000C0D7FF000000000000000000000054
:1036E000000000000000000000000000000000C01A
:1036F000D7FF0000000000000500000000000000EF
:103700004100018000000018018000004C89FF008A
:10371000000000000000000000000000000008059C
:103720008000000018000000503F3CFF0000000037
:103730000000000000000000000000000180000008
:103740000018018000080ABAFF0000000000000015
:103750000002000000000000020D800000001800C0
:10376000200000145DFF0000000000000280000047
:1037700000000000208800000000000001800040E0
:103780001657FF00000000000000000000000000CD
:1037900000400800800000021801800000AF7DFF9B
:1037A0000000000000000000020000000000000017
:1037B0000100000000000180000096EBFF00000007
:1037C0000000000000000000000000200001800058
:1037D00000021E01A00000F6EAFF00000000000049
:1037E0000000000000000000001209800000001826
:1037F00001800000F4A5FF000000000000000000B0
:103800000000000000001801800000001800000007
:1038100000EA8CFF00000000000000000000000033
:1038200000000010018000000018038007C0E60FB0
:10383000FF00000000000000000000000000000089
:103840001801800000001801800000F48CFF0000C7
:103850000000000000000000000000000008000060
:103860000000000001802000B4D7FF00000000002D
:1038700000000000022000000000182100000008E5
:103880000008002000308FFF000000000000000052
:1038900000000000000000180084000000180180F3
:1038A00040408C9DFF000000000000000000000070
:1038B000000000001C23800000001801800000E3CD
:1038C0000FFF0000000000000000000000000000EA
:1038D0000018000200000000038000008412FF00B6
:1038E00000000000000000000220000000001400A2
:1038F000000000080009802000B333FF0000000032
:1039000000000000000000000000001002000000A5
:10391000000001800000CAFAFF0000000000000063
:103920000000000000000000100000000000000186
:103930008000008AD1FF00000000000000000000AD
:10394000000000000018400000000000018000009E
:103950002581FF00000000000000000000000000C2
:10396000000010000000000000018000008AD1FF6C
:103970000000000000000000000000000000000047
:10398000400000000000018000005B84FF00000098
:103990000000000000000000000000000000000027
:1039A00000000001800000DED7FF000000000000E2
:1039B000000000000000000000000002800028005D
:1039C00001800000110FFF00000000000000000057
:1039D000000000000000000000000028000180003E
:1039E000001EFFFF000000000000000000000000BB
:1039F000000000100005000000000180000095316B
:103A0000FF000000000000000000000000000000B7
:103A100010000000000000018000008AD1FF0000BB
:103A20000000000000000000000000000000040092
:103A300000000000018000005E81FF000000000027
:103A400000000000000000000000002C2A00000020
:103A50000221A200002D17FF00000000000000005E
:103A600000000800000000040400000000000181C4
:103A700040003BA0FF00000000000000000000002C
:103A8000000000000000048000000049CC800061BC
:103A900083FF0000000000000000000000000000A4
:103AA0000002700000000204000000001D1BFF0067
:103AB0000000000000000000000000000000000006
:103AC000000000000000000000C0D7FF0000000060
:103AD00000000000000000000000000008000000DE
:103AE000000001010000546AFF0000000000000017
:103AF0000000001000000000040450400000020418
:103B0000024000DAA2FF00000000000000000000F8
:103B10000000000000000200000000020100200080
:103B2000D40FFF00000000000000000000000000B3
:103B300000000430010000020011150000B54AFF2A
:103B40000000000000000000000000000000000075
:103B50000440C0000004144AC0004E4DFF000000A5
:103B60000000000000000000000000000B34140002
:103B7000000000C58040006719FF00000000000041
:103B80000000000000000000000201200000001002
:103B900001000000D5C0FF00000000000000000090
:103BA0000000000000000000402000002000002075
:103BB00000171EFF000000000000000000000000D1
:103BC000000000004810800000000C144000D10BE1
:103BD000FF000000000000000000000000000000E6
:103BE00000801000000001302C00006E75FF000006
:103BF000000000000000000000000000000082043F
:103C000000000004A02100001098FF000000000048
:103C100000000000000000000000022802800000F8
:103C20000200008000675CFF000000000000000050
:103C3000000000000000001D000480000018408A01
:103C40000000EAF4FF000000000000000000000097
:103C500000000000005050400000451040C00061CE
:103C6000DCFF000000000000000000000000000079
:103C7000001800000000001000800000B352FF0098
:103C80000000000000000000000000000000000034
:103C9000000020001000000000E557FF00000000B9
:103CA0000000000000000000000000000000000014
:103CB000000000000000C0D7FF000000000000006E
:103CC00000000000000000000000000000001000E4
:103CD000828000CD75FF00000000000000000000A1
:103CE00000000000000000000020000000000000B4
:103CF00062D4FF000000000000000000000000008F
:103D000000000002002000002102002000E74BFF1D
:103D10000000000000000000000000000000001093
:103D2000000000000018018000008E91FF000000DC
:103D3000000000000000000000000000186000000B
:103D400000001800000000BD6AFF00000000000035
:103D500000000000000000000010020020000039F8
:103D60000382A000A92FFF00000000000000000057
:103D70000000000000001800000000001800000013
:103D800000BA92FF000000000000000000000000E8
:103D90000000001D4000000000180180000061814B
:103DA000FF00000000000000000000000000000014
:103DB0001A2000000000180000000092BAFF000066
:103DC00000000000000000000000000000180000DB
:103DD0000000001801800000A492FF000000000015
:103DE000000000000000000000001880000000003B
:103DF00018018000002E31FF0000000000000000CC
:103E0000000000000000001A880000000018018077
:103E10000000041BFF000000000000000000000084
:103E2000000000001800004000001805802000B5C8
:103E300009FF00000000000000000000000000007A
:103E4000000800000000001801800000F094FF004E
:103E500000000000000000000000000000000A88D0
:103E60000040000018058000000185FF00000000F0
:103E7000000000000000000000000018000000002A
:103E80000018018040002494FF00000000000000A2
:103E900000000000000000000920000000001800E1
:103EA0004480007C25FF00000000000000000000AE
:103EB00000000000001C080000000018018800003D
:103EC000719BFF00000000000000000000000000E7
:103ED00000000800000000001801800000F094FFBE
:103EE00000000000000000000018000000000012A8
:103EF00041800001800001800000A567FF000000F4
:103F00000000000000001000000000001289800086
:103F100001800003800004B285FF00000000000063
:103F20000000001800000000001011800001800057
:103F300001B20000880BFF0000000000000000003C
:103F40001000000000001041800001800001B3005B
:103F500000BCBBFF000000000000000000180000D3
:103F60000000001041800001800003808004A7F55C
:103F7000FF00000000000000000010000000000032
:103F80001009800001800001800000BABDFF000020
:103F90000000000000000018000000000012018076
:103FA0000001800001CC800025CEFF000000000051
:103FB00000000000100000000000140180000180DB
:103FC0000001800000EF17FF00000000000000006B
:103FD000001000000000001001800001820001803C
:103FE00000004A17FF000000000000000000100061
:103FF000000000001001800001800001806000FAD4
:1040000011FF000000000000000000100000000090
:104010000012018000018000018000009097FF00E5
:10402000000000000000000010000000005010011F
:10403000800001820101800000D274FF00000000B6
:1040400000000000001000000000041801800001C2
:10405000820001800000E1E9FF0000000000000094
:1040600000001000000000281801800001D00001AD
:104070008040009C48FF000000000000000000108D
:104080000000000000180180000182000180000093
:104090006014FF000000000000000000100000009D
:1040A00000021801802001A821018020009F77FFD5
:1040B0000000000000000000000000000000000000
:1040C0000000000000000000200080D4FF0000007D
:1040D00000000000000000000000000000000000E0
:1040E00000000000000000C0D7FF0000000000003A
:1040F000000000000000000000000100200100405E
:10410000010020006B1FFF00000000000000000005
:104110000008000000000000000000000004000093
:1041200000A0E7FF00000000000000000000000009
:104130000000000005000001000001000000B5863D
:10414000FF0000000000000000000200000000006E
:104150000401002001000001002000AC34FF000039
:10416000000000000000000000000000000004004B
:104170000000000002000000E882FF0000000000D4
:1041800000000000000000000000006180000180CD
:10419000200180000007AAFF0000000000000000CE
:1041A00000001000000000000000000000200000DF
:1041B0000000AFB7FF000000000000000000040096
:1041C000000000000200004000000000004000F37A
:1041D0009AFF000000000000000000000000000046
:1041E00000000000000000000000400040D1FF007F
:1041F000000000000000000000000000000002219C
:10420000000001051051550080C562FF000000004C
:1042100000000001800000400000001800000000C5
:10422000802003800050597DFF0000000000000046
:1042300000000000000000000000000000028000FC
:104240000000500D37FF00000000000000000000DB
:10425000044000000012200000008000535521009F
:10426000DBF6FF000000000000000000000000007E
:1042700000001002000000004001000000DEFAFF14
:10428000000000000000000000000000000000002E
:1042900000000000000000000000C0D7FF00000088
:1042A00000000000000000000000000010000000FE
:1042B000008000010000008059FF000000000000A5
:1042C0000001800002000000000002000000000069
:1042D0000000000012B7FF00000000000000018095
:1042E00000000000000000000000000000000000CE
:1042F00000DE93FF000000000000000180000000CD
:1043000000000018200000018000018000003DA591
:10431000FF0000000000000400000808000000008A
:1043200018000000018000018080084006FF0000A6
:104330000000000000010000000000000018000064
:1043400000018000018000003531FF000000000006
:104350000000000020220000000298008000018080
:104360006001820000AEE4FF0000000000000401D4
:10437000803810000000001820000001800001813A
:1043800000082F67FF0000000000000001801804F3
:10439000000000101820000001800001810000F3DF
:1043A000B2FF0000000000000001801800000000C3
:1043B0000298010000018000098000008E39FF0092
:1043C0000000000000000180102000000000180123
:1043D0008000018000718280000EA5FF00000000B7
:1043E0000000000180000600000008182000000006
:1043F000000001800000ABD6FF00000000000000BC
:1044000001800000000000001A20040000000001EC
:104410008000000F3DFF0000000000000001800050
:1044200000000000001800000000000001800000F3
:10443000BE96FF0000000000000001801000000098
:1044400000001800000001804001800008407DFF4E
:10445000000000000000000100180000000000182B
:104460000002000180200180200C273AFF0000009C
:1044700000000000018A1800000000001800000081
:10448000000281218080002B80FF000000000000DE
:104490000000001800000000001A21000001900038
:1044A00001802004789FFF00000000000000008BC6
:1044B0001800000000001801800001802001900019
:1044C000003854FF00000000000000000058018088
:1044D00000000018000000018238818800040B6E83
:1044E000FF000000000000000000B8018000000094
:1044F00000000000018880218080043F34FF00001C
:10450000000000000000001801000000000800008A
:104510000001801801800004A6F2FF0000000000E6
:1045200000000000180100000000080000000180E9
:104530001801800004A6F2FF000000000000000146
:1045400080180180000000140000000180180000A5
:1045500000000EABFF000000000000000180180109
:104560008000000000000000018000000000008BBF
:10457000EEFF00000000000000018010018000003C
:10458000000400000001801801800000F40EFF000C
:104590000000000000000180300184000050000095
:1045A000400001D01801800000E7DDFF000000009E
:1045B00000000001001801800000000004088001D4
:1045C000801801800000ABF7FF0000000000000031
:1045D00001805001800000000000000001801800F0
:1045E000000000BA0BFF00000000000000010018EE
:1045F00001040000500000500001D01801800000AC
:10460000FAC1FF00000000000000010010010000DE
:1046100000000000010001801801800000AE51FF81
:1046200000000000000000000010018000000000F9
:10463000000000018000018000003B09FF00000035
:104640000000000000C212218000000000240000D1
:1046500011A300A822800077A6FF00000000000040
:104660000000805105804000000088040001805C4B
:10467000058040003253FF00000000000000018070
:104680001001800000000000000001A498018000DB
:1046900000FD29FF00000000000000018C00000068
:1046A00000000000500000000001000100002A0B83
:1046B000FF0000000000000001E081000000000099
:1046C0000200000000010010000000C79AFF000077
:1046D00000000000000000008000000000008000DA
:1046E0000019480C48CC8000BC67FF0000000000A7
:1046F00000000000466002000000010C06000002FD
:1047000040000040007C1AFF000000000000000193
:104710002020020020000002000000010020020012
:104720002000F41CFF000000000000000011054004
:10473000040000000108020009330810910000DEA7
:1047400044FF0000000000000000004010000000D6
:104750000000021000000240000040006D9CFF00BD
:1047600000000000000001805D40800000000002A9
:1047700004400190C804804000B4CBFF000000005A
:1047800000000000550000000000000001000001D2
:10479000401001000000B20BFF000000000000000C
:1047A000000020020000000020020020020420007F
:1047B000002000CB96FF00000000000000002AC08F
:1047C0002800000000000404400014C00400400061
:1047D000BF73FF0000000000000000550340000010
:1047E000000000004900002900000000005E3FFFBB
:1047F00000000000000000000005000000000000B4
:1048000000100000200000000000B8B1FF00000010
:10481000000000000044000800000000000012003A
:10482000004400000000002F2BFF000000000000EB
:104830000001800004000000001800850001889835
:104840000180000070B6FF000000000000000009B9
:1048500044C8000000004004204004004000004024
:1048600000DC1FFF0000000000000000000000024C
:10487000000000100080000101100148000049E420
:10488000FF00000000000000010000100000000018
:104890000000000001001001000000265CFF000085
:1048A00000000000000000001000000000000000F8
:1048B000000000000000000020B4FF000000000025
:1048C0000000000000000000000002008000010164
:1048D0001001500000B48DFF000000000000000136
:1048E0008000000400000000000000000000000044
:1048F0000000DA8BFF0000000000000001802002B1
:10490000002000012042022202002082002000D468
:1049100029FF0000000000000001800800000000E6
:104920000018010002018019018000004B8DFF007A
:1049300000000000000001801800000000001821A5
:104940000000018018018000008812FF00000000B4
:104950000000000180280200200000BA03042003A8
:104960008038038020001BA2FF0000000000000030
:1049700000101800000000001A09000001801D4905
:10498000D100005A40FF00000000000000000100BC
:104990000000000000188100000180180182000062
:1049A000DB82FF0000000000000000440000000067
:1049B00000001801000001801A0180800010A9FF8A
:1049C0000000000000000001848800040000001DB9
:1049D00001000001801C01A10000768FFF00000093
:1049E0000000000000550800000000001D1100003C
:1049F00001801811A40000F660FF00000000000014
:104A00000001A80C480800000018490000018018A7
:104A1000319400002CE3FF00000000000000018042
:104A2000180000000000180100200180592588406E
:104A300000C4A4FF0000000000000001C0088000C6
:104A400000000018010000018018818140006DC045
:104A5000FF00000000000000018518C002000000F7
:104A60001D510040018018118200004B8CFF000096
:104A70000000000000001004100800000018018071
:104A80000001803D43D00004E68CFF0000000000E0
:104A900000000012004800000000180180000180A2
:104AA00018018000002DCCFF000000000000000075
:104AB0000080000000000018010000018018018043
:104AC00020040F0CFF000000000000000040080060
:104AD0000000000018010000018018018000007033
:104AE000A3FF000000000000000002002000000101
:104AF00080180700180180000180000029DDFF00F8
:104B000000000000000000AA080000000180100161
:104B10000018008020038020047DD8FF00000000E2
:104B20000000000051191000000180180110180148
:104B3000000000006000DE1DFF000000000000001B
:104B40000080983000000180100100180000000172
:104B50008000045BBEFF0000000000000001C00AEE
:104B60000000000180100166180180200380000011
:104B70006ADFFF0000000000000001800D0000005F
:104B8000018010030018018000018040005BC5FF18
:104B90000000000000000001931848000001801090
:104BA000010818018000018000009B23FF00000025
:104BB0000000000001801C000000018010010018AE
:104BC00001800001C00200F5BCFF000000000000F1
:104BD0000000801000000001809003861801800012
:104BE00001C02040C1E9FF0000000000000000807B
:104BF00018000300018000012018010060018000FE
:104C0000007A10FF00000000000000018012000286
:104C10008001809801C01800800000000040664BB1
:104C2000FF00000000000000408010000000018034
:104C30000C11001820000001880000D743FF00007D
:104C40000000000000000010000000018010018042
:104C500018018400000004001C04FF000000000094
:104C600000002100180000000180000100190180EF
:104C70004101880000BB07FF0000000000000001A8
:104C8000801000000001801A098018418200800015
:104C900000004E53FF0000000000000001801000E3
:104CA000000001804801001883800001800000F0AE
:104CB00074FF0000000000000001850000000000FB
:104CC000000200000000002000350000BCD3FF00FF
:104CD0000000000000000188030000000000000840
:104CE000000000308000000000C895FF00000000B8
:104CF000000000004200800000010020008010023F
:104D0000848000800000DDA5FF000000000000009E
:104D100000000008000000000140000000124004F4
:104D2000120000DF8DFF00000000000000015104B0
:104D300000000001000008001000420000024000D6
:104D40009395FF00000000000000002A922200005E
:104D50000100040CA01002A08000C1000006F3FFB7
:104D60000000000000000000000000000000000241
:104D70000200000010200228C0008F42FF00000047
:104D80000000000000D418800000018038008198E5
:104D90000084000080000045C2FF00000000000009
:104DA000000000048C0000000043402000002800A8
:104DB0000008000095A3FF000000000000000001B3
:104DC0000020000000000008000002010000250093
:104DD000006C4DFF0000000000000000000000001B
:104DE0000000000000000000004000004000DED293
:104DF000FF000000000000000000000000000000B4
:104E000040010000010510570500404397FF0000D6
:104E10000000000000000000000000018038018058
:104E2000000180080180028815E8FF0000000000F2
:104E30000000000000000000000000000000000072
:104E4000000800001060B7FF000000000000000034
:104E5000000000000000000000800001052841055E
:104E600022A03E92FF0000000000000000060000AB
:104E7000000000000000000001000001000000AD83
:104E8000BFFF000000000000000000000000000064
:104E900000400000000000000000000010CAFF00F9
:104EA00000000000000000000000000000002000E2
:104EB0008000010008010000004E01FF000000001A
:104EC0000000000000000000000180000000000061
:104ED0000000000000008097FF00000000000000BC
:104EE0000000000000000180000000000000000041
:104EF0000000008097FF000000000000000000009C
:104F0000000000010018100000018418018000005A
:104F10003BD8FF0000000000000000000008000077
:104F2000008018008200018000018002001E73FFD3
:104F30000000000000000000004000000001003000
:104F4000900000018018058000008677FF000000B7
:104F50000000000000000012000000005A0284005F
:104F600001800001800000DE19FF00000000000049
:104F70000000000002000001801882000001841877
:104F800001800200CFC8FF00000000000000000008
:104F90004002000001800800800001800005A000A0
:104FA000005E8CFF00000000000000000000000018
:104FB0000001801200000001801801C0100000CA2A
:104FC000FF0000000000000000000002000001805F
:104FD00008008000018018018008003D49FF0000A2
:104FE00000000000000000000000000180100480AC
:104FF0000001801801800000FF16FF000000000083
:105000000000000202800000018012A480000180E4
:105010001801800000FA94FF00000000000000006A
:105020000420000000018010028E00418019E18000
:105030000000CFAEFF0000000000000000000008EC
:105040000000018010008000418000018000000FFE
:1050500030FF000000000000000000000800000118
:105060008018808800018018018000045CCBFF005C
:105070000000000000000000000000000100188097
:105080008000018018018000006023FF0000000004
:105090000000000000028000000080122080055106
:1050A000811801800004DACFFF000000000000003A
:1050B000000000000000000038018000018018019D
:1050C0008000005D18FF0000000000000001801853
:1050D000000000000010020005518018058000004B
:1050E000559BFF0000000000000000804800000009
:1050F00000000101000000011802000004DE42FF70
:1051000000000000000000008018000000000028DF
:1051100001000001801801800004E2D3FF000000BC
:1051200000000000008000000000000008010000F6
:10513000000018018000041AA7FF00000000000012
:1051400000008018000000018000010000018000C4
:1051500001800000A4C7FF000000000000000080E4
:105160000000000001800003000001801800000022
:1051700000AF4CFF0000000000000000801800009D
:1051800000018008010000018018000000009484E4
:10519000FF000000000000000080005000000180BF
:1051A00008414400018018100000006051FF000019
:1051B000000000000000800A8000000180000380E1
:1051C0008001805821804000A3FEFF000000000005
:1051D0000000008008000000018000010000018044
:1051E0001803800000E9C7FF000000000000000075
:1051F000801D50000001800001C5000000005180AA
:1052000000002D0AFF0000000000000000800000E8
:105210000000018008410000000018058000008F98
:10522000ACFF0000000000000000001000000000C3
:105230000000018000018000018000006E12FF006C
:105240000000000000000080042000000180002118
:10525000000001825AA1824000C5B1FF0000000099
:1052600000000000001804000000244801854001EF
:10527000804005A0C000E04DFF00000000000000DD
:10528000008004000000004008010000018018496F
:10529000C00000B989FF000000000000000000000D
:1052A00080000001A802C0000000200500000000EE
:1052B0002B58FF0000000000000000000008000064
:1052C00001860000000000000000010000B1B2FFF4
:1052D00000000000000000000000000000000000CE
:1052E0000081000084880084800023A9FF00000062
:1052F00000000000000000400000000040040640E4
:10530000000040040040004BC7FF00000000000008
:10531000000000100A0000010220000220002020EE
:105320000200200021F5FF00000000000000000046
:10533000010000000050050080000081081081007D
:10534000001FC8FF00000000000000000000000077
:10535000000000400408400000422C0040004CFEC9
:10536000FF000000000000000000180400000180A1
:10537000420C820000800804800000568FFF00006D
:10538000000000000000000000000000550049413E
:105390000001001381000000F0E0FF0000000000A9
:1053A00000000000000000000000240000200000B9
:1053B000050A000000B48FFF00000000000000009C
:1053C0000000000000002AC0040A000000003400B1
:1053D0000000139AFF000000000000000000000021
:1053E0000000004D01000100000000400000008EA0
:1053F00075FF000000000000000000000400000035
:105400000002204100000000000000006E81FF004B
:105410000000000000000000000000000044002820
:1054200020000000010000000010B3FF0000000099
:1054300000000000001800000001889940010000F1
:105440000018000000009E81FF0000000000000026
:105450000000000000000000421040400000024C2C
:10546000000000D26DFF00000000000000000010EE
:105470000000000000000002800000100000020098
:1054800025E4FF0000000000000000001000000004
:10549000010010000000000010000000000D92FF4D
:1054A00000000000000000000000000000000000FC
:1054B00000000000000000000000C0D7FF00000056
:1054C00000000000000010000000000800A0040020
:1054D000000010000002003860FF00000000000023
:1054E000000000000000000180000001000000003A
:1054F0000000000006F4FF000000000000040000AF
:10550000000200040180200200200014210200207B
:105510000086FDFF000000000000000100180000F0
:105520000001800000000000001800000000414C55
:10553000FF00000000000000000018000000000054
:1055400010000000000A1800000000F17BFF0000BE
:105550000000000002010018020002018830A200D1
:1055600020000038820020006F94FF00000000003F
:10557000000000021B20000001881D4004000051B3
:105580001A48040000CE61FF000000000000000186
:10559000309810000001810000080000041800008D
:1055A0000000FB97FF0000000000000001809880D1
:1055B0000000004412B86380000099205180008EE2
:1055C000E2FF0000000000000001001900000000E0
:1055D0000012A04000000018002000006B13FF0024
:1055E00000000000000001801C10000000551800A1
:1055F000100000101800240000305CFF00000000C4
:1056000000000001449A48000001AB080800800037
:105610000D1850130000DFEAFF000000000000003A
:10562000004C1820000001800800004000423D0AA4
:10563000084000BDFBFF0000000000000001001852
:1056400000000001C41840000000201B8050000032
:10565000A0D2FF00000000000000000118080000B8
:1056600001800A900140000518200100006581FFBB
:105670000000000000000001441D20000000088818
:1056800000400000505A0C042004B5EEFF0000005A
:1056900000000000018418000000000A1A48000001
:1056A000000018000000040904FF000000000000D2
:1056B0000001011800000000009880000000003880
:1056C000000020040E99FF0000000000000001808F
:1056D0001800000000401A800000000018000000C0
:1056E00004CAEEFF0000000000000000028000007D
:1056F0000000810C01000000001800000000061FDF
:10570000FF00000000000000000480020000002AEA
:1057100080290000000018020000047400FF00004F
:10572000000000000000000000000000D41911007B
:105730000000003800002000A7B7FF0000000000B4
:105740000000000000000000000008010000000050
:1057500018000000048E98FF000000000000000008
:10576000000002000001C10001000000001802005A
:1057700000009F51FF000000000000000005000035
:10578000000001800009000000005800004000BE39
:1057900028FF0000000000000000000000000001E1
:1057A0008C1B010000000018000000002707FF000C
:1057B00000000000000000000200000001800C0159
:1057C00000000000180000000017EBFF00000000C0
:1057D0000000000000002000000080002100000008
:1057E0000038004220009303FF000000000000008A
:1057F0000000000000800080000100000000180090
:105800002000001943FF000000000000000000001D
:105810004001000080044100000000180004000066
:10582000CBC0FF00000000000000000000000000EE
:1058300001B00221000100401800000000D4A1FFC7
:105840000000000000000000000200000001000055
:1058500001800000001800000000E721FF000000A8
:10586000000000000001800000000025020180000F
:1058700080201800000000E646FF00000000000045
:1058800000000000000000018800018000000018F6
:10589000000000005736FF0000000000000000007C
:1058A000000000000182802180000000180200003A
:1058B000005EA2FF000000000000000000000000E9
:1058C000000192000000000000000000000087902E
:1058D000FF00000000000000000000000000018048
:1058E0008090000000000002000000035FFF000045
:1058F00000000000000000000000000040040080E4
:105900000000001000000000BDBDFF00000000000E
:105910000000000000000000000000000000000087
:10592000000400000010D4FF000000000000000090
:1059300000000400000151021000000000100000EF
:105940000000537EFF000000000000000000000087
:105950000000002A80C8A00000001000000000988D
:10596000C8FF00000000000000000000040000006C
:10597000020080000000000002000000FA90FF001A
:1059800000000000000000000000000000D4024001
:1059900082000000180200000059A8FF000000006B
:1059A000000000000000000000000085002400004E
:1059B000000002000000DD2BFF00000000000000DE
:1059C00000000000000000000008000000000000CF
:1059D000000000407EFF000000000000000000000A
:1059E00000000000000000000000000000000000B7
:1059F000C0D7FF0000000000000000000000000011
:105A00000000110000100150150105000012EDFF0B
:105A10000000000000000000000000000000000086
:105A2000000000018000008000004B4CFF000000DF
:105A300000000000000000000000000000800000E6
:105A4000002802800280008AB2FF000000000000EF
:105A50000000000000000000000000000001000045
:105A600000800000CBC7FF00000000000000000025
:105A70000000000000000000000001000000000025
:105A80000041C4FF00000000000000000000000012
:105A90000000000000000000000000000000C0D76F
:105AA000FF000000000000000000000000000000F7
:105AB0000000000001000000800000CBC7FF0000D4
:105AC00000000000000000000000000000000000D6
:105AD0000000000000000000C0D7FF000000000030
:105AE00000000000000000000000000000000000B6
:105AF0000000000000C0D7FF000000000000000010
:105B00000000000000000002200000018000018071
:105B10000000F767FF000000000000000000000028
:105B2000000000000004000009800000000000C91F
:105B30009AFF0000000000000000000000000000CC
:105B40000004400000018000018000008F1FFF0062
:105B50000000000000000000000000000000000441
:105B6000000011800000000000D01AFF00000000BB
:105B70000000000000000000000000000000000124
:105B8000800001800000DF4FFF00000000000000E7
:105B90000000000000000000000000000180000084
:105BA000000000C14FFF00000000000000000000E6
:105BB00000000000000000000001800001800000E3
:105BC000DF4FFF00000000000000000000000000A8
:105BD00000000000000001800001800000DF4FFF96
:105BE00000000000000000000000000000000000B5
:105BF00000000001800001800000DF4FFF00000076
:105C00000000000000000000000000040020000070
:105C100001800001800000DC19FF0000000000008E
:105C2000000000000000000000004000001980009B
:105C300001802600179FFF00000000000000000107
:105C40000000000000000000000001800003800050
:105C500000E35BFF00000000000000000000000007
:105C60000000000000000001800001800000DF4F04
:105C7000FF00000000000000000000000000000025
:105C80000000000001800002000000694CFF0000DD
:105C90000000000000000080000000000200000082
:105CA0000001800001800000D5BAFF000000000064
:105CB0000000000000000000000000000000018063
:105CC0000001800000DF4FFF000000000000000026
:105CD00000000000000000100000100000000000A4
:105CE0002004D4ACFF000000000000000000000011
:105CF0000000000010000010000000000000001470
:105D0000B4FF0000000000000000000000000000E0
:105D1000001800001000000000000004BEACFF00EE
:105D2000000000000000000000000000000018005B
:105D30000010000000000000003EB7FF000000005F
:105D40000000000000000000000000100000100033
:105D500000000000000014B4FF000000000000007C
:105D60000000000000000000100000100000000013
:105D700000000014B4FF000000000000000000005C
:105D800000000000001800001000000000000000EB
:105D90003EB7FF000000000000000000000000000F
:105DA00000001800001040000000000000FAB4FFDE
:105DB00000000000000000000000000000000018CB
:105DC000000010000000000000003EB7FF000000CF
:105DD000000000000000000000000000180000109B
:105DE000000000000000003EB7FF000000000000BF
:105DF000000000000000000000180000104000003B
:105E000000000000FAB4FF000000000000000000E5
:105E1000000000000000180000100000000000005A
:105E2000003EB7FF0000000000000000000000007E
:105E30000000001800001800000006000000C687DF
:105E4000FF00000000000000000000000000000053
:105E500018000018102002002200002DFEFF000094
:105E60000000000000000000000000000018040016
:105E700018040001000000003AE9FF0000000000E3
:105E8000000000000000000000001800001800489A
:105E900004800480007F4FFF00000000000000002D
:105EA0000000000000000000000000000280004030
:105EB000000089D4FF000000000000000000000086
:105EC000000000000000000010000020000000D1D1
:105ED000D8FF0000000000000000000000000000EB
:105EE000000800000800000100000000EA9FFF0019
:105EF00000000000000000000000000000000000A2
:105F0000000000004000004000DED2FF0000000062
:105F1000000000000000000000000000020000027D
:105F200000000000000002DFFF0000000000000091
:105F3000000000000000000008000008001501201B
:105F40000100007293FF000000000000000000004C
:105F50000000000000000000000000400022C0001F
:105F60005C73FF0000000000000000000000000063
:105F700000001804000800004004084000F011FF71
:105F80000000000000000000000000000000001001
:105F9000000010010010010280008605FF000000D3
:105FA00000000000000000000000000000020000EF
:105FB00000000002250000AA38FF000000000000D9
:105FC000000000000000000000000400000000408D
:105FD000044040000B84FF000000000000000000AF
:105FE00000000000000000000000000000001000A1
:105FF000004194FF000000000000000000000000CD
:1060000000000000000000000000000800004074D4
:10601000FF00000000000000000000000000000081
:106020000000000000000000000000C0D7FF0000DA
:106030000000000000000000000000000018000048
:106040000000800801800000A39AFF00000000000B
:10605000000000000000000000000004000000003C
:1060600000043280009360FF000000000000000088
:10607000000000000000000800000000800881000F
:106080000000FDA0FF000000000000000000000074
:106090000000000000000000A800000100000076E1
:1060A00057FF00000000000000000000000000009A
:1060B000000000000000000000000000C0D7FF004A
:1060C00000000000000000000000000000000800C8
:1060D0000000008009010080007DEDFF000000004D
:1060E000000000000000000000000000000001505F
:1060F00000000000000085D1FF000000000000004B
:106100000000000000000000000201044200200224
:1061100000200067A4FF0000000000000000000055
:106120000000000000100001044180180180000000
:106130008D71FF0000000000000000000000000062
:10614000000010000000018000018000008B49FF6A
:10615000000000000000000000000000000000102F
:1061600002000003803803812000AA15FF00000010
:10617000000000000000000000000000100000000F
:1061800001800801800000088AFF00000000000074
:1061900000000000000000000010000000000018D7
:1061A000018000008E91FF00000000000000000050
:1061B000000000000000100000000000000180004E
:1061C000008AD1FF00000000000000000000000075
:1061D00000000010000000200018018000002C9238
:1061E000FF000000000000000000000000000000B0
:1061F000180000000180100180000026C9FF000087
:106200000000000000000000000000000018000076
:106210000401801801800000E512FF00000000006A
:1062200000000000000000000000180200000580CF
:1062300050058040002CA7FF000000000000000077
:10624000000000000000001F800000018058058051
:1062500040000B6CFF000000000000000000000088
:10626000000000001800000401801801800000E513
:1062700012FF00000000000000000000000000000D
:10628000001804000043801801800000637CFF00B8
:1062900000000000000000000000000000001800E6
:1062A000000000000A2980000003EDFF000000004C
:1062B00000000000000000000000001800000001C5
:1062C0008D18818000007D39FF0000000000000073
:1062D00000000000000000001800000001C2582962
:1062E0008000006B42FF0000000000000000000082
:1062F00000000000001350000000049A500000004D
:10630000B7B8FF000000000000000000000000001F
:1063100000001000000000091A00002000E86BFFD8
:10632000000000000000000000000000000000105D
:10633000000000001039000000001FFBFF000000FB
:10634000000000000000000000000000100000003D
:106350000040190000000090ADFF000000000000A8
:106360000000000000000000001150000000201894
:1063700000002000C1F4FF00000000000000000049
:106380000000000000001000000000051A000000DE
:10639000000867FF0000000000000000000000008F
:1063A00000000012000000004858A8000000446FE0
:1063B000FF000000000000000000000000000000DE
:1063C00010000000000018000000009091FF000085
:1063D00000000000000000000000000000100000AD
:1063E00000000058000000000E92FF0000000000B6
:1063F0000000000000000000000018000000000085
:106400001800000000BA92FF000000000000000029
:10641000000000000000001800000000001800004C
:106420000000BA92FF000000000000000000000021
:10643000000000001C00010400001800000000A97A
:10644000EAFF000000000000000000000000000063
:106450000018000000100018000000002B91FF0041
:106460000000000000000000000000000000180014
:10647000000000001800000000BA92FF00000000B9
:1064800000000000000000000000001C00010408E3
:106490000018000000002169FF000000000000005B
:1064A00000000000000000001800000000001802BA
:1064B0000000001291FF000000000000000000003A
:1064C00000000000000000000000000004000000C8
:1064D00010D4FF00000000000000000000000000D9
:1064E00000000000000000000000000000C0D7FF16
:1064F0000000000000000000000000000000000894
:10650000000000000010000000006D57FF000000B8
:10651000000000000000000000000000000000007B
:106520000000000000400040D1FF0000000000001B
:10653000000000000000000000000000000000104B
:10654000000000004754FF000000000000000000B1
:106550000000000000000C0000000000100000001F
:1065600000B854FF00000000000000000000000020
:10657000000000000000000000000000200080D4A7
:10658000FF0000000000000000000000000000000C
:1065900009F80000000018060000008F72FF0000DC
:1065A00000000000000000000000000000000000EB
:1065B0000000000000000000C0D7FF000000000045
:1065C00000000000000000000000020000000000C9
:1065D00000000000006A54FF0000000000000000FE
:1065E00000000000000000000000000000000000AB
:1065F0000000C0D7FF000000000000000000000005
:10660000000000000000000000000000000000C0CA
:10661000D7FF0000000000000000000000000000A4
:10662000000000000000000000000000C0D7FF00D4
:10663000000000000000000000000000000000005A
:10664000000000000000000000C0D7FF00000000B4
:10665000000000000000000000000000000000003A
:10666000000000000000C0D7FF0000000000000094
:10667000000000000000000000000000000000001A
:10668000000000C0D7FF0000000000000000000074
:1066900000000000000000000000000000000000FA
:1066A000C0D7FF0000000000000000000000000054
:1066B00000000000000000000000000000C0D7FF44
:1066C00000000000000000000000000000000000CA
:1066D00000000000000000000000C0D7FF00000024
:1066E00000000000000000000000000000000000AA
:1066F00000000000000000C0D7FF00000000000004
:106700000000000000000000000000000010000079
:106710000000000051D4FF00000000000000000055
:106720000000000000000000000000000000000069
:1067300000C0D7FF000000000000000000000000C3
:106740000000000000000000000000000000C0D7B2
:10675000FF0000000000000000000000000000003A
:106760000000000000000000000000C0D7FF000093
:106770000000000000000000000000000000000019
:1067800000080000000000004854FF000000000066
:1067900000000000000000000000000000000000F9
:1067A0000000000000C0D7FF000000000000000053
:1067B00000000000000000000000000000000000D9
:1067C0000000C0D7FF000000000000000000000033
:1067D000000000000000000000000000000000C0F9
:1067E000D7FF0000000000000000000000000000D3
:1067F000000000000000000000000000C0D7FF0003
:106800000000000000000000000000000000000088
:10681000000000000000000000C0D7FF00000000E2
:106820000000000000000000000000000018000050
:1068300000000000000095D7FF00000000000000ED
:106840000000000000000000000000000000000048
:10685000000000C0D7FF00000000000000000000A2
:106860000000000000000000000000000000000028
:10687000C0D7FF0000000000000000000000000082
:1068800000000000000000000000000000C0D7FF72
:1068900000000000000000000000000000000000F8
:1068A00000000000000000000000C0D7FF00000052
:1068B00000000000000000000000000000000000D8
:1068C00000000000000000C0D7FF00000000000032
:1068D00000000000000000000000000000000000B8
:1068E00000000000C0D7FF00000000000000000012
:1068F0000000000000000000000000000000000098
:1069000000C0D7FF000000000000000000000000F1
:106910000000000000000000000000000000C0D7E0
:10692000FF00000000000000000000000000000068
:106930000000000000000000000000C0D7FF0000C1
:106940000000000000000000000000000000000047
:106950000000000000000000C0D7FF0000000000A1
:106960000000000000000000000000000000000027
:106970000000000000C0D7FF000000000000000081
:106980000000000000000000000000000000000007
:106990000000C0D7FF000000000000000000000061
:1069A000000000000000000000000000000000C027
:1069B000D7FF000000000000000000000000000001
:1069C000000000000000000000000000C0D7FF0031
:1069D00000000000000000000000000000000000B7
:1069E000000000000000000000C0D7FF0000000011
:1069F0000000000000000000000000000000000097
:106A0000000000000000C0D7FF00000000000000F0
:106A10000000000000000000000000000000000076
:106A2000000000C0D7FF00000000000000000000D0
:106A30000000000000000000000000000000000056
:106A4000C0D7FF00000000000000000000000000B0
:106A500000000000000000000000000000C0D7FFA0
:106A60000000000000000000000000000000000026
:106A700000000000000000000000C0D7FF00000080
:106A80000000000000000000000000000000000006
:106A900000000000000000C0D7FF00000000000060
:106AA00000000000000000000000000000000000E6
:106AB00000000000C0D7FF00000000000000000040
:106AC00000000000000000000000000000000000C6
:106AD00000C0D7FF00000000000000000000000020
:106AE0000000000000000000000000000000C0D70F
:106AF000FF00000000000000000000000000000097
:106B00000000000000000000000000C0D7FF0000EF
:106B10000000000000000000000000000000000075
:106B20000000000000000000C0D7FF0000000000CF
:106B30000000000000000000000000000000000055
:106B40000000000000C0D7FF0000000000000000AF
:106B50000000000000000000000000000000000035
:106B60000000C0D7FF00000000000000000000008F
:106B7000000000000000000000000000000000C055
:106B8000D7FF00000000000000000000000000002F
:106B9000000000000000000000000000C0D7FF005F
:106BA00000000000000000000000000000000000E5
:106BB000000000000000000000C0D7FF000000003F
:106BC00000000000000000000000000000000000C5
:106BD000000000000000C0D7FF000000000000001F
:106BE00000000000000000000000000000000000A5
:106BF000000000C0D7FF00000000000000000000FF
:106C00000000000000000000000000000000000084
:106C1000C0D7FF00000000000000000000000000DE
:106C200000000000000000000000000000C0D7FFCE
:106C30000000000000000000000000000000000054
:106C400000000000000000000000C0D7FF000000AE
:106C50000000000000000000000000000000000034
:106C600000000000000000C0D7FF0000000000008E
:106C70000000000000000000000000000000000014
:106C800000000000C0D7FF0000000000000000006E
:106C900000000000000000000000000000000000F4
:106CA00000C0D7FF0000000000000000000000004E
:106CB0000000000000000000000000000000C0D73D
:106CC000FF000000000000000000000000000000C5
:106CD0000000000000000000000000C0D7FF00001E
:106CE00000000000000000000000000000000000A4
:106CF0000000000000000000C0D7FF0000000000FE
:106D00000000000000000000000000000000000083
:106D10000000000000C0D7FF0000000000000000DD
:106D200000000000000000008000000000000000E3
:106D300000004A74FF000000000000000000000096
:106D400000000000010000000000000000000055ED
:106D500094FF0000000000000000000000000000A0
:106D6000000000000000000000000000C0D7FF008D
:106D70000000000000000000000000000000000013
:106D8000000000000000000000C0D7FF000000006D
:106D900000000000000000000000000000000000F3
:106DA000000000000000C0D7FF000000000000004D
:106DB00000000000000000000000000000000000D3
:106DC000000000C0D7FF000000000000000000002D
:106DD00000000000000000000000000000000000B3
:106DE000C0D7FF000000000000000000000000000D
:106DF00000000000000000000000000000C0D7FFFD
:106E00000000000000000000000000000000000082
:106E100000000000000000000000C0D7FF000000DC
:106E20000000000000000000000000000000000062
:106E300000000000000000C0D7FF000000000000BC
:106E40000000000000000000000000000000000042
:106E500000000000C0D7FF0000000000000000009C
:106E60000000000000000000000000000000000022
:106E700000C0D7FF0000000000000000000000007C
:106E80000000000000000000000000000000C0D76B
:106E9000FF000000000000000000000000000000F3
:106EA0000000000000000000000000C0D7FF00004C
:106EB00000000000000000000000000000000000D2
:106EC0000000000000000000C0D7FF00000000002C
:106ED00000000000000000000000000000000000B2
:106EE0000000000000C0D7FF00000000000000000C
:106EF0000000000000000000000000000000000092
:106F00000000C0D7FF0000000000000000000000EB
:106F1000000000000000000000000000000000C0B1
:106F2000D7FF00000000000000000000000000008B
:106F3000000000000000000000000000C0D7FF00BB
:106F40000000000000000000000000000000000041
:106F5000000000000000000000C0D7FF000000009B
:106F60000000000000000000000000000000000021
:106F7000000000000000C0D7FF000000000000007B
:106F80000000000000000000000000000000000001
:106F9000000000C0D7FF000000000000000000005B
:106FA00000000000000000000000000000000000E1
:106FB000C0D7FF000000000000000000000000003B
:106FC00000000000000000000000000000C0D7FF2B
:106FD00000000000000000000000000000000000B1
:106FE00000000000000000000000C0D7FF0000000B
:106FF0000000000000000000000000000000000091
:1070000000000000000000C0D7FF000000000000EA
:107010000000000000000000000000000000000070
:1070200000000000C0D7FF000000000000000000CA
:107030000000000000000000000000000000000050
:1070400000C0D7FF000000000000000000000000AA
:107050000000000000000000000000000000C0D799
:10706000FF00000000000000000000000000000021
:107070000000000000000000000000C0D7FF00007A
:107080000000000000000000000000000000000000
:107090000000000000000000C0D7FF00000000005A
:1070A00000000000000000000000000000000000E0
:1070B0000000000000C0D7FF00000000000000003A
:1070C00000000000000000000000000000000000C0
:1070D0000000C0D7FF00000000000000000000001A
:1070E000000000000000000000000000000000C0E0
:1070F000D7FF0000000000000000000000000000BA
:10710000000000000000000000000000C0D7FF00E9
:10711000000000000000000000000000000000006F
:10712000000000000000000000C0D7FF00000000C9
:10713000000000000000000000000000000000004F
:10714000000000000000C0D7FF00000000000000A9
:10715000000000000000000000000000000000002F
:10716000000000C0D7FF0000000000000000000089
:10717000000000000000000000000000000000000F
:10718000C0D7FF0000000000000000000000000069
:1071900000000000000000000000000000C0D7FF59
:1071A00000000000000000000000000000000000DF
:1071B00000000000000000000000C0D7FF00000039
:1071C00000000000000000000000000000000000BF
:1071D00000000000000000C0D7FF00000000000019
:1071E000000000000000000000000000000000009F
:1071F00000000000C0D7FF000000000000000000F9
:10720000000000000000000000000000000000007E
:1072100000C0D7FF000000000000000000000000D8
:1072200000000002000000000000000000006A549E
:10723000FF0000000000000000000000000000004F
:107240000000000000000000000000C0D7FF0000A8
:10725000000000000000000000000000000200002C
:1072600000000000000000006A54FF000000000061
:10727000000000000000000000000000000000000E
:107280000000000000C0D7FF000000000000000068
:1072900000000000000000000000000000000000EE
:1072A0000000C0D7FF000000000000000000000048
:1072B000000000000000000000000000000000C00E
:1072C000D7FF0000000000000000000000000000E8
:1072D000000000000000000000000000C0D7FF0018
:1072E000000000000000000000000000000000009E
:1072F000000000000000000000C0D7FF00000000F8
:10730000000000000000000000000000000000007D
:10731000000000000000C0D7FF00000000000000D7
:10732000000000000000000000000000000000005D
:10733000000000C0D7FF00000000000000000000B7
:10734000000000000000000000000000000000003D
:10735000C0D7FF0000000000000000000000000097
:1073600000000000000000000000000000C0D7FF87
:10737000000000000000000000000000000000000D
:1073800000000000000000000000C0D7FF00000067
:1073900000000000000000000000000000000000ED
:1073A00000000000000000C0D7FF00000000000047
:1073B00000000000000000000000000000000000CD
:1073C00000000000C0D7FF00000000000000000027
:1073D00000000000000000000000000000000000AD
:1073E00000C0D7FF00000000000000000000000007
:1073F0000000000000000000000000000000C0D7F6
:10740000FF0000000000000000000000000000007D
:107410000000000000000000000000C0D7FF0000D6
:10742000000000000000000000000000000000005C
:107430000000000000000000C0D7FF0000000000B6
:10744000000000000000000000000000000000003C
:107450000000000000C0D7FF000000000000000096
:10746000000000000000000000000000000000001C
:107470000000C0D7FF000000000000000000000076
:10748000000000000000000000000000000000C03C
:10749000D7FF000000000000000000000000000016
:1074A000000000000000000000000000C0D7FF0046
:1074B00000000000000000000000000000000000CC
:1074C000000000000000000000C0D7FF0000000026
:1074D00000000000000000000000000000000000AC
:1074E000000000000000C0D7FF0000000000000006
:1074F000000000000000000000000000000000008C
:10750000000000C0D7FF00000000000000000000E5
:10751000000000000000000000000000000000006B
:10752000C0D7FF00000000000000000000000000C5
:1075300000000000000000000000000000C0D7FFB5
:10754000000000000000000000000000000000003B
:1075500000000000000000000000C0D7FF00000095
:10756000000000000000000000000000000000001B
:1075700000000000000000C0D7FF00000000000075
:1075800000000000000000000000000000000000FB
:1075900000000000C0D7FF00000000000000000055
:1075A00000000000000000000000000000000000DB
:1075B00000C0D7FF00000000000000000000000035
:1075C0000000000000000000000000000000C0D724
:1075D000FF000000000000000000000000000000AC
:1075E0000000000000000000000000C0D7FF000005
:1075F000000000000000000000000000000000008B
:107600000000000000000000C0D7FF0000000000E4
:10761000000000000000000000000000000000006A
:107620000000000000C0D7FF0000000000000000C4
:10763000000000000000000000000000000000004A
:107640000000C0D7FF0000000000000000000000A4
:10765000000000000000000000000000000000C06A
:10766000D7FF000000000000000000000000000044
:10767000000000000000000000000000C0D7FF0074
:1076800000000000000000000000000000000000FA
:10769000000000000000000000C0D7FF0000000054
:1076A00000000000000000000000000000000000DA
:1076B000000000000000C0D7FF0000000000000034
:1076C00000000000000000000000000000000000BA
:1076D000000000C0D7FF0000000000000000000014
:1076E000000000000000000000000000000000009A
:1076F000C0D7FF00000000000000000000000000F4
:1077000000000000000000000000000000C0D7FFE3
:107710000000000000000000000000000000000069
:1077200000000000000000000000C0D7FF000000C3
:107730000000000000000000000000000000000049
:1077400000000000000000C0D7FF000000000000A3
:107750000000000000000000000000000000000029
:1077600000000000C0D7FF00000000000000000083
:107770000000000000000000000000000000000009
:1077800000C0D7FF00000000000000000000000063
:107790000000000000000000000000000000C0D752
:1077A000FF000000000000000000000000000000DA
:1077B0000000000000000000000000C0D7FF000033
:1077C00000000000000000000000000000000000B9
:1077D0000000000000000000C0D7FF000000000013
:1077E0000000000000000000000000000000000099
:1077F0000000000000C0D7FF0000000000000000F3
:107800000000000000000000000000000000000078
:107810000000C0D7FF0000000000000000000000D2
:10782000000000000000000000000000000000C098
:10783000D7FF000000000000000000000000000072
:10784000000000000000000000000000C0D7FF00A2
:107850000000000000000000000000000000000028
:10786000000000000000000000C0D7FF0000000082
:107870000000000000000000000000000000000008
:10788000000000000000C0D7FF0000000000000062
:1078900000000000000000000000000000000000E8
:1078A000000000C0D7FF0000000000000000000042
:1078B00000000000000000000000000000000000C8
:1078C000C0D7FF0000000000000000000000000022
:1078D00000000000000000000000000000C0D7FF12
:1078E0000000000000000000000000000000000098
:1078F00000000000000000000000C0D7FF000000F2
:107900000000000000000000000000000000000077
:1079100000000000000000C0D7FF000000000000D1
:107920000000000000000000000000000000000057
:1079300000000000C0D7FF000000000000000000B1
:107940000000000000000000000000000000000037
:1079500000C0D7FF00000000000000000000000091
:107960000000000000000000000000000000C0D780
:10797000FF00000000000000000000000000000008
:107980000000000000000000000000C0D7FF000061
:1079900000000000000000000000000000000000E7
:1079A0000000000000000000C0D7FF000000000041
:1079B00000000000000000000000000000000000C7
:1079C0000000000000C0D7FF000000000000000021
:1079D00000000000000000000000000000000000A7
:1079E0000000C0D7FF000000000000000000000001
:1079F000000000000000000000000000000000C0C7
:107A0000D7FF0000000000000000000000000000A0
:107A1000000000000000000000000000C0D7FF00D0
:107A20000000000000000000000000000000000056
:107A3000000000000000000000C0D7FF00000000B0
:107A40000000000000000000000000000000000036
:107A5000000000000000C0D7FF0000000000000090
:107A60000000000000000000000000000000000016
:107A7000000000C0D7FF0000000000000000000070
:107A800000000000000000000000000000000000F6
:107A9000C0D7FF0000000000000000000000000050
:107AA00000000000000000000000000000C0D7FF40
:107AB00000000000000000000000000000000000C6
:107AC00000000000000000000000C0D7FF00000020
:107AD00000000000000000000000000000000000A6
:107AE00000000000000000C0D7FF00000000000000
:107AF0000000000000000000000000000000000086
:107B000000000000C0D7FF000000000000000000DF
:107B10000000000000000000000000000000000065
:107B200000C0D7FF000000000000000000000000BF
:107B30000000000000000000000000000000C0D7AE
:107B4000FF00000000000000000000000000000036
:107B50000000000000000000000000C0D7FF00008F
:107B60000000000000000000000000000000000015
:107B70000000000000000000C0D7FF00000000006F
:107B800000000000000000000000000000000000F5
:107B90000000000000C0D7FF00000000000000004F
:107BA00000000000000000000000000000000000D5
:107BB0000000C0D7FF00000000000000000000002F
:107BC000000000000000000000000000000000C0F5
:107BD000D7FF0000000000000000000000000000CF
:107BE000000000000000000000000000C0D7FF00FF
:107BF0000000000000000000000000000000000085
:107C0000000000000000000000C0D7FF00000000DE
:107C10000000000000000000000000000000000064
:107C2000000000000000C0D7FF00000000000000BE
:107C30000000000000000000000000000000000044
:107C4000000000C0D7FF000000000000000000009E
:107C50000000000000000000000000000000000024
:107C6000C0D7FF000000000000000000000000007E
:107C700000000000000000000000000000C0D7FF6E
:107C800000000000000000000000000000000000F4
:107C900000000000000000000000C0D7FF0000004E
:107CA00000000000000000000000000000000000D4
:107CB00000000000000000C0D7FF0000000000002E
:107CC00000000000000000000000000000000000B4
:107CD00000000000C0D7FF0000000000000000000E
:107CE0000000000000000000000000000000000094
:107CF00000C0D7FF000000000000000000000000EE
:107D00000000000000000000000000000000C0D7DC
:107D1000FF00000000000000000000000000000064
:107D20000000000000000000000000C0D7FF0000BD
:107D30000000000000000000000000000000000043
:107D40000000000000000000C0D7FF00000000009D
:107D50000000000000000000000000000000000023
:107D60000000000000C0D7FF00000000000000007D
:107D70000000000000000000000000000000000003
:107D80000000C0D7FF00000000000000000000005D
:107D9000000000000000000000000000000000C023
:107DA000D7FF0000000000000000000000000000FD
:107DB000000000000000000000000000C0D7FF002D
:107DC00000000000000000000000000000000000B3
:107DD000000000000000000000C0D7FF00002000ED
:107DE000200200200200200200000200200000000B
:107DF000000000000000392FFF000000000000001C
:107E00000000000000000000000000000000000072
:107E1000000000C0D7FF002022802A06A06A06A02A
:107E20006A06A06206A02A02A02A0080080080003C
:107E30001866FF002002002802802806804804807F
:107E400040048048040048000000000040B925FFBD
:107E50000020000020008048042042002000002074
:107E6000020020020020020020007B5BFF000000D7
:107E7000000000A04A04A04A04A04804A0820020F8
:107E800002002000000040B4EAFFFFFFFFFFC280B5
:107E900000000000000088885E000000FFFFFFFF78
:00000001FF
